usage_id,account_id,event_date,feature_name,events_count,active_users
1,13,2023-05-07,code_assist,7,12
2,51,2023-03-25,code_assist,6,37
3,495,2023-01-29,data_insights,5,33
4,64,2023-02-28,dashboard_export,6,40
5,425,2023-06-10,code_assist,5,27
6,397,2023-06-10,dashboard_export,4,18
7,319,2023-02-10,dashboard_export,3,29
8,294,2023-01-19,data_insights,2,35
9,467,2023-05-08,dashboard_export,2,38
10,257,2023-03-17,code_assist,5,4
11,234,2023-06-23,code_assist,7,18
12,81,2023-05-19,chat_completion,7,35
13,434,2023-02-26,code_assist,2,35
14,205,2023-04-12,code_assist,10,7
15,273,2023-03-06,dashboard_export,8,24
16,251,2023-04-02,chat_completion,8,24
17,416,2023-04-06,chat_completion,9,10
18,21,2023-02-07,data_insights,4,47
19,358,2023-05-15,data_insights,6,4
20,500,2023-05-10,chat_completion,7,13
21,37,2023-03-30,dashboard_export,5,26
22,42,2023-02-17,chat_completion,9,25
23,244,2023-03-10,dashboard_export,4,17
24,15,2023-02-22,chat_completion,6,3
25,343,2023-01-25,chat_completion,5,5
26,77,2023-01-14,chat_completion,4,50
27,153,2023-04-21,data_insights,9,36
28,199,2023-05-13,dashboard_export,3,37
29,252,2023-04-19,chat_completion,5,8
30,173,2023-05-24,chat_completion,6,46
31,24,2023-05-31,data_insights,6,6
32,181,2023-04-29,dashboard_export,5,17
33,270,2023-05-30,code_assist,6,30
34,493,2023-04-13,data_insights,8,15
35,53,2023-02-11,code_assist,4,29
36,45,2023-02-22,data_insights,6,34
37,139,2023-05-01,code_assist,7,46
38,217,2023-03-02,code_assist,8,13
39,11,2023-01-17,code_assist,6,15
40,62,2023-05-25,chat_completion,5,33
41,303,2023-06-06,chat_completion,6,1
42,111,2023-03-17,dashboard_export,6,1
43,33,2023-02-28,dashboard_export,4,20
44,140,2023-05-02,chat_completion,7,28
45,481,2023-01-05,dashboard_export,7,28
46,409,2023-01-29,code_assist,1,25
47,210,2023-02-17,chat_completion,7,16
48,314,2023-05-26,dashboard_export,6,15
49,251,2023-05-12,chat_completion,7,50
50,499,2023-02-28,dashboard_export,6,47
51,17,2023-03-18,chat_completion,8,9
52,117,2023-06-16,chat_completion,6,7
53,474,2023-01-29,code_assist,4,11
54,55,2023-05-14,code_assist,6,8
55,108,2023-06-24,code_assist,2,26
56,469,2023-01-02,chat_completion,7,35
57,393,2023-06-25,chat_completion,2,13
58,171,2023-01-25,dashboard_export,4,24
59,174,2023-02-06,chat_completion,1,48
60,23,2023-05-21,chat_completion,2,5
61,251,2023-06-24,data_insights,4,47
62,37,2023-04-23,code_assist,3,9
63,149,2023-02-24,chat_completion,5,41
64,91,2023-01-30,dashboard_export,5,39
65,183,2023-05-06,dashboard_export,7,41
66,198,2023-03-28,code_assist,5,50
67,380,2023-06-27,data_insights,3,30
68,169,2023-01-07,code_assist,3,47
69,227,2023-05-27,data_insights,0,41
70,85,2023-01-19,code_assist,1,22
71,58,2023-01-30,dashboard_export,9,46
72,489,2023-03-09,chat_completion,3,45
73,447,2023-06-22,data_insights,3,36
74,415,2023-01-29,code_assist,5,38
75,142,2023-05-15,code_assist,5,29
76,434,2023-06-14,code_assist,1,8
77,282,2023-01-23,chat_completion,4,35
78,78,2023-02-04,chat_completion,7,42
79,358,2023-01-11,chat_completion,2,28
80,343,2023-05-12,data_insights,6,33
81,182,2023-06-20,dashboard_export,3,38
82,158,2023-05-24,data_insights,4,48
83,260,2023-05-24,dashboard_export,5,13
84,344,2023-04-04,chat_completion,3,12
85,420,2023-03-12,chat_completion,2,30
86,258,2023-06-14,code_assist,2,36
87,287,2023-01-20,dashboard_export,7,45
88,332,2023-05-19,chat_completion,6,26
89,239,2023-04-09,chat_completion,6,2
90,463,2023-06-10,data_insights,4,33
91,339,2023-04-05,code_assist,3,19
92,383,2023-04-21,code_assist,8,13
93,185,2023-04-16,code_assist,2,18
94,105,2023-02-19,data_insights,4,13
95,338,2023-02-17,chat_completion,4,6
96,485,2023-01-20,dashboard_export,6,20
97,50,2023-04-11,chat_completion,6,31
98,280,2023-06-13,chat_completion,2,36
99,340,2023-04-24,data_insights,4,48
100,367,2023-05-30,chat_completion,1,25
101,370,2023-02-21,code_assist,6,45
102,170,2023-01-08,code_assist,3,4
103,433,2023-04-11,data_insights,6,33
104,221,2023-06-18,data_insights,6,42
105,221,2023-04-05,chat_completion,3,47
106,36,2023-02-06,chat_completion,7,40
107,115,2023-06-05,dashboard_export,8,18
108,326,2023-06-14,data_insights,8,19
109,257,2023-01-29,dashboard_export,7,33
110,298,2023-01-20,data_insights,2,22
111,24,2023-06-01,chat_completion,0,32
112,386,2023-02-26,data_insights,7,28
113,101,2023-01-14,code_assist,4,12
114,409,2023-04-13,code_assist,4,38
115,280,2023-02-10,code_assist,6,8
116,173,2023-05-27,data_insights,7,8
117,95,2023-02-18,data_insights,5,11
118,455,2023-03-10,code_assist,5,2
119,229,2023-05-07,code_assist,6,48
120,75,2023-03-27,chat_completion,2,11
121,242,2023-03-13,data_insights,7,3
122,402,2023-04-13,data_insights,5,49
123,108,2023-01-14,data_insights,6,27
124,114,2023-04-08,data_insights,5,42
125,265,2023-03-21,chat_completion,10,19
126,241,2023-02-19,code_assist,2,7
127,419,2023-05-12,code_assist,-1,17
128,150,2023-04-22,dashboard_export,5,20
129,117,2023-01-05,code_assist,2,12
130,248,2023-04-06,data_insights,8,43
131,497,2023-04-29,data_insights,7,37
132,184,2023-01-11,data_insights,2,23
133,235,2023-05-21,chat_completion,3,47
134,108,2023-02-20,dashboard_export,8,4
135,457,2023-06-15,data_insights,5,40
136,256,2023-04-19,data_insights,5,44
137,130,2023-05-02,data_insights,7,40
138,85,2023-04-30,dashboard_export,6,21
139,498,2023-03-17,chat_completion,5,23
140,287,2023-01-19,data_insights,3,23
141,255,2023-01-17,dashboard_export,4,40
142,216,2023-05-02,data_insights,6,29
143,46,2023-01-10,code_assist,6,32
144,125,2023-06-23,chat_completion,3,15
145,155,2023-03-14,chat_completion,6,49
146,213,2023-03-10,dashboard_export,2,6
147,274,2023-04-05,code_assist,3,27
148,155,2023-03-16,chat_completion,5,38
149,373,2023-02-17,code_assist,3,32
150,323,2023-03-02,code_assist,4,39
151,297,2023-03-22,chat_completion,2,2
152,349,2023-06-15,data_insights,2,29
153,247,2023-03-07,data_insights,7,17
154,122,2023-03-21,code_assist,9,29
155,251,2023-06-17,dashboard_export,6,22
156,142,2023-02-27,chat_completion,3,46
157,177,2023-04-08,data_insights,2,38
158,9,2023-05-08,data_insights,6,23
159,410,2023-04-21,chat_completion,6,14
160,474,2023-01-02,chat_completion,3,49
161,439,2023-02-10,dashboard_export,3,19
162,38,2023-01-15,data_insights,4,3
163,389,2023-05-17,chat_completion,6,43
164,336,2023-01-02,code_assist,9,44
165,191,2023-01-11,code_assist,5,18
166,258,2023-02-14,chat_completion,4,32
167,285,2023-02-06,code_assist,5,15
168,327,2023-04-20,dashboard_export,7,3
169,260,2023-06-18,chat_completion,4,26
170,180,2023-02-23,chat_completion,6,14
171,211,2023-06-01,dashboard_export,7,2
172,397,2023-04-29,chat_completion,3,33
173,179,2023-05-11,dashboard_export,5,23
174,110,2023-06-18,code_assist,6,33
175,232,2023-06-07,data_insights,4,33
176,311,2023-03-21,dashboard_export,3,11
177,485,2023-02-10,dashboard_export,7,41
178,441,2023-03-06,chat_completion,2,41
179,28,2023-05-29,dashboard_export,3,38
180,491,2023-01-10,chat_completion,5,49
181,253,2023-03-24,dashboard_export,7,28
182,383,2023-02-19,data_insights,6,48
183,450,2023-05-16,code_assist,5,48
184,55,2023-04-04,dashboard_export,5,39
185,155,2023-06-07,chat_completion,5,14
186,244,2023-04-29,chat_completion,5,9
187,218,2023-01-18,chat_completion,3,6
188,35,2023-06-21,data_insights,4,29
189,453,2023-04-07,dashboard_export,5,31
190,372,2023-02-26,dashboard_export,8,45
191,500,2023-05-27,data_insights,4,41
192,411,2023-02-15,chat_completion,2,4
193,201,2023-04-11,dashboard_export,4,15
194,75,2023-05-12,data_insights,6,33
195,401,2023-05-27,code_assist,7,37
196,126,2023-03-22,code_assist,8,21
197,82,2023-04-23,code_assist,4,23
198,238,2023-04-12,dashboard_export,6,22
199,280,2023-05-13,chat_completion,10,29
200,455,2023-01-22,code_assist,3,10
201,288,2023-03-26,dashboard_export,6,45
202,112,2023-01-02,code_assist,6,25
203,369,2023-05-19,data_insights,6,18
204,453,2023-03-14,chat_completion,4,33
205,43,2023-05-01,dashboard_export,6,26
206,440,2023-04-15,code_assist,2,20
207,400,2023-04-02,code_assist,3,44
208,350,2023-01-04,dashboard_export,6,12
209,300,2023-04-12,code_assist,7,46
210,104,2023-05-04,data_insights,3,20
211,274,2023-01-06,code_assist,4,19
212,229,2023-01-18,code_assist,4,29
213,139,2023-05-21,data_insights,3,16
214,72,2023-02-10,data_insights,7,28
215,10,2023-02-18,dashboard_export,4,40
216,289,2023-02-22,dashboard_export,8,36
217,82,2023-02-05,dashboard_export,6,21
218,92,2023-02-09,data_insights,4,43
219,453,2023-04-30,chat_completion,2,41
220,51,2023-01-24,chat_completion,5,25
221,500,2023-01-25,chat_completion,1,35
222,447,2023-03-21,data_insights,4,18
223,210,2023-05-09,data_insights,4,42
224,476,2023-02-03,chat_completion,5,25
225,230,2023-03-29,dashboard_export,4,19
226,394,2023-01-29,data_insights,6,35
227,303,2023-04-13,chat_completion,5,19
228,401,2023-03-07,dashboard_export,4,7
229,254,2023-04-25,data_insights,4,22
230,475,2023-06-16,chat_completion,8,20
231,1,2023-04-13,chat_completion,3,22
232,5,2023-01-18,data_insights,6,42
233,138,2023-04-23,data_insights,4,28
234,153,2023-03-11,code_assist,4,34
235,439,2023-02-01,code_assist,7,5
236,52,2023-02-25,data_insights,9,39
237,47,2023-06-02,code_assist,4,23
238,338,2023-04-14,chat_completion,3,32
239,358,2023-03-22,data_insights,2,49
240,436,2023-04-11,code_assist,6,48
241,140,2023-05-29,code_assist,7,34
242,421,2023-03-08,code_assist,6,1
243,340,2023-03-31,dashboard_export,2,30
244,114,2023-03-22,code_assist,3,43
245,17,2023-06-06,data_insights,5,3
246,393,2023-01-27,chat_completion,5,15
247,65,2023-06-13,dashboard_export,4,45
248,223,2023-03-18,code_assist,5,49
249,105,2023-06-02,data_insights,6,20
250,166,2023-05-08,chat_completion,10,33
251,500,2023-06-07,chat_completion,7,43
252,281,2023-05-07,chat_completion,7,50
253,441,2023-04-22,chat_completion,7,32
254,364,2023-04-10,code_assist,8,15
255,327,2023-02-04,data_insights,5,37
256,307,2023-02-23,dashboard_export,6,7
257,270,2023-03-30,chat_completion,2,37
258,190,2023-01-14,code_assist,4,24
259,451,2023-05-22,chat_completion,3,21
260,374,2023-03-20,dashboard_export,9,18
261,320,2023-05-05,data_insights,5,13
262,347,2023-06-06,code_assist,3,46
263,202,2023-02-18,data_insights,5,50
264,423,2023-05-10,code_assist,7,6
265,307,2023-06-27,data_insights,4,31
266,326,2023-06-27,code_assist,4,43
267,458,2023-06-07,data_insights,8,29
268,138,2023-02-21,chat_completion,4,45
269,389,2023-04-22,chat_completion,3,34
270,227,2023-01-01,dashboard_export,6,22
271,210,2023-02-24,data_insights,4,23
272,444,2023-04-25,chat_completion,4,22
273,217,2023-04-04,code_assist,5,33
274,411,2023-01-26,chat_completion,6,23
275,189,2023-03-09,dashboard_export,4,42
276,210,2023-04-12,code_assist,4,40
277,186,2023-06-03,dashboard_export,4,19
278,153,2023-01-11,dashboard_export,4,34
279,134,2023-03-31,code_assist,4,27
280,112,2023-05-28,dashboard_export,5,3
281,173,2023-06-20,chat_completion,5,12
282,485,2023-05-23,code_assist,4,22
283,496,2023-01-20,dashboard_export,6,39
284,479,2023-05-02,data_insights,2,39
285,68,2023-06-27,chat_completion,4,3
286,249,2023-05-09,data_insights,2,28
287,173,2023-06-19,dashboard_export,3,35
288,324,2023-04-29,data_insights,5,17
289,387,2023-06-12,code_assist,6,21
290,423,2023-06-27,dashboard_export,5,37
291,79,2023-03-11,code_assist,1,1
292,312,2023-04-05,dashboard_export,3,23
293,91,2023-04-12,data_insights,9,49
294,59,2023-01-23,code_assist,3,38
295,283,2023-01-25,data_insights,4,23
296,300,2023-03-24,code_assist,1,31
297,140,2023-05-12,code_assist,1,50
298,108,2023-01-09,data_insights,9,34
299,11,2023-04-01,code_assist,7,15
300,408,2023-03-18,dashboard_export,5,49
301,297,2023-04-09,dashboard_export,7,5
302,381,2023-03-19,chat_completion,4,44
303,177,2023-03-06,data_insights,3,35
304,35,2023-02-06,code_assist,3,15
305,169,2023-05-09,data_insights,2,30
306,141,2023-04-02,dashboard_export,7,45
307,200,2023-06-08,dashboard_export,5,7
308,20,2023-06-21,chat_completion,8,28
309,458,2023-01-21,dashboard_export,2,38
310,183,2023-05-14,dashboard_export,7,40
311,412,2023-02-08,code_assist,9,6
312,206,2023-01-23,data_insights,5,14
313,241,2023-04-20,code_assist,4,31
314,488,2023-02-02,dashboard_export,4,38
315,465,2023-02-20,code_assist,3,17
316,443,2023-04-16,chat_completion,3,13
317,476,2023-04-12,dashboard_export,7,34
318,37,2023-01-20,data_insights,5,37
319,432,2023-02-19,data_insights,3,15
320,321,2023-02-05,code_assist,5,37
321,383,2023-02-22,chat_completion,3,47
322,334,2023-03-18,data_insights,4,27
323,320,2023-03-27,data_insights,2,43
324,158,2023-02-24,code_assist,6,13
325,479,2023-03-27,data_insights,2,30
326,479,2023-04-30,code_assist,5,41
327,90,2023-04-13,dashboard_export,1,36
328,166,2023-03-17,chat_completion,3,17
329,218,2023-02-20,data_insights,4,42
330,116,2023-05-10,dashboard_export,2,2
331,69,2023-04-30,chat_completion,2,20
332,327,2023-02-11,chat_completion,3,39
333,419,2023-05-20,data_insights,3,39
334,264,2023-06-01,code_assist,6,3
335,385,2023-04-13,code_assist,8,29
336,308,2023-01-07,dashboard_export,8,1
337,123,2023-02-20,dashboard_export,4,34
338,59,2023-05-17,data_insights,7,23
339,408,2023-05-14,code_assist,4,26
340,427,2023-03-14,data_insights,1,23
341,238,2023-03-20,code_assist,5,28
342,386,2023-01-22,dashboard_export,4,15
343,157,2023-04-11,code_assist,6,36
344,63,2023-05-27,dashboard_export,9,8
345,177,2023-03-24,code_assist,7,45
346,140,2023-04-22,dashboard_export,7,26
347,137,2023-01-23,dashboard_export,6,33
348,353,2023-05-11,dashboard_export,5,15
349,387,2023-02-19,code_assist,6,30
350,43,2023-01-11,data_insights,3,39
351,56,2023-02-13,chat_completion,5,44
352,449,2023-04-10,chat_completion,6,49
353,299,2023-04-11,data_insights,4,22
354,12,2023-03-03,code_assist,6,46
355,345,2023-03-12,dashboard_export,2,20
356,499,2023-03-29,code_assist,7,45
357,326,2023-05-14,code_assist,2,3
358,272,2023-06-14,dashboard_export,5,23
359,96,2023-02-18,dashboard_export,5,34
360,344,2023-04-07,data_insights,11,27
361,20,2023-02-26,code_assist,1,39
362,42,2023-01-17,code_assist,6,24
363,482,2023-06-08,chat_completion,8,10
364,196,2023-01-01,dashboard_export,8,1
365,95,2023-03-22,chat_completion,5,4
366,405,2023-01-23,code_assist,5,42
367,456,2023-03-22,chat_completion,2,47
368,19,2023-04-13,chat_completion,3,40
369,85,2023-03-06,data_insights,3,34
370,228,2023-06-10,dashboard_export,4,40
371,349,2023-03-07,data_insights,5,28
372,351,2023-03-23,data_insights,9,44
373,416,2023-06-22,data_insights,4,5
374,316,2023-04-01,code_assist,8,21
375,243,2023-02-08,dashboard_export,5,5
376,234,2023-06-02,chat_completion,4,18
377,318,2023-06-22,dashboard_export,4,44
378,216,2023-05-17,chat_completion,1,15
379,432,2023-01-30,data_insights,5,38
380,449,2023-01-16,dashboard_export,5,31
381,437,2023-04-05,dashboard_export,8,3
382,96,2023-04-09,chat_completion,5,25
383,431,2023-02-12,chat_completion,6,12
384,422,2023-04-30,data_insights,2,3
385,198,2023-01-23,dashboard_export,5,36
386,327,2023-05-14,data_insights,5,11
387,439,2023-01-30,dashboard_export,3,20
388,466,2023-04-05,code_assist,4,50
389,144,2023-04-20,chat_completion,5,34
390,126,2023-04-18,code_assist,9,36
391,66,2023-01-21,chat_completion,7,47
392,466,2023-06-15,dashboard_export,4,16
393,226,2023-03-18,code_assist,6,29
394,485,2023-04-30,data_insights,2,41
395,450,2023-02-11,code_assist,5,40
396,16,2023-05-06,chat_completion,6,16
397,296,2023-03-28,chat_completion,1,17
398,174,2023-04-14,dashboard_export,2,2
399,23,2023-01-19,code_assist,4,47
400,227,2023-03-24,code_assist,4,41
401,247,2023-01-27,chat_completion,4,15
402,307,2023-04-20,code_assist,3,44
403,58,2023-01-19,chat_completion,6,20
404,140,2023-05-08,dashboard_export,9,38
405,346,2023-06-23,data_insights,4,8
406,184,2023-04-17,code_assist,7,49
407,298,2023-01-22,dashboard_export,5,28
408,132,2023-04-14,chat_completion,5,46
409,175,2023-03-24,code_assist,4,37
410,243,2023-04-14,data_insights,7,2
411,279,2023-04-15,chat_completion,4,39
412,251,2023-03-03,code_assist,4,41
413,79,2023-02-20,chat_completion,8,18
414,270,2023-01-15,data_insights,6,17
415,489,2023-06-18,chat_completion,3,48
416,12,2023-06-26,code_assist,5,24
417,259,2023-01-03,data_insights,5,3
418,139,2023-03-10,dashboard_export,8,5
419,252,2023-04-17,chat_completion,4,5
420,42,2023-06-24,data_insights,7,8
421,138,2023-06-19,chat_completion,4,45
422,215,2023-05-16,chat_completion,7,31
423,257,2023-06-02,dashboard_export,6,22
424,392,2023-05-02,data_insights,6,27
425,451,2023-04-10,code_assist,6,16
426,40,2023-06-23,data_insights,7,34
427,189,2023-05-01,chat_completion,4,31
428,4,2023-01-30,chat_completion,9,4
429,224,2023-05-27,chat_completion,11,22
430,61,2023-01-21,dashboard_export,2,31
431,162,2023-01-25,chat_completion,4,28
432,48,2023-03-08,code_assist,3,1
433,127,2023-03-25,dashboard_export,2,40
434,300,2023-04-28,dashboard_export,5,47
435,412,2023-03-27,data_insights,3,33
436,466,2023-02-26,dashboard_export,3,23
437,439,2023-03-10,code_assist,10,13
438,196,2023-02-11,dashboard_export,6,22
439,330,2023-01-31,dashboard_export,5,20
440,275,2023-06-15,dashboard_export,8,14
441,400,2023-05-07,data_insights,7,20
442,132,2023-05-28,chat_completion,7,24
443,328,2023-06-05,data_insights,9,20
444,463,2023-02-16,dashboard_export,5,11
445,380,2023-04-21,dashboard_export,6,7
446,465,2023-04-23,code_assist,12,14
447,76,2023-04-30,code_assist,3,28
448,236,2023-05-13,chat_completion,8,46
449,170,2023-04-12,code_assist,5,8
450,385,2023-04-16,dashboard_export,5,10
451,319,2023-02-21,dashboard_export,5,14
452,487,2023-05-08,chat_completion,2,14
453,348,2023-05-03,data_insights,2,35
454,299,2023-03-31,chat_completion,4,3
455,453,2023-04-01,data_insights,4,44
456,144,2023-01-09,data_insights,8,16
457,215,2023-03-23,code_assist,6,38
458,485,2023-02-08,code_assist,4,41
459,424,2023-06-22,dashboard_export,6,43
460,205,2023-04-17,data_insights,3,5
461,157,2023-01-15,chat_completion,6,42
462,155,2023-02-24,data_insights,7,14
463,120,2023-04-14,chat_completion,3,25
464,124,2023-03-13,dashboard_export,3,35
465,429,2023-05-30,dashboard_export,2,47
466,23,2023-06-09,dashboard_export,6,35
467,255,2023-02-01,code_assist,1,26
468,153,2023-04-03,dashboard_export,-1,19
469,135,2023-03-02,code_assist,5,35
470,42,2023-01-09,dashboard_export,5,18
471,74,2023-02-11,code_assist,3,45
472,348,2023-06-04,data_insights,6,31
473,207,2023-06-02,data_insights,5,22
474,373,2023-05-24,data_insights,3,2
475,125,2023-05-06,code_assist,6,11
476,131,2023-01-14,chat_completion,11,16
477,4,2023-03-15,data_insights,8,32
478,236,2023-03-24,code_assist,4,46
479,344,2023-06-09,dashboard_export,6,12
480,306,2023-04-08,data_insights,7,48
481,167,2023-03-13,chat_completion,7,48
482,478,2023-02-07,code_assist,6,13
483,64,2023-05-15,code_assist,8,44
484,341,2023-01-17,data_insights,3,17
485,4,2023-02-01,data_insights,6,22
486,389,2023-04-25,data_insights,4,12
487,220,2023-03-23,code_assist,4,20
488,274,2023-06-27,chat_completion,5,33
489,154,2023-03-18,chat_completion,3,28
490,402,2023-01-16,data_insights,10,29
491,165,2023-04-27,data_insights,7,1
492,8,2023-05-19,code_assist,7,17
493,209,2023-06-29,chat_completion,9,27
494,154,2023-01-17,dashboard_export,6,23
495,281,2023-04-23,chat_completion,5,34
496,402,2023-01-02,code_assist,6,48
497,201,2023-03-16,code_assist,8,37
498,476,2023-05-29,data_insights,9,43
499,210,2023-01-06,data_insights,4,7
500,228,2023-06-26,chat_completion,6,41
501,235,2023-03-28,code_assist,2,35
502,95,2023-04-29,code_assist,7,18
503,360,2023-03-18,chat_completion,9,26
504,67,2023-01-22,data_insights,2,32
505,316,2023-06-21,code_assist,2,10
506,20,2023-03-25,code_assist,3,15
507,217,2023-03-16,data_insights,7,23
508,118,2023-04-02,code_assist,6,23
509,29,2023-03-17,code_assist,5,42
510,81,2023-05-14,data_insights,3,30
511,321,2023-04-22,dashboard_export,5,16
512,336,2023-04-24,code_assist,5,5
513,499,2023-06-15,dashboard_export,5,30
514,374,2023-01-04,data_insights,0,9
515,325,2023-01-25,code_assist,6,44
516,390,2023-02-21,data_insights,7,48
517,263,2023-01-07,dashboard_export,2,45
518,98,2023-05-31,dashboard_export,3,22
519,249,2023-05-05,code_assist,6,36
520,249,2023-05-15,data_insights,4,44
521,155,2023-04-10,data_insights,3,21
522,131,2023-02-24,code_assist,3,33
523,415,2023-04-17,chat_completion,5,45
524,371,2023-03-17,data_insights,5,20
525,251,2023-05-03,dashboard_export,6,1
526,303,2023-01-23,chat_completion,5,13
527,470,2023-06-06,chat_completion,2,23
528,484,2023-01-27,code_assist,5,2
529,291,2023-01-25,dashboard_export,6,31
530,371,2023-05-29,chat_completion,9,15
531,176,2023-04-21,data_insights,3,15
532,443,2023-05-28,dashboard_export,8,29
533,382,2023-05-14,chat_completion,3,6
534,229,2023-02-06,dashboard_export,4,28
535,356,2023-05-20,code_assist,6,31
536,462,2023-01-19,code_assist,9,7
537,185,2023-02-01,code_assist,3,47
538,200,2023-06-15,dashboard_export,9,3
539,129,2023-03-24,data_insights,6,19
540,80,2023-05-07,code_assist,7,27
541,351,2023-02-18,chat_completion,4,14
542,63,2023-06-28,dashboard_export,4,22
543,413,2023-04-18,chat_completion,2,45
544,157,2023-06-13,data_insights,4,6
545,356,2023-05-08,dashboard_export,4,26
546,290,2023-03-04,chat_completion,5,19
547,480,2023-04-21,code_assist,7,35
548,106,2023-03-05,chat_completion,5,8
549,187,2023-04-21,code_assist,9,20
550,412,2023-06-17,dashboard_export,5,16
551,364,2023-06-06,data_insights,6,49
552,213,2023-03-18,data_insights,4,23
553,346,2023-05-11,data_insights,8,48
554,287,2023-01-11,code_assist,7,18
555,12,2023-04-21,data_insights,3,39
556,158,2023-04-13,dashboard_export,4,30
557,377,2023-02-02,code_assist,3,26
558,419,2023-06-16,code_assist,5,45
559,41,2023-01-21,chat_completion,9,37
560,195,2023-06-18,dashboard_export,5,46
561,52,2023-02-15,chat_completion,8,23
562,207,2023-05-26,data_insights,8,48
563,165,2023-02-19,chat_completion,8,18
564,469,2023-02-07,code_assist,4,37
565,352,2023-03-17,chat_completion,4,41
566,148,2023-05-28,data_insights,6,19
567,248,2023-03-19,data_insights,3,18
568,235,2023-05-09,code_assist,5,8
569,275,2023-03-05,code_assist,7,39
570,11,2023-04-05,dashboard_export,2,3
571,288,2023-02-16,dashboard_export,9,6
572,450,2023-01-18,code_assist,3,14
573,232,2023-04-25,code_assist,5,23
574,430,2023-01-20,data_insights,5,38
575,263,2023-01-21,data_insights,4,41
576,215,2023-01-06,data_insights,7,32
577,291,2023-01-09,chat_completion,4,3
578,154,2023-05-26,dashboard_export,5,14
579,216,2023-03-19,chat_completion,5,12
580,230,2023-06-05,code_assist,6,26
581,250,2023-02-26,dashboard_export,3,26
582,75,2023-06-10,data_insights,8,26
583,240,2023-04-28,chat_completion,8,36
584,249,2023-04-13,data_insights,4,18
585,351,2023-02-13,data_insights,1,22
586,79,2023-02-01,data_insights,4,37
587,284,2023-06-01,dashboard_export,3,25
588,369,2023-06-17,data_insights,7,41
589,14,2023-02-24,dashboard_export,4,25
590,431,2023-04-13,data_insights,3,47
591,292,2023-04-17,dashboard_export,4,26
592,225,2023-01-24,code_assist,4,24
593,359,2023-05-17,dashboard_export,3,4
594,498,2023-06-27,code_assist,5,18
595,168,2023-06-27,dashboard_export,7,8
596,397,2023-06-22,data_insights,4,44
597,59,2023-03-13,chat_completion,5,34
598,236,2023-02-12,code_assist,5,18
599,181,2023-03-13,chat_completion,7,39
600,283,2023-04-17,dashboard_export,5,24
601,270,2023-03-12,dashboard_export,4,13
602,286,2023-02-14,code_assist,9,47
603,371,2023-02-17,dashboard_export,4,29
604,24,2023-02-12,code_assist,3,19
605,398,2023-01-06,data_insights,2,44
606,38,2023-03-31,data_insights,8,7
607,33,2023-05-14,data_insights,3,40
608,188,2023-01-22,chat_completion,5,23
609,87,2023-05-09,data_insights,2,23
610,469,2023-05-25,chat_completion,4,37
611,150,2023-01-18,chat_completion,2,22
612,233,2023-06-27,code_assist,2,31
613,73,2023-05-18,chat_completion,5,10
614,477,2023-01-07,chat_completion,8,44
615,155,2023-04-21,dashboard_export,3,14
616,75,2023-06-28,code_assist,2,43
617,239,2023-06-21,dashboard_export,6,47
618,260,2023-05-18,code_assist,5,8
619,404,2023-01-12,chat_completion,5,30
620,475,2023-06-22,chat_completion,3,35
621,55,2023-06-21,data_insights,4,49
622,126,2023-04-09,data_insights,5,49
623,65,2023-04-13,dashboard_export,8,48
624,362,2023-04-24,dashboard_export,3,44
625,410,2023-05-20,code_assist,6,35
626,343,2023-03-05,dashboard_export,7,40
627,6,2023-05-08,dashboard_export,4,8
628,234,2023-03-13,data_insights,2,2
629,206,2023-01-29,chat_completion,6,8
630,250,2023-05-08,code_assist,7,22
631,58,2023-03-18,code_assist,9,48
632,257,2023-04-29,chat_completion,9,47
633,362,2023-04-15,dashboard_export,8,15
634,185,2023-03-20,data_insights,4,45
635,322,2023-05-04,data_insights,2,5
636,481,2023-04-09,chat_completion,4,35
637,167,2023-04-18,code_assist,4,1
638,491,2023-02-27,data_insights,4,11
639,159,2023-04-04,chat_completion,6,43
640,186,2023-01-12,data_insights,7,10
641,302,2023-03-08,chat_completion,5,39
642,198,2023-06-17,data_insights,8,41
643,224,2023-04-25,data_insights,10,41
644,243,2023-03-21,data_insights,6,37
645,284,2023-02-08,dashboard_export,6,3
646,7,2023-04-07,code_assist,10,7
647,421,2023-04-28,data_insights,5,17
648,428,2023-06-15,chat_completion,3,8
649,361,2023-02-19,data_insights,4,7
650,488,2023-06-14,data_insights,4,11
651,37,2023-01-10,code_assist,6,4
652,445,2023-02-07,data_insights,6,29
653,155,2023-02-21,data_insights,5,15
654,27,2023-06-28,data_insights,5,38
655,215,2023-04-23,data_insights,4,42
656,374,2023-03-09,dashboard_export,8,16
657,104,2023-06-06,dashboard_export,7,22
658,37,2023-04-24,data_insights,4,36
659,17,2023-03-16,dashboard_export,5,46
660,396,2023-03-19,data_insights,3,13
661,489,2023-06-16,data_insights,5,44
662,87,2023-05-24,code_assist,2,39
663,443,2023-03-23,chat_completion,8,40
664,118,2023-05-10,dashboard_export,4,45
665,34,2023-05-27,chat_completion,7,35
666,496,2023-01-28,dashboard_export,4,14
667,71,2023-05-21,code_assist,5,32
668,131,2023-04-08,chat_completion,4,50
669,405,2023-06-11,dashboard_export,5,13
670,40,2023-02-16,dashboard_export,5,38
671,276,2023-03-27,data_insights,3,8
672,470,2023-06-11,code_assist,5,9
673,80,2023-03-10,data_insights,2,30
674,230,2023-05-20,data_insights,3,30
675,463,2023-02-03,chat_completion,5,50
676,150,2023-02-03,data_insights,5,10
677,291,2023-04-01,code_assist,6,38
678,379,2023-05-28,data_insights,4,29
679,7,2023-03-18,dashboard_export,3,27
680,19,2023-01-29,dashboard_export,7,42
681,121,2023-04-25,code_assist,3,19
682,468,2023-04-13,data_insights,6,36
683,46,2023-01-22,code_assist,8,34
684,335,2023-02-26,dashboard_export,7,18
685,118,2023-04-28,code_assist,8,37
686,212,2023-02-14,code_assist,5,15
687,278,2023-01-21,code_assist,5,24
688,337,2023-04-09,chat_completion,3,31
689,470,2023-06-12,chat_completion,3,19
690,273,2023-01-10,data_insights,4,3
691,222,2023-05-27,dashboard_export,2,17
692,38,2023-06-17,chat_completion,9,14
693,211,2023-01-27,dashboard_export,5,32
694,370,2023-06-19,chat_completion,4,6
695,412,2023-03-17,dashboard_export,4,44
696,337,2023-03-21,data_insights,3,16
697,2,2023-01-19,chat_completion,3,13
698,104,2023-02-02,data_insights,4,28
699,190,2023-05-10,code_assist,5,46
700,226,2023-03-24,code_assist,3,47
701,433,2023-03-10,chat_completion,9,12
702,416,2023-02-08,code_assist,-1,26
703,197,2023-06-09,dashboard_export,4,1
704,199,2023-04-02,data_insights,5,17
705,307,2023-02-22,code_assist,3,25
706,292,2023-03-16,chat_completion,6,29
707,381,2023-01-06,data_insights,4,30
708,496,2023-06-28,dashboard_export,5,3
709,189,2023-06-02,chat_completion,6,49
710,162,2023-02-20,chat_completion,2,37
711,403,2023-05-07,code_assist,5,35
712,403,2023-04-01,chat_completion,4,2
713,423,2023-01-23,chat_completion,1,16
714,440,2023-04-06,code_assist,10,49
715,100,2023-04-27,dashboard_export,2,27
716,200,2023-01-20,dashboard_export,2,1
717,3,2023-03-15,code_assist,8,43
718,13,2023-05-28,code_assist,9,32
719,52,2023-05-20,dashboard_export,5,12
720,488,2023-06-15,code_assist,4,38
721,306,2023-01-31,chat_completion,4,21
722,277,2023-06-20,chat_completion,3,42
723,211,2023-02-09,chat_completion,5,47
724,377,2023-05-20,code_assist,3,17
725,273,2023-05-25,data_insights,7,25
726,467,2023-06-27,data_insights,6,32
727,270,2023-04-03,chat_completion,6,33
728,86,2023-05-09,data_insights,4,45
729,269,2023-02-22,code_assist,7,10
730,419,2023-06-04,chat_completion,4,28
731,66,2023-04-02,code_assist,10,34
732,250,2023-02-07,chat_completion,8,14
733,157,2023-01-26,dashboard_export,7,34
734,136,2023-06-03,chat_completion,8,43
735,162,2023-04-11,dashboard_export,3,24
736,30,2023-03-11,chat_completion,4,39
737,221,2023-06-26,data_insights,6,22
738,94,2023-05-19,data_insights,2,17
739,20,2023-03-15,data_insights,4,40
740,145,2023-01-28,chat_completion,6,2
741,249,2023-03-06,chat_completion,3,10
742,428,2023-06-22,dashboard_export,6,13
743,321,2023-04-29,chat_completion,4,46
744,450,2023-05-20,dashboard_export,9,30
745,421,2023-04-12,data_insights,5,3
746,289,2023-05-20,data_insights,8,45
747,340,2023-05-19,chat_completion,6,11
748,19,2023-06-08,data_insights,5,32
749,210,2023-05-20,data_insights,7,41
750,94,2023-01-20,code_assist,5,3
751,209,2023-03-19,code_assist,8,14
752,337,2023-06-27,dashboard_export,4,27
753,311,2023-04-13,chat_completion,7,2
754,411,2023-03-22,chat_completion,5,22
755,313,2023-06-20,data_insights,9,28
756,37,2023-04-27,chat_completion,2,49
757,104,2023-03-03,chat_completion,5,25
758,299,2023-03-08,dashboard_export,4,42
759,479,2023-02-25,code_assist,2,6
760,113,2023-03-11,data_insights,5,41
761,149,2023-05-12,chat_completion,3,9
762,283,2023-06-26,data_insights,4,2
763,311,2023-02-11,dashboard_export,4,12
764,434,2023-04-26,chat_completion,5,37
765,484,2023-01-22,dashboard_export,5,47
766,477,2023-03-27,data_insights,2,1
767,370,2023-01-30,data_insights,4,48
768,341,2023-02-02,dashboard_export,3,49
769,307,2023-04-22,data_insights,7,39
770,99,2023-04-05,data_insights,3,30
771,31,2023-04-18,dashboard_export,5,27
772,214,2023-03-15,dashboard_export,3,45
773,480,2023-01-22,chat_completion,8,26
774,485,2023-03-11,chat_completion,7,3
775,258,2023-06-14,data_insights,6,41
776,334,2023-05-13,chat_completion,6,39
777,417,2023-05-26,code_assist,4,49
778,246,2023-05-05,chat_completion,5,26
779,333,2023-04-16,dashboard_export,3,30
780,189,2023-05-15,dashboard_export,4,3
781,467,2023-05-10,data_insights,3,3
782,186,2023-02-14,chat_completion,7,46
783,308,2023-04-30,code_assist,3,36
784,450,2023-04-01,dashboard_export,6,43
785,246,2023-01-23,data_insights,5,41
786,32,2023-03-31,data_insights,8,50
787,344,2023-06-26,code_assist,6,4
788,104,2023-01-29,code_assist,2,21
789,19,2023-06-24,chat_completion,-1,29
790,374,2023-01-18,code_assist,5,27
791,10,2023-05-07,chat_completion,2,35
792,173,2023-03-05,data_insights,6,15
793,141,2023-05-14,code_assist,6,3
794,389,2023-04-04,dashboard_export,1,19
795,282,2023-06-21,dashboard_export,6,41
796,413,2023-04-30,data_insights,5,49
797,155,2023-05-29,chat_completion,2,15
798,70,2023-02-04,chat_completion,5,39
799,297,2023-01-05,data_insights,5,36
800,240,2023-02-07,code_assist,9,4
801,198,2023-03-19,data_insights,5,7
802,132,2023-06-15,code_assist,7,17
803,356,2023-05-12,dashboard_export,3,4
804,121,2023-06-07,code_assist,7,43
805,482,2023-01-17,data_insights,7,14
806,101,2023-03-07,chat_completion,6,36
807,434,2023-06-23,data_insights,5,37
808,428,2023-03-16,dashboard_export,6,39
809,495,2023-04-03,chat_completion,6,14
810,448,2023-01-15,data_insights,2,40
811,431,2023-01-27,data_insights,5,2
812,294,2023-03-08,data_insights,4,46
813,284,2023-06-06,code_assist,4,21
814,327,2023-05-18,code_assist,5,3
815,61,2023-04-06,dashboard_export,5,23
816,226,2023-04-04,data_insights,2,19
817,335,2023-05-02,data_insights,2,15
818,276,2023-06-19,dashboard_export,3,25
819,460,2023-02-19,code_assist,7,30
820,136,2023-05-04,data_insights,5,34
821,317,2023-04-02,code_assist,3,18
822,29,2023-05-06,code_assist,7,3
823,253,2023-05-19,dashboard_export,6,39
824,350,2023-06-02,code_assist,6,5
825,52,2023-06-13,dashboard_export,7,29
826,417,2023-02-12,data_insights,10,29
827,320,2023-01-04,dashboard_export,5,18
828,431,2023-03-05,code_assist,4,6
829,154,2023-04-11,data_insights,6,43
830,129,2023-06-26,chat_completion,1,16
831,464,2023-04-10,code_assist,3,41
832,214,2023-02-05,chat_completion,5,24
833,362,2023-05-13,chat_completion,3,1
834,3,2023-03-26,code_assist,6,33
835,130,2023-03-05,data_insights,4,13
836,32,2023-05-21,dashboard_export,5,8
837,382,2023-01-11,code_assist,5,15
838,116,2023-01-07,chat_completion,2,18
839,339,2023-03-02,dashboard_export,8,19
840,474,2023-05-16,code_assist,4,25
841,34,2023-03-27,chat_completion,8,12
842,445,2023-01-21,dashboard_export,4,35
843,37,2023-01-26,code_assist,4,24
844,338,2023-01-10,data_insights,8,39
845,110,2023-06-04,chat_completion,3,18
846,226,2023-05-10,chat_completion,3,37
847,89,2023-05-14,code_assist,5,1
848,273,2023-03-08,code_assist,9,23
849,492,2023-05-14,code_assist,8,25
850,40,2023-05-31,code_assist,7,28
851,347,2023-01-23,dashboard_export,4,2
852,76,2023-01-15,data_insights,3,15
853,432,2023-02-18,chat_completion,3,7
854,169,2023-04-16,data_insights,4,42
855,142,2023-04-06,dashboard_export,5,36
856,120,2023-03-22,data_insights,3,48
857,300,2023-04-11,chat_completion,6,44
858,168,2023-04-03,code_assist,4,35
859,404,2023-06-10,data_insights,1,2
860,69,2023-03-28,chat_completion,6,40
861,418,2023-02-10,data_insights,5,30
862,70,2023-04-08,chat_completion,3,6
863,212,2023-06-22,chat_completion,5,26
864,442,2023-03-18,code_assist,5,35
865,35,2023-03-20,chat_completion,3,42
866,413,2023-01-17,code_assist,9,9
867,450,2023-03-21,code_assist,11,12
868,283,2023-01-13,data_insights,5,44
869,253,2023-02-21,chat_completion,4,24
870,339,2023-04-22,data_insights,12,39
871,413,2023-06-27,data_insights,5,30
872,467,2023-03-22,data_insights,11,24
873,474,2023-06-04,code_assist,6,47
874,84,2023-06-09,dashboard_export,9,29
875,59,2023-03-03,chat_completion,6,21
876,352,2023-01-04,data_insights,5,19
877,120,2023-03-29,chat_completion,5,13
878,341,2023-05-12,chat_completion,2,16
879,424,2023-02-08,chat_completion,7,2
880,499,2023-05-06,data_insights,3,37
881,292,2023-05-20,chat_completion,5,45
882,384,2023-04-07,data_insights,7,36
883,447,2023-05-04,chat_completion,6,28
884,4,2023-03-30,data_insights,5,6
885,293,2023-01-05,dashboard_export,7,36
886,40,2023-06-28,code_assist,7,47
887,427,2023-01-02,data_insights,2,25
888,322,2023-05-10,dashboard_export,6,8
889,139,2023-04-24,chat_completion,4,10
890,164,2023-05-02,data_insights,3,25
891,70,2023-01-04,data_insights,1,37
892,306,2023-06-23,data_insights,2,16
893,445,2023-01-03,chat_completion,3,4
894,65,2023-02-28,data_insights,5,2
895,100,2023-03-02,data_insights,6,10
896,129,2023-05-30,data_insights,9,39
897,121,2023-06-03,dashboard_export,8,27
898,467,2023-03-16,dashboard_export,9,15
899,263,2023-04-16,code_assist,2,45
900,140,2023-04-05,code_assist,4,46
901,36,2023-03-28,code_assist,5,28
902,421,2023-06-20,data_insights,3,33
903,315,2023-02-05,dashboard_export,4,39
904,185,2023-05-15,data_insights,6,42
905,47,2023-01-31,code_assist,5,9
906,500,2023-05-03,code_assist,5,19
907,269,2023-06-29,data_insights,4,15
908,198,2023-01-24,chat_completion,3,49
909,411,2023-01-15,data_insights,3,2
910,230,2023-02-16,dashboard_export,5,28
911,33,2023-03-17,dashboard_export,2,22
912,215,2023-01-17,dashboard_export,12,7
913,349,2023-04-16,data_insights,6,36
914,36,2023-04-23,code_assist,5,16
915,396,2023-04-06,chat_completion,7,50
916,412,2023-01-28,data_insights,3,13
917,8,2023-06-21,code_assist,3,16
918,214,2023-02-02,data_insights,8,35
919,484,2023-03-12,data_insights,7,19
920,402,2023-06-24,dashboard_export,5,46
921,159,2023-02-06,chat_completion,3,25
922,477,2023-05-11,chat_completion,4,8
923,273,2023-01-01,data_insights,1,30
924,119,2023-05-26,chat_completion,4,15
925,495,2023-06-08,chat_completion,2,49
926,422,2023-06-16,dashboard_export,7,21
927,497,2023-06-29,dashboard_export,4,2
928,475,2023-04-28,data_insights,5,26
929,247,2023-01-09,chat_completion,4,3
930,316,2023-03-23,data_insights,6,30
931,346,2023-05-31,dashboard_export,6,9
932,75,2023-03-30,data_insights,8,7
933,492,2023-04-07,dashboard_export,3,24
934,96,2023-06-24,dashboard_export,4,3
935,168,2023-02-09,chat_completion,9,37
936,163,2023-01-11,data_insights,3,7
937,44,2023-06-08,code_assist,7,28
938,270,2023-04-29,data_insights,5,34
939,436,2023-05-20,chat_completion,7,38
940,147,2023-01-16,data_insights,6,24
941,2,2023-01-28,dashboard_export,4,29
942,468,2023-01-11,chat_completion,5,24
943,419,2023-03-21,chat_completion,4,47
944,78,2023-02-14,data_insights,6,18
945,458,2023-01-12,dashboard_export,0,6
946,453,2023-06-15,chat_completion,2,20
947,115,2023-05-10,chat_completion,2,6
948,440,2023-04-15,code_assist,2,37
949,351,2023-01-14,code_assist,0,6
950,198,2023-06-04,chat_completion,5,17
951,409,2023-02-25,chat_completion,1,9
952,429,2023-02-18,chat_completion,4,34
953,214,2023-05-26,data_insights,3,41
954,171,2023-02-14,chat_completion,7,1
955,314,2023-01-14,dashboard_export,4,17
956,418,2023-05-09,data_insights,4,12
957,130,2023-02-18,chat_completion,3,34
958,225,2023-04-25,code_assist,4,29
959,81,2023-03-20,data_insights,5,21
960,222,2023-04-21,code_assist,4,42
961,2,2023-03-07,dashboard_export,8,10
962,236,2023-02-03,chat_completion,4,2
963,293,2023-04-28,dashboard_export,4,25
964,248,2023-04-16,chat_completion,5,32
965,60,2023-04-12,dashboard_export,8,25
966,406,2023-03-24,code_assist,7,6
967,408,2023-04-09,data_insights,12,30
968,69,2023-05-18,data_insights,3,43
969,257,2023-05-30,chat_completion,5,5
970,480,2023-02-10,chat_completion,-1,45
971,396,2023-02-16,data_insights,5,37
972,287,2023-01-29,dashboard_export,4,6
973,124,2023-01-19,dashboard_export,3,17
974,427,2023-03-13,dashboard_export,4,2
975,47,2023-04-04,dashboard_export,6,42
976,496,2023-03-01,dashboard_export,-1,23
977,295,2023-03-23,data_insights,7,22
978,490,2023-06-24,dashboard_export,5,49
979,454,2023-02-11,code_assist,4,27
980,388,2023-03-15,chat_completion,3,14
981,207,2023-05-04,data_insights,8,35
982,108,2023-03-10,dashboard_export,7,12
983,327,2023-03-03,chat_completion,0,26
984,358,2023-05-21,chat_completion,1,47
985,253,2023-01-16,code_assist,6,45
986,432,2023-06-03,code_assist,5,45
987,323,2023-01-13,dashboard_export,6,18
988,14,2023-01-02,data_insights,4,5
989,400,2023-02-13,code_assist,7,30
990,105,2023-01-30,code_assist,5,47
991,31,2023-03-09,data_insights,8,36
992,451,2023-04-24,code_assist,8,33
993,375,2023-06-17,chat_completion,6,48
994,278,2023-03-09,chat_completion,5,11
995,447,2023-01-04,dashboard_export,3,50
996,470,2023-03-03,chat_completion,9,42
997,392,2023-05-19,code_assist,6,14
998,200,2023-03-28,data_insights,4,26
999,475,2023-04-09,code_assist,7,46
1000,452,2023-02-08,chat_completion,3,48
1001,188,2023-01-24,code_assist,3,19
1002,129,2023-05-10,data_insights,4,3
1003,227,2023-04-23,chat_completion,4,3
1004,454,2023-01-15,chat_completion,8,12
1005,372,2023-01-28,code_assist,5,26
1006,203,2023-01-18,chat_completion,7,31
1007,97,2023-04-07,data_insights,4,4
1008,468,2023-06-16,dashboard_export,2,40
1009,113,2023-04-06,dashboard_export,5,12
1010,225,2023-05-21,code_assist,6,13
1011,223,2023-04-21,chat_completion,4,20
1012,221,2023-03-13,dashboard_export,4,31
1013,273,2023-02-01,data_insights,0,4
1014,417,2023-01-31,data_insights,5,44
1015,356,2023-02-25,code_assist,4,47
1016,466,2023-04-25,dashboard_export,4,38
1017,159,2023-02-12,code_assist,6,1
1018,186,2023-05-04,dashboard_export,6,12
1019,243,2023-01-16,dashboard_export,8,15
1020,59,2023-06-12,dashboard_export,8,40
1021,158,2023-04-15,code_assist,5,4
1022,380,2023-03-26,dashboard_export,3,50
1023,169,2023-06-29,dashboard_export,5,45
1024,381,2023-06-28,data_insights,3,29
1025,16,2023-01-27,chat_completion,7,3
1026,487,2023-01-17,chat_completion,6,18
1027,404,2023-05-19,chat_completion,5,39
1028,215,2023-03-15,code_assist,2,23
1029,327,2023-01-17,chat_completion,6,22
1030,233,2023-06-29,chat_completion,5,4
1031,308,2023-04-04,data_insights,6,25
1032,213,2023-05-23,dashboard_export,2,38
1033,227,2023-06-25,chat_completion,2,11
1034,229,2023-04-22,chat_completion,4,22
1035,332,2023-01-26,code_assist,6,2
1036,267,2023-06-17,data_insights,4,15
1037,114,2023-04-04,code_assist,2,25
1038,91,2023-04-06,dashboard_export,4,16
1039,203,2023-02-23,code_assist,6,42
1040,133,2023-04-05,chat_completion,2,40
1041,32,2023-03-31,chat_completion,7,30
1042,205,2023-02-08,data_insights,4,48
1043,20,2023-05-21,dashboard_export,5,15
1044,134,2023-06-16,chat_completion,3,14
1045,4,2023-06-23,dashboard_export,3,11
1046,125,2023-03-12,dashboard_export,6,30
1047,220,2023-04-08,data_insights,3,17
1048,461,2023-06-12,code_assist,8,36
1049,479,2023-01-02,dashboard_export,4,37
1050,321,2023-06-12,code_assist,3,34
1051,55,2023-05-18,data_insights,6,20
1052,95,2023-02-21,dashboard_export,0,38
1053,348,2023-03-09,data_insights,7,1
1054,331,2023-06-05,code_assist,6,21
1055,46,2023-05-10,dashboard_export,7,6
1056,79,2023-06-20,data_insights,6,27
1057,358,2023-02-13,chat_completion,4,42
1058,348,2023-02-13,dashboard_export,6,41
1059,480,2023-03-18,code_assist,7,17
1060,71,2023-02-10,dashboard_export,9,35
1061,318,2023-01-25,chat_completion,7,23
1062,372,2023-05-16,data_insights,2,17
1063,63,2023-05-22,dashboard_export,2,41
1064,15,2023-02-28,data_insights,5,25
1065,449,2023-01-24,data_insights,5,17
1066,369,2023-05-24,dashboard_export,5,18
1067,173,2023-01-23,chat_completion,3,16
1068,293,2023-04-16,code_assist,6,43
1069,147,2023-05-11,dashboard_export,6,48
1070,125,2023-06-03,code_assist,3,22
1071,43,2023-06-25,code_assist,7,10
1072,419,2023-05-21,code_assist,4,6
1073,253,2023-01-14,code_assist,3,7
1074,307,2023-04-18,chat_completion,4,29
1075,175,2023-01-09,dashboard_export,4,15
1076,53,2023-06-28,chat_completion,8,9
1077,416,2023-04-17,chat_completion,4,33
1078,297,2023-06-16,dashboard_export,6,38
1079,12,2023-01-07,code_assist,9,9
1080,494,2023-01-16,dashboard_export,2,6
1081,138,2023-03-09,dashboard_export,4,21
1082,120,2023-01-13,data_insights,5,45
1083,439,2023-03-23,dashboard_export,6,29
1084,252,2023-02-15,data_insights,4,21
1085,176,2023-04-16,dashboard_export,4,27
1086,452,2023-04-11,code_assist,7,49
1087,391,2023-04-20,chat_completion,3,31
1088,406,2023-04-19,data_insights,6,22
1089,460,2023-06-09,data_insights,7,13
1090,98,2023-06-14,dashboard_export,3,19
1091,280,2023-01-24,chat_completion,4,45
1092,400,2023-04-03,chat_completion,3,25
1093,379,2023-03-18,data_insights,9,6
1094,181,2023-05-01,code_assist,7,36
1095,317,2023-04-25,code_assist,4,22
1096,490,2023-04-19,code_assist,4,29
1097,211,2023-01-08,code_assist,2,50
1098,229,2023-02-13,dashboard_export,4,24
1099,20,2023-06-05,data_insights,4,11
1100,78,2023-05-14,dashboard_export,8,17
1101,52,2023-02-24,chat_completion,10,26
1102,61,2023-04-29,data_insights,3,23
1103,315,2023-02-03,dashboard_export,3,25
1104,68,2023-06-24,data_insights,7,24
1105,177,2023-05-31,data_insights,5,34
1106,257,2023-01-11,data_insights,4,18
1107,143,2023-02-28,dashboard_export,3,27
1108,409,2023-04-08,data_insights,2,8
1109,457,2023-03-14,data_insights,3,44
1110,282,2023-04-21,data_insights,4,44
1111,322,2023-05-15,chat_completion,1,27
1112,484,2023-02-26,dashboard_export,5,50
1113,417,2023-06-04,code_assist,3,20
1114,196,2023-06-14,chat_completion,8,36
1115,42,2023-03-23,chat_completion,4,41
1116,18,2023-01-07,chat_completion,5,12
1117,105,2023-01-08,dashboard_export,5,21
1118,459,2023-04-08,chat_completion,8,22
1119,151,2023-06-20,chat_completion,5,8
1120,270,2023-02-26,chat_completion,1,12
1121,352,2023-01-30,dashboard_export,5,21
1122,139,2023-06-27,chat_completion,6,1
1123,404,2023-06-06,dashboard_export,5,38
1124,145,2023-01-17,chat_completion,6,45
1125,255,2023-04-09,chat_completion,5,19
1126,265,2023-01-02,data_insights,2,36
1127,374,2023-01-04,code_assist,5,7
1128,349,2023-05-06,chat_completion,7,34
1129,316,2023-04-04,chat_completion,6,7
1130,434,2023-04-03,chat_completion,7,50
1131,217,2023-03-19,code_assist,6,19
1132,263,2023-02-14,code_assist,0,38
1133,470,2023-04-25,code_assist,2,29
1134,492,2023-04-08,dashboard_export,4,22
1135,496,2023-05-01,data_insights,7,37
1136,14,2023-03-01,dashboard_export,7,46
1137,324,2023-06-06,dashboard_export,5,7
1138,395,2023-06-18,code_assist,4,8
1139,53,2023-04-08,dashboard_export,7,24
1140,479,2023-05-11,code_assist,5,10
1141,281,2023-01-31,dashboard_export,2,36
1142,12,2023-03-29,code_assist,5,25
1143,345,2023-06-18,code_assist,9,28
1144,254,2023-02-13,dashboard_export,3,3
1145,311,2023-03-02,data_insights,6,49
1146,346,2023-02-13,code_assist,6,38
1147,223,2023-03-12,chat_completion,6,42
1148,438,2023-05-17,data_insights,6,4
1149,234,2023-05-19,code_assist,6,21
1150,318,2023-04-17,chat_completion,9,15
1151,376,2023-06-04,data_insights,7,39
1152,323,2023-02-25,code_assist,5,45
1153,463,2023-04-28,code_assist,4,24
1154,56,2023-03-23,chat_completion,3,37
1155,64,2023-01-05,data_insights,5,7
1156,135,2023-04-28,data_insights,7,26
1157,305,2023-06-11,code_assist,4,24
1158,256,2023-02-15,code_assist,5,48
1159,306,2023-04-09,dashboard_export,8,41
1160,499,2023-05-15,code_assist,4,20
1161,63,2023-06-17,chat_completion,4,49
1162,297,2023-06-14,data_insights,5,42
1163,11,2023-01-17,chat_completion,6,3
1164,420,2023-01-18,data_insights,6,17
1165,97,2023-05-31,data_insights,7,5
1166,28,2023-06-15,dashboard_export,5,42
1167,413,2023-04-27,data_insights,6,10
1168,305,2023-04-29,code_assist,5,35
1169,351,2023-04-30,data_insights,8,2
1170,442,2023-04-07,chat_completion,10,11
1171,410,2023-01-24,data_insights,0,23
1172,109,2023-06-06,chat_completion,3,7
1173,253,2023-03-11,chat_completion,3,2
1174,10,2023-04-20,data_insights,5,20
1175,127,2023-04-01,code_assist,3,7
1176,395,2023-04-12,code_assist,6,48
1177,494,2023-02-28,code_assist,8,6
1178,98,2023-05-31,chat_completion,4,11
1179,499,2023-01-05,code_assist,5,1
1180,2,2023-02-21,dashboard_export,6,21
1181,139,2023-05-23,chat_completion,1,27
1182,51,2023-04-04,code_assist,5,33
1183,154,2023-03-12,code_assist,7,19
1184,492,2023-01-11,dashboard_export,3,13
1185,493,2023-05-29,dashboard_export,5,29
1186,364,2023-02-06,dashboard_export,3,29
1187,457,2023-04-04,data_insights,2,8
1188,473,2023-02-13,dashboard_export,6,42
1189,129,2023-03-24,code_assist,6,33
1190,394,2023-04-10,code_assist,5,36
1191,427,2023-04-03,dashboard_export,6,14
1192,213,2023-02-03,chat_completion,2,31
1193,495,2023-06-27,code_assist,3,8
1194,283,2023-01-19,chat_completion,4,15
1195,413,2023-02-12,chat_completion,4,50
1196,193,2023-02-28,dashboard_export,6,43
1197,34,2023-01-11,chat_completion,5,31
1198,302,2023-03-05,chat_completion,7,11
1199,237,2023-05-18,chat_completion,5,37
1200,394,2023-05-17,chat_completion,5,15
1201,408,2023-02-27,chat_completion,5,32
1202,13,2023-02-17,code_assist,3,14
1203,10,2023-03-23,code_assist,7,2
1204,8,2023-01-01,code_assist,9,50
1205,363,2023-03-20,chat_completion,4,6
1206,254,2023-06-25,chat_completion,7,50
1207,290,2023-06-06,code_assist,3,47
1208,189,2023-05-14,chat_completion,6,6
1209,282,2023-02-07,dashboard_export,5,36
1210,238,2023-06-08,data_insights,3,13
1211,275,2023-01-16,dashboard_export,7,40
1212,492,2023-03-05,code_assist,4,16
1213,269,2023-01-15,data_insights,0,33
1214,302,2023-02-02,data_insights,8,2
1215,230,2023-02-06,dashboard_export,3,33
1216,416,2023-02-09,data_insights,7,32
1217,21,2023-01-02,data_insights,7,15
1218,380,2023-01-15,code_assist,8,49
1219,390,2023-04-24,chat_completion,5,1
1220,33,2023-06-01,dashboard_export,2,48
1221,83,2023-02-14,data_insights,6,42
1222,342,2023-01-05,data_insights,8,34
1223,230,2023-05-01,data_insights,6,29
1224,498,2023-06-14,data_insights,6,25
1225,433,2023-04-17,dashboard_export,5,19
1226,338,2023-06-27,data_insights,5,8
1227,148,2023-02-04,dashboard_export,8,1
1228,251,2023-06-07,code_assist,8,29
1229,296,2023-05-27,dashboard_export,8,46
1230,364,2023-03-21,code_assist,9,46
1231,298,2023-03-19,code_assist,6,26
1232,58,2023-01-01,data_insights,7,32
1233,458,2023-04-12,dashboard_export,5,6
1234,305,2023-03-03,chat_completion,9,11
1235,24,2023-02-16,data_insights,12,7
1236,201,2023-04-29,code_assist,4,49
1237,289,2023-05-05,chat_completion,10,30
1238,281,2023-05-06,chat_completion,3,48
1239,285,2023-01-22,data_insights,2,30
1240,496,2023-02-02,chat_completion,9,23
1241,85,2023-04-06,chat_completion,3,36
1242,266,2023-05-10,data_insights,4,22
1243,170,2023-03-01,dashboard_export,8,21
1244,165,2023-04-18,dashboard_export,6,2
1245,267,2023-05-30,chat_completion,5,31
1246,50,2023-03-13,chat_completion,8,12
1247,185,2023-02-13,chat_completion,4,15
1248,351,2023-05-04,code_assist,5,27
1249,276,2023-03-16,dashboard_export,6,5
1250,77,2023-03-05,code_assist,8,41
1251,447,2023-04-19,code_assist,4,10
1252,278,2023-01-16,chat_completion,3,43
1253,342,2023-05-11,chat_completion,8,23
1254,73,2023-03-05,code_assist,3,27
1255,118,2023-02-22,dashboard_export,2,23
1256,219,2023-02-17,dashboard_export,8,21
1257,169,2023-06-28,data_insights,4,39
1258,263,2023-03-14,chat_completion,10,3
1259,191,2023-04-23,chat_completion,1,44
1260,164,2023-03-16,dashboard_export,8,10
1261,136,2023-04-09,chat_completion,8,27
1262,10,2023-04-15,dashboard_export,6,9
1263,391,2023-03-08,chat_completion,4,41
1264,148,2023-01-08,data_insights,4,11
1265,311,2023-05-05,dashboard_export,4,29
1266,390,2023-04-03,data_insights,3,33
1267,137,2023-02-01,dashboard_export,5,12
1268,285,2023-06-03,code_assist,4,47
1269,429,2023-03-11,dashboard_export,9,29
1270,300,2023-05-15,chat_completion,6,36
1271,246,2023-02-18,code_assist,7,31
1272,137,2023-03-19,code_assist,3,33
1273,273,2023-05-13,code_assist,4,37
1274,314,2023-06-22,dashboard_export,4,43
1275,63,2023-02-13,dashboard_export,2,19
1276,311,2023-05-21,dashboard_export,2,44
1277,136,2023-02-25,data_insights,4,49
1278,97,2023-05-24,code_assist,7,17
1279,477,2023-03-08,code_assist,4,40
1280,411,2023-04-26,chat_completion,8,34
1281,264,2023-01-10,chat_completion,3,23
1282,131,2023-05-03,data_insights,5,40
1283,482,2023-03-12,dashboard_export,5,28
1284,217,2023-03-04,dashboard_export,7,49
1285,357,2023-01-22,code_assist,3,43
1286,6,2023-06-13,data_insights,4,37
1287,382,2023-03-08,data_insights,3,22
1288,416,2023-06-15,dashboard_export,5,28
1289,403,2023-05-08,code_assist,6,24
1290,470,2023-04-09,dashboard_export,6,12
1291,23,2023-02-18,code_assist,6,30
1292,98,2023-01-14,dashboard_export,6,17
1293,160,2023-03-20,chat_completion,9,32
1294,83,2023-03-08,dashboard_export,6,31
1295,378,2023-02-27,chat_completion,4,48
1296,278,2023-01-21,dashboard_export,11,37
1297,358,2023-04-21,dashboard_export,5,15
1298,293,2023-06-03,chat_completion,6,2
1299,497,2023-06-06,dashboard_export,7,38
1300,169,2023-06-07,dashboard_export,7,13
1301,385,2023-03-14,code_assist,4,33
1302,208,2023-01-10,chat_completion,1,29
1303,448,2023-04-05,code_assist,5,10
1304,58,2023-05-16,data_insights,6,40
1305,156,2023-06-08,dashboard_export,6,50
1306,73,2023-05-01,chat_completion,7,49
1307,206,2023-05-04,chat_completion,13,16
1308,264,2023-06-14,data_insights,3,45
1309,304,2023-03-24,data_insights,6,28
1310,241,2023-01-29,chat_completion,5,27
1311,405,2023-04-21,data_insights,2,43
1312,180,2023-06-02,chat_completion,3,14
1313,274,2023-03-29,code_assist,6,16
1314,93,2023-03-04,dashboard_export,7,48
1315,331,2023-03-27,dashboard_export,4,1
1316,189,2023-05-08,chat_completion,4,40
1317,341,2023-03-01,code_assist,5,35
1318,167,2023-02-08,code_assist,0,22
1319,151,2023-02-02,data_insights,2,22
1320,180,2023-03-19,code_assist,11,13
1321,322,2023-03-01,data_insights,6,42
1322,246,2023-04-28,chat_completion,4,26
1323,276,2023-05-25,data_insights,8,18
1324,290,2023-01-15,code_assist,3,29
1325,267,2023-01-31,code_assist,5,27
1326,474,2023-02-01,dashboard_export,3,43
1327,2,2023-06-27,dashboard_export,6,25
1328,231,2023-02-02,dashboard_export,5,2
1329,293,2023-05-17,code_assist,3,15
1330,67,2023-05-15,dashboard_export,7,45
1331,418,2023-02-16,chat_completion,6,7
1332,459,2023-05-25,chat_completion,3,23
1333,370,2023-03-01,data_insights,5,21
1334,465,2023-02-15,data_insights,2,22
1335,461,2023-01-12,chat_completion,7,5
1336,424,2023-02-18,dashboard_export,4,18
1337,286,2023-06-13,code_assist,7,8
1338,396,2023-04-28,code_assist,6,20
1339,329,2023-06-11,code_assist,5,47
1340,473,2023-02-14,chat_completion,-1,11
1341,49,2023-03-12,chat_completion,3,17
1342,9,2023-02-07,chat_completion,1,18
1343,466,2023-04-20,code_assist,4,48
1344,334,2023-03-26,dashboard_export,3,27
1345,374,2023-05-21,data_insights,9,23
1346,91,2023-06-18,dashboard_export,3,48
1347,133,2023-02-14,chat_completion,5,18
1348,179,2023-02-15,dashboard_export,3,1
1349,28,2023-01-17,code_assist,5,24
1350,479,2023-02-20,dashboard_export,6,37
1351,284,2023-02-16,code_assist,3,22
1352,430,2023-03-23,chat_completion,7,12
1353,2,2023-04-28,data_insights,4,18
1354,417,2023-05-16,data_insights,5,40
1355,34,2023-04-20,dashboard_export,4,17
1356,29,2023-04-18,dashboard_export,7,30
1357,76,2023-01-27,chat_completion,4,49
1358,105,2023-01-02,dashboard_export,8,42
1359,241,2023-03-31,data_insights,8,18
1360,3,2023-03-31,dashboard_export,3,36
1361,307,2023-02-15,dashboard_export,7,48
1362,393,2023-06-18,chat_completion,4,7
1363,274,2023-05-30,chat_completion,6,46
1364,358,2023-01-22,data_insights,7,32
1365,444,2023-01-17,code_assist,9,2
1366,325,2023-05-15,code_assist,6,43
1367,462,2023-03-11,dashboard_export,5,8
1368,491,2023-06-02,code_assist,5,7
1369,289,2023-06-15,dashboard_export,7,36
1370,455,2023-02-23,chat_completion,0,15
1371,203,2023-05-01,code_assist,7,42
1372,93,2023-06-05,chat_completion,10,39
1373,370,2023-06-16,code_assist,4,47
1374,103,2023-01-17,chat_completion,6,32
1375,10,2023-05-10,chat_completion,5,31
1376,359,2023-01-04,data_insights,6,6
1377,471,2023-06-24,chat_completion,3,10
1378,221,2023-01-26,code_assist,3,22
1379,322,2023-01-09,chat_completion,1,30
1380,341,2023-05-10,dashboard_export,4,39
1381,19,2023-03-24,chat_completion,3,23
1382,110,2023-05-15,chat_completion,1,3
1383,419,2023-02-08,data_insights,4,43
1384,401,2023-06-23,data_insights,2,29
1385,55,2023-05-23,code_assist,6,1
1386,212,2023-03-04,dashboard_export,4,22
1387,412,2023-03-15,data_insights,7,31
1388,233,2023-05-31,dashboard_export,2,34
1389,463,2023-04-02,code_assist,2,11
1390,205,2023-06-11,code_assist,5,39
1391,439,2023-06-04,data_insights,5,44
1392,136,2023-05-14,chat_completion,0,10
1393,174,2023-01-07,data_insights,3,22
1394,191,2023-05-29,code_assist,10,19
1395,175,2023-06-28,code_assist,7,43
1396,417,2023-01-23,dashboard_export,0,36
1397,317,2023-04-23,data_insights,4,37
1398,341,2023-06-13,code_assist,3,13
1399,450,2023-01-19,data_insights,5,8
1400,306,2023-04-24,chat_completion,7,22
1401,355,2023-01-22,dashboard_export,4,3
1402,427,2023-06-12,data_insights,5,17
1403,46,2023-01-15,chat_completion,5,9
1404,421,2023-03-08,code_assist,6,15
1405,252,2023-03-15,chat_completion,5,12
1406,47,2023-06-07,chat_completion,4,48
1407,98,2023-02-24,chat_completion,5,50
1408,366,2023-01-13,dashboard_export,5,3
1409,287,2023-02-26,data_insights,5,45
1410,419,2023-04-19,dashboard_export,5,23
1411,131,2023-01-21,data_insights,5,31
1412,435,2023-06-21,data_insights,10,27
1413,216,2023-06-12,chat_completion,0,43
1414,45,2023-01-16,chat_completion,2,43
1415,308,2023-06-04,chat_completion,3,36
1416,146,2023-01-04,data_insights,8,14
1417,91,2023-02-13,chat_completion,7,1
1418,388,2023-02-10,data_insights,2,23
1419,427,2023-06-14,dashboard_export,7,2
1420,321,2023-02-15,code_assist,5,21
1421,148,2023-03-01,dashboard_export,4,39
1422,335,2023-04-09,dashboard_export,0,17
1423,414,2023-02-02,chat_completion,4,22
1424,491,2023-02-16,dashboard_export,5,49
1425,71,2023-01-29,code_assist,4,2
1426,421,2023-02-01,chat_completion,7,33
1427,357,2023-01-03,code_assist,3,2
1428,417,2023-04-04,dashboard_export,3,8
1429,398,2023-05-01,dashboard_export,5,14
1430,49,2023-05-02,dashboard_export,2,5
1431,36,2023-03-21,code_assist,6,32
1432,376,2023-05-10,data_insights,4,17
1433,269,2023-05-04,data_insights,5,10
1434,55,2023-06-03,data_insights,2,20
1435,442,2023-01-07,code_assist,3,18
1436,377,2023-06-05,code_assist,7,10
1437,252,2023-05-12,data_insights,-1,5
1438,90,2023-03-22,chat_completion,2,23
1439,67,2023-05-12,dashboard_export,6,28
1440,320,2023-02-22,code_assist,7,38
1441,128,2023-02-20,data_insights,5,12
1442,414,2023-02-15,code_assist,4,2
1443,78,2023-03-04,data_insights,6,11
1444,264,2023-02-19,code_assist,4,21
1445,10,2023-05-18,code_assist,4,21
1446,242,2023-06-03,code_assist,5,4
1447,155,2023-03-14,data_insights,5,48
1448,308,2023-06-01,dashboard_export,4,40
1449,116,2023-03-10,data_insights,5,7
1450,345,2023-02-22,code_assist,6,32
1451,366,2023-01-25,code_assist,7,41
1452,40,2023-02-16,code_assist,6,9
1453,313,2023-02-11,chat_completion,3,5
1454,177,2023-06-22,data_insights,4,45
1455,100,2023-03-02,data_insights,0,46
1456,262,2023-05-23,dashboard_export,7,14
1457,333,2023-01-23,chat_completion,6,35
1458,425,2023-04-12,data_insights,2,28
1459,69,2023-06-20,chat_completion,5,2
1460,50,2023-06-06,dashboard_export,5,27
1461,29,2023-06-12,data_insights,5,8
1462,167,2023-01-31,code_assist,4,13
1463,287,2023-05-19,code_assist,3,8
1464,427,2023-03-29,chat_completion,5,46
1465,80,2023-03-12,code_assist,1,34
1466,75,2023-01-25,chat_completion,3,31
1467,430,2023-04-28,dashboard_export,2,40
1468,277,2023-03-01,data_insights,5,41
1469,174,2023-06-16,data_insights,3,30
1470,371,2023-04-06,data_insights,4,28
1471,195,2023-01-25,dashboard_export,4,7
1472,225,2023-06-27,chat_completion,4,8
1473,99,2023-04-17,chat_completion,11,18
1474,15,2023-02-27,chat_completion,3,27
1475,451,2023-01-27,chat_completion,5,24
1476,309,2023-05-06,dashboard_export,7,25
1477,281,2023-05-17,dashboard_export,4,11
1478,456,2023-04-21,data_insights,8,9
1479,314,2023-04-09,data_insights,5,18
1480,318,2023-04-14,chat_completion,5,40
1481,127,2023-01-13,chat_completion,3,8
1482,193,2023-02-22,chat_completion,4,26
1483,216,2023-05-10,code_assist,6,11
1484,30,2023-03-26,dashboard_export,4,7
1485,152,2023-02-28,dashboard_export,0,15
1486,480,2023-02-15,dashboard_export,2,43
1487,351,2023-04-23,chat_completion,4,12
1488,176,2023-06-24,data_insights,2,29
1489,41,2023-05-28,code_assist,3,18
1490,137,2023-04-07,chat_completion,3,3
1491,468,2023-02-24,chat_completion,1,28
1492,56,2023-01-21,data_insights,5,31
1493,104,2023-06-07,chat_completion,2,7
1494,110,2023-01-14,data_insights,5,8
1495,147,2023-02-24,data_insights,7,32
1496,157,2023-03-21,data_insights,6,22
1497,382,2023-04-14,chat_completion,3,43
1498,361,2023-03-07,chat_completion,6,1
1499,75,2023-02-26,dashboard_export,4,30
1500,471,2023-05-16,dashboard_export,5,10
1501,20,2023-05-09,dashboard_export,4,8
1502,286,2023-04-02,data_insights,2,16
1503,105,2023-06-24,dashboard_export,7,18
1504,293,2023-05-14,chat_completion,6,32
1505,326,2023-06-16,dashboard_export,9,7
1506,46,2023-02-06,code_assist,11,23
1507,44,2023-03-03,chat_completion,3,4
1508,188,2023-02-11,dashboard_export,10,38
1509,469,2023-01-06,data_insights,9,30
1510,291,2023-06-16,chat_completion,5,39
1511,393,2023-06-21,data_insights,3,17
1512,94,2023-04-06,dashboard_export,2,26
1513,469,2023-04-09,code_assist,4,27
1514,149,2023-06-22,data_insights,4,35
1515,132,2023-01-20,data_insights,2,22
1516,229,2023-03-27,code_assist,3,30
1517,220,2023-06-01,code_assist,3,17
1518,344,2023-02-18,dashboard_export,1,24
1519,233,2023-05-09,data_insights,2,32
1520,431,2023-04-22,code_assist,4,43
1521,123,2023-01-02,data_insights,8,28
1522,445,2023-01-06,dashboard_export,5,32
1523,464,2023-04-08,data_insights,10,47
1524,34,2023-06-27,data_insights,3,46
1525,446,2023-01-18,chat_completion,5,13
1526,28,2023-06-25,data_insights,5,30
1527,361,2023-05-17,dashboard_export,3,14
1528,82,2023-03-20,data_insights,3,26
1529,399,2023-02-26,chat_completion,2,46
1530,299,2023-05-01,code_assist,7,43
1531,297,2023-06-03,code_assist,5,21
1532,96,2023-01-21,dashboard_export,3,17
1533,361,2023-04-06,chat_completion,4,15
1534,275,2023-06-12,chat_completion,6,49
1535,488,2023-05-29,data_insights,6,19
1536,360,2023-05-26,code_assist,4,50
1537,72,2023-05-11,code_assist,3,29
1538,191,2023-02-19,code_assist,2,12
1539,88,2023-04-27,data_insights,9,16
1540,405,2023-04-01,code_assist,8,1
1541,396,2023-05-29,dashboard_export,10,16
1542,78,2023-01-26,code_assist,2,40
1543,6,2023-02-16,code_assist,1,37
1544,180,2023-02-16,code_assist,4,29
1545,43,2023-02-23,chat_completion,5,4
1546,350,2023-03-02,dashboard_export,3,35
1547,376,2023-01-09,data_insights,1,33
1548,7,2023-06-26,chat_completion,6,31
1549,118,2023-05-06,data_insights,2,23
1550,245,2023-04-14,data_insights,6,42
1551,385,2023-03-11,code_assist,2,34
1552,60,2023-02-06,dashboard_export,6,17
1553,206,2023-04-27,data_insights,4,37
1554,34,2023-04-07,code_assist,2,18
1555,264,2023-04-22,dashboard_export,2,33
1556,403,2023-02-14,dashboard_export,5,44
1557,429,2023-01-29,dashboard_export,5,20
1558,149,2023-04-24,data_insights,5,49
1559,201,2023-03-15,data_insights,9,18
1560,477,2023-05-16,chat_completion,5,47
1561,283,2023-02-12,dashboard_export,5,16
1562,346,2023-02-13,dashboard_export,7,40
1563,288,2023-02-11,code_assist,4,41
1564,29,2023-05-08,code_assist,5,27
1565,251,2023-05-22,chat_completion,6,16
1566,156,2023-06-24,data_insights,5,5
1567,106,2023-06-06,dashboard_export,4,39
1568,59,2023-04-01,dashboard_export,2,33
1569,489,2023-04-13,data_insights,6,49
1570,107,2023-03-14,chat_completion,8,49
1571,35,2023-02-28,data_insights,5,40
1572,433,2023-03-27,code_assist,6,20
1573,468,2023-01-26,dashboard_export,9,43
1574,196,2023-02-01,dashboard_export,3,31
1575,154,2023-04-28,chat_completion,3,19
1576,23,2023-05-14,chat_completion,1,20
1577,59,2023-05-14,data_insights,6,23
1578,162,2023-02-04,code_assist,5,41
1579,179,2023-03-06,chat_completion,6,5
1580,342,2023-06-18,chat_completion,5,2
1581,458,2023-04-02,dashboard_export,4,23
1582,164,2023-02-08,dashboard_export,5,25
1583,325,2023-02-02,chat_completion,6,29
1584,102,2023-02-02,chat_completion,4,29
1585,369,2023-04-28,data_insights,7,1
1586,234,2023-01-28,dashboard_export,4,22
1587,69,2023-01-23,chat_completion,4,19
1588,283,2023-05-14,dashboard_export,3,37
1589,368,2023-05-04,chat_completion,6,35
1590,127,2023-04-02,chat_completion,5,42
1591,28,2023-04-24,code_assist,7,9
1592,196,2023-03-12,data_insights,5,1
1593,363,2023-06-02,code_assist,3,46
1594,315,2023-01-04,dashboard_export,1,9
1595,462,2023-05-13,code_assist,8,47
1596,441,2023-03-25,data_insights,6,49
1597,139,2023-06-27,data_insights,5,12
1598,450,2023-06-20,code_assist,4,47
1599,374,2023-03-22,chat_completion,5,45
1600,364,2023-02-01,code_assist,4,5
1601,3,2023-05-02,code_assist,5,16
1602,184,2023-01-14,code_assist,3,3
1603,367,2023-01-22,data_insights,9,3
1604,286,2023-06-26,code_assist,2,10
1605,418,2023-05-15,code_assist,6,40
1606,231,2023-02-23,code_assist,2,23
1607,31,2023-06-27,dashboard_export,7,17
1608,154,2023-06-28,code_assist,5,4
1609,289,2023-06-24,dashboard_export,8,23
1610,168,2023-06-26,data_insights,8,7
1611,91,2023-06-19,dashboard_export,4,48
1612,279,2023-01-20,data_insights,8,33
1613,347,2023-04-14,code_assist,3,33
1614,487,2023-04-10,dashboard_export,6,16
1615,153,2023-05-23,data_insights,5,19
1616,93,2023-01-01,data_insights,3,18
1617,234,2023-02-23,data_insights,2,26
1618,202,2023-06-27,chat_completion,3,7
1619,274,2023-04-11,data_insights,4,45
1620,487,2023-03-15,code_assist,4,14
1621,127,2023-03-24,data_insights,5,47
1622,110,2023-04-04,dashboard_export,3,23
1623,382,2023-04-28,data_insights,4,39
1624,305,2023-01-22,data_insights,0,19
1625,6,2023-06-11,dashboard_export,4,16
1626,188,2023-06-23,chat_completion,4,28
1627,36,2023-05-16,chat_completion,3,25
1628,175,2023-04-13,data_insights,4,46
1629,130,2023-04-28,data_insights,5,50
1630,353,2023-01-31,dashboard_export,4,3
1631,190,2023-02-03,code_assist,2,14
1632,63,2023-05-05,dashboard_export,3,49
1633,294,2023-04-09,code_assist,7,38
1634,262,2023-02-26,dashboard_export,6,2
1635,291,2023-01-10,data_insights,6,45
1636,334,2023-06-23,code_assist,5,45
1637,149,2023-04-29,code_assist,5,1
1638,332,2023-03-30,data_insights,6,8
1639,419,2023-02-16,chat_completion,7,30
1640,469,2023-06-24,chat_completion,6,31
1641,167,2023-04-30,chat_completion,8,23
1642,75,2023-01-14,dashboard_export,3,7
1643,228,2023-04-20,dashboard_export,3,1
1644,44,2023-02-12,chat_completion,2,21
1645,83,2023-05-22,chat_completion,3,34
1646,229,2023-03-24,code_assist,5,41
1647,101,2023-03-17,dashboard_export,7,2
1648,397,2023-02-10,dashboard_export,4,36
1649,386,2023-02-14,chat_completion,5,48
1650,444,2023-03-23,dashboard_export,4,33
1651,152,2023-06-09,code_assist,5,13
1652,241,2023-05-02,dashboard_export,12,32
1653,83,2023-04-20,chat_completion,1,39
1654,450,2023-06-09,chat_completion,9,48
1655,313,2023-04-29,chat_completion,4,36
1656,271,2023-05-04,data_insights,8,48
1657,101,2023-01-17,dashboard_export,4,22
1658,452,2023-01-05,chat_completion,5,28
1659,303,2023-05-02,code_assist,6,4
1660,359,2023-02-25,dashboard_export,3,46
1661,344,2023-01-22,data_insights,4,20
1662,443,2023-05-06,dashboard_export,9,7
1663,294,2023-06-11,data_insights,5,31
1664,160,2023-05-24,dashboard_export,8,33
1665,268,2023-05-22,dashboard_export,5,43
1666,74,2023-03-29,data_insights,8,29
1667,500,2023-04-04,code_assist,7,15
1668,29,2023-03-01,dashboard_export,7,27
1669,74,2023-04-04,chat_completion,5,10
1670,411,2023-04-24,chat_completion,6,12
1671,79,2023-06-18,chat_completion,4,18
1672,283,2023-04-20,chat_completion,5,46
1673,422,2023-03-19,chat_completion,6,4
1674,456,2023-04-25,dashboard_export,3,20
1675,12,2023-03-07,chat_completion,4,20
1676,391,2023-03-23,chat_completion,5,4
1677,17,2023-03-19,data_insights,7,28
1678,226,2023-05-10,code_assist,3,1
1679,232,2023-02-14,chat_completion,3,23
1680,113,2023-06-10,code_assist,4,33
1681,178,2023-05-22,chat_completion,1,14
1682,406,2023-04-22,dashboard_export,4,29
1683,67,2023-01-25,code_assist,5,31
1684,284,2023-03-21,data_insights,4,40
1685,265,2023-06-09,data_insights,7,26
1686,256,2023-02-13,dashboard_export,2,8
1687,363,2023-03-26,code_assist,3,42
1688,180,2023-05-21,data_insights,3,47
1689,159,2023-04-29,code_assist,3,34
1690,174,2023-01-26,chat_completion,6,39
1691,387,2023-02-02,chat_completion,6,26
1692,314,2023-03-28,chat_completion,3,28
1693,280,2023-06-01,dashboard_export,3,25
1694,17,2023-06-21,data_insights,7,40
1695,365,2023-06-11,dashboard_export,1,3
1696,163,2023-05-06,dashboard_export,0,50
1697,108,2023-03-04,dashboard_export,3,30
1698,294,2023-01-11,dashboard_export,4,41
1699,238,2023-03-31,chat_completion,3,5
1700,154,2023-04-19,code_assist,1,17
1701,143,2023-03-31,dashboard_export,7,17
1702,195,2023-02-04,code_assist,10,46
1703,17,2023-03-27,dashboard_export,6,41
1704,27,2023-01-10,dashboard_export,5,9
1705,80,2023-06-18,dashboard_export,6,42
1706,200,2023-05-17,data_insights,6,9
1707,109,2023-05-30,dashboard_export,4,11
1708,306,2023-06-18,data_insights,7,6
1709,97,2023-06-25,code_assist,2,14
1710,194,2023-03-17,code_assist,4,25
1711,220,2023-05-29,dashboard_export,5,14
1712,163,2023-06-26,chat_completion,6,40
1713,293,2023-03-20,data_insights,6,5
1714,377,2023-04-01,code_assist,4,22
1715,459,2023-02-25,data_insights,3,13
1716,157,2023-04-12,data_insights,12,17
1717,41,2023-05-04,data_insights,5,28
1718,179,2023-06-08,dashboard_export,3,20
1719,112,2023-05-09,dashboard_export,5,32
1720,205,2023-05-25,data_insights,8,3
1721,209,2023-02-22,chat_completion,3,15
1722,197,2023-04-30,data_insights,5,4
1723,280,2023-03-25,dashboard_export,10,41
1724,406,2023-02-08,data_insights,3,45
1725,457,2023-01-29,code_assist,3,10
1726,390,2023-05-22,dashboard_export,2,40
1727,475,2023-06-06,data_insights,6,47
1728,373,2023-01-17,dashboard_export,7,13
1729,31,2023-03-19,dashboard_export,6,14
1730,390,2023-02-07,dashboard_export,3,17
1731,357,2023-05-26,code_assist,3,25
1732,113,2023-06-23,code_assist,7,17
1733,228,2023-06-17,dashboard_export,3,21
1734,453,2023-06-04,chat_completion,5,34
1735,24,2023-01-04,dashboard_export,6,13
1736,400,2023-04-12,dashboard_export,4,2
1737,459,2023-04-30,chat_completion,3,38
1738,416,2023-01-05,code_assist,5,33
1739,275,2023-02-09,chat_completion,2,39
1740,419,2023-02-08,data_insights,5,36
1741,485,2023-04-02,chat_completion,5,27
1742,293,2023-04-17,data_insights,4,18
1743,210,2023-03-21,dashboard_export,5,22
1744,318,2023-02-27,code_assist,8,50
1745,25,2023-05-31,dashboard_export,2,36
1746,222,2023-05-20,data_insights,6,25
1747,26,2023-03-07,data_insights,5,46
1748,412,2023-03-19,chat_completion,5,45
1749,381,2023-05-09,chat_completion,2,23
1750,242,2023-06-23,data_insights,4,18
1751,361,2023-06-25,dashboard_export,3,36
1752,47,2023-01-28,dashboard_export,4,3
1753,139,2023-05-09,dashboard_export,2,9
1754,452,2023-03-23,chat_completion,4,49
1755,29,2023-04-12,code_assist,6,2
1756,320,2023-04-30,data_insights,7,42
1757,54,2023-06-29,data_insights,5,8
1758,157,2023-03-02,chat_completion,3,30
1759,15,2023-01-28,data_insights,4,37
1760,417,2023-06-11,data_insights,3,40
1761,27,2023-02-12,dashboard_export,6,38
1762,204,2023-04-09,data_insights,0,38
1763,91,2023-03-02,dashboard_export,4,32
1764,332,2023-02-02,code_assist,9,24
1765,280,2023-01-29,chat_completion,1,40
1766,289,2023-04-04,dashboard_export,5,26
1767,430,2023-01-26,dashboard_export,4,5
1768,313,2023-03-11,dashboard_export,7,2
1769,23,2023-02-16,code_assist,4,32
1770,47,2023-01-11,code_assist,5,31
1771,321,2023-02-13,dashboard_export,3,41
1772,324,2023-03-16,dashboard_export,2,29
1773,289,2023-01-26,code_assist,4,5
1774,384,2023-02-08,chat_completion,4,31
1775,240,2023-01-14,code_assist,1,37
1776,360,2023-03-30,data_insights,4,41
1777,62,2023-05-01,data_insights,5,4
1778,404,2023-05-21,chat_completion,7,48
1779,212,2023-05-12,data_insights,5,24
1780,66,2023-05-31,code_assist,2,39
1781,26,2023-04-14,chat_completion,5,49
1782,64,2023-06-27,data_insights,2,42
1783,149,2023-06-10,chat_completion,4,48
1784,178,2023-03-04,data_insights,2,2
1785,490,2023-03-21,data_insights,3,50
1786,207,2023-01-13,code_assist,7,18
1787,107,2023-01-22,data_insights,6,26
1788,284,2023-06-18,chat_completion,7,45
1789,273,2023-02-20,chat_completion,2,17
1790,434,2023-02-18,dashboard_export,2,13
1791,203,2023-01-25,dashboard_export,0,14
1792,88,2023-03-24,code_assist,8,43
1793,301,2023-01-26,data_insights,7,23
1794,436,2023-03-10,code_assist,5,28
1795,103,2023-05-17,code_assist,7,17
1796,317,2023-06-12,code_assist,1,1
1797,216,2023-01-23,data_insights,7,28
1798,417,2023-02-02,data_insights,7,29
1799,102,2023-03-03,dashboard_export,9,43
1800,430,2023-01-09,chat_completion,8,29
1801,191,2023-01-26,data_insights,13,34
1802,244,2023-03-25,data_insights,2,25
1803,29,2023-05-05,data_insights,10,29
1804,120,2023-06-17,dashboard_export,4,44
1805,38,2023-02-02,dashboard_export,6,26
1806,67,2023-04-01,data_insights,5,28
1807,150,2023-05-21,data_insights,4,2
1808,183,2023-03-28,code_assist,4,3
1809,9,2023-04-07,chat_completion,4,18
1810,32,2023-02-02,data_insights,3,44
1811,77,2023-05-31,code_assist,3,24
1812,12,2023-05-07,code_assist,5,42
1813,489,2023-06-02,chat_completion,1,10
1814,110,2023-04-07,data_insights,2,48
1815,396,2023-01-06,data_insights,6,18
1816,172,2023-05-16,dashboard_export,2,41
1817,393,2023-03-28,code_assist,5,3
1818,131,2023-02-04,dashboard_export,6,21
1819,34,2023-05-27,chat_completion,6,22
1820,294,2023-04-22,data_insights,6,6
1821,463,2023-04-25,code_assist,2,23
1822,196,2023-04-05,data_insights,3,44
1823,386,2023-06-03,dashboard_export,6,10
1824,243,2023-05-20,dashboard_export,4,30
1825,101,2023-05-26,code_assist,3,34
1826,17,2023-02-13,chat_completion,8,9
1827,141,2023-01-15,chat_completion,6,5
1828,292,2023-02-22,chat_completion,7,46
1829,295,2023-04-02,chat_completion,0,43
1830,472,2023-02-27,code_assist,3,45
1831,182,2023-01-08,chat_completion,3,43
1832,303,2023-04-24,dashboard_export,4,19
1833,65,2023-06-09,chat_completion,7,42
1834,175,2023-01-02,code_assist,5,40
1835,314,2023-03-15,chat_completion,2,15
1836,75,2023-03-30,dashboard_export,7,13
1837,67,2023-03-15,data_insights,3,48
1838,496,2023-04-22,dashboard_export,6,31
1839,166,2023-02-10,code_assist,3,38
1840,131,2023-05-18,chat_completion,2,26
1841,456,2023-06-26,code_assist,6,1
1842,395,2023-04-21,data_insights,5,16
1843,461,2023-02-24,data_insights,5,1
1844,340,2023-04-17,data_insights,2,24
1845,20,2023-06-28,chat_completion,7,31
1846,446,2023-01-17,code_assist,4,46
1847,270,2023-01-18,dashboard_export,4,18
1848,209,2023-05-06,chat_completion,6,1
1849,155,2023-02-02,chat_completion,4,11
1850,424,2023-04-11,chat_completion,11,10
1851,25,2023-01-02,data_insights,5,3
1852,178,2023-06-10,data_insights,4,35
1853,280,2023-01-18,dashboard_export,5,33
1854,63,2023-04-07,code_assist,3,28
1855,268,2023-03-22,data_insights,2,9
1856,54,2023-05-23,data_insights,6,15
1857,13,2023-01-03,dashboard_export,2,5
1858,5,2023-04-19,dashboard_export,4,1
1859,360,2023-01-27,chat_completion,5,6
1860,208,2023-04-26,dashboard_export,7,15
1861,216,2023-02-21,dashboard_export,9,13
1862,104,2023-01-28,chat_completion,3,19
1863,500,2023-06-12,dashboard_export,4,9
1864,182,2023-05-26,code_assist,7,42
1865,99,2023-06-18,code_assist,7,38
1866,86,2023-06-18,chat_completion,5,34
1867,258,2023-03-15,dashboard_export,4,24
1868,321,2023-05-28,chat_completion,3,5
1869,406,2023-03-02,data_insights,4,27
1870,182,2023-03-30,code_assist,4,42
1871,168,2023-03-14,code_assist,7,41
1872,450,2023-05-09,chat_completion,10,23
1873,75,2023-01-11,code_assist,5,11
1874,227,2023-04-02,dashboard_export,4,16
1875,346,2023-01-12,dashboard_export,10,25
1876,31,2023-01-22,code_assist,7,3
1877,439,2023-03-11,code_assist,4,50
1878,406,2023-01-12,code_assist,5,13
1879,339,2023-03-19,data_insights,8,14
1880,466,2023-04-09,chat_completion,6,22
1881,405,2023-02-19,code_assist,6,34
1882,490,2023-04-16,dashboard_export,5,12
1883,252,2023-04-18,dashboard_export,6,25
1884,244,2023-05-15,data_insights,8,27
1885,253,2023-01-27,chat_completion,6,4
1886,157,2023-02-04,dashboard_export,6,46
1887,223,2023-03-01,code_assist,5,41
1888,35,2023-04-16,code_assist,1,44
1889,466,2023-02-14,code_assist,3,36
1890,412,2023-06-05,chat_completion,0,3
1891,55,2023-05-14,code_assist,4,13
1892,37,2023-06-11,data_insights,3,33
1893,69,2023-05-20,dashboard_export,2,38
1894,427,2023-01-11,dashboard_export,6,42
1895,206,2023-04-13,dashboard_export,4,8
1896,290,2023-02-09,dashboard_export,4,11
1897,197,2023-04-07,chat_completion,6,47
1898,335,2023-01-10,chat_completion,6,1
1899,498,2023-02-19,dashboard_export,3,41
1900,448,2023-01-03,code_assist,8,9
1901,239,2023-05-08,dashboard_export,7,38
1902,478,2023-05-11,code_assist,4,22
1903,338,2023-05-06,data_insights,7,47
1904,397,2023-02-02,code_assist,6,17
1905,422,2023-03-26,code_assist,13,48
1906,346,2023-03-20,data_insights,4,28
1907,20,2023-02-01,dashboard_export,7,27
1908,136,2023-06-15,chat_completion,4,49
1909,245,2023-03-04,data_insights,4,23
1910,40,2023-04-26,dashboard_export,10,47
1911,332,2023-06-27,dashboard_export,6,29
1912,246,2023-02-23,dashboard_export,10,11
1913,69,2023-03-31,data_insights,3,6
1914,190,2023-05-29,dashboard_export,4,49
1915,294,2023-06-06,chat_completion,3,11
1916,482,2023-01-02,code_assist,6,5
1917,474,2023-03-28,data_insights,4,35
1918,276,2023-04-12,data_insights,8,16
1919,284,2023-05-28,dashboard_export,1,27
1920,101,2023-06-09,chat_completion,5,47
1921,333,2023-02-13,code_assist,8,26
1922,356,2023-06-18,code_assist,2,42
1923,250,2023-04-03,data_insights,6,44
1924,119,2023-03-20,dashboard_export,6,7
1925,69,2023-04-21,dashboard_export,3,32
1926,280,2023-01-07,chat_completion,2,47
1927,93,2023-03-20,data_insights,7,48
1928,25,2023-02-13,code_assist,5,27
1929,34,2023-02-21,code_assist,4,3
1930,95,2023-04-07,chat_completion,8,21
1931,445,2023-06-01,dashboard_export,4,17
1932,325,2023-01-06,data_insights,5,36
1933,141,2023-03-09,data_insights,2,44
1934,444,2023-01-14,chat_completion,8,33
1935,47,2023-01-23,chat_completion,5,25
1936,90,2023-05-07,code_assist,4,47
1937,44,2023-04-11,data_insights,5,39
1938,445,2023-02-20,code_assist,1,6
1939,33,2023-06-10,data_insights,6,6
1940,187,2023-03-03,dashboard_export,3,44
1941,266,2023-06-19,data_insights,5,28
1942,123,2023-05-22,data_insights,4,49
1943,12,2023-04-12,code_assist,5,7
1944,291,2023-04-05,chat_completion,3,38
1945,203,2023-01-03,code_assist,5,16
1946,202,2023-03-05,code_assist,6,1
1947,303,2023-02-15,dashboard_export,4,24
1948,42,2023-03-09,chat_completion,5,49
1949,110,2023-01-20,code_assist,7,9
1950,430,2023-04-16,chat_completion,5,48
1951,296,2023-04-05,data_insights,5,21
1952,220,2023-04-10,code_assist,7,8
1953,395,2023-05-27,data_insights,2,12
1954,312,2023-02-20,code_assist,6,17
1955,193,2023-04-01,code_assist,4,25
1956,113,2023-04-06,code_assist,5,38
1957,239,2023-03-11,code_assist,1,35
1958,261,2023-03-18,data_insights,9,42
1959,128,2023-05-26,data_insights,4,24
1960,349,2023-02-01,chat_completion,4,5
1961,350,2023-03-01,data_insights,6,12
1962,100,2023-05-01,chat_completion,5,31
1963,284,2023-04-21,chat_completion,3,4
1964,292,2023-04-16,data_insights,3,47
1965,126,2023-06-12,chat_completion,2,33
1966,366,2023-01-05,chat_completion,6,3
1967,363,2023-06-05,code_assist,5,20
1968,306,2023-03-19,data_insights,5,1
1969,78,2023-03-01,chat_completion,3,43
1970,92,2023-02-08,data_insights,5,33
1971,236,2023-02-19,data_insights,4,29
1972,401,2023-01-14,chat_completion,5,47
1973,259,2023-04-07,code_assist,9,12
1974,453,2023-02-26,code_assist,4,6
1975,268,2023-04-20,chat_completion,9,8
1976,47,2023-05-12,chat_completion,7,6
1977,75,2023-03-22,dashboard_export,1,45
1978,400,2023-03-29,dashboard_export,5,31
1979,170,2023-01-14,dashboard_export,10,39
1980,242,2023-04-03,code_assist,4,34
1981,457,2023-04-28,code_assist,4,38
1982,477,2023-05-12,dashboard_export,5,34
1983,130,2023-01-21,dashboard_export,6,9
1984,254,2023-02-25,code_assist,4,49
1985,184,2023-05-05,data_insights,6,50
1986,250,2023-02-21,data_insights,4,46
1987,181,2023-03-15,dashboard_export,7,36
1988,500,2023-05-08,chat_completion,7,28
1989,159,2023-02-27,code_assist,5,40
1990,2,2023-03-12,code_assist,0,24
1991,59,2023-03-24,data_insights,6,31
1992,171,2023-04-01,chat_completion,2,46
1993,242,2023-06-10,data_insights,6,11
1994,52,2023-02-19,chat_completion,3,24
1995,14,2023-01-08,code_assist,3,26
1996,154,2023-01-09,chat_completion,3,42
1997,308,2023-02-13,chat_completion,9,21
1998,12,2023-04-27,dashboard_export,8,32
1999,153,2023-06-09,code_assist,5,11
2000,340,2023-06-24,code_assist,1,33
2001,470,2023-06-10,data_insights,3,19
2002,95,2023-05-07,chat_completion,1,23
2003,184,2023-02-14,data_insights,4,1
2004,157,2023-04-01,dashboard_export,7,19
2005,140,2023-06-29,code_assist,3,50
2006,140,2023-06-23,dashboard_export,9,32
2007,401,2023-02-03,data_insights,7,11
2008,238,2023-04-14,code_assist,3,44
2009,106,2023-05-03,chat_completion,5,16
2010,155,2023-03-17,code_assist,6,37
2011,482,2023-03-06,data_insights,3,43
2012,130,2023-05-12,code_assist,7,34
2013,15,2023-04-29,chat_completion,3,35
2014,183,2023-02-28,dashboard_export,0,6
2015,139,2023-05-25,dashboard_export,2,23
2016,378,2023-04-06,dashboard_export,2,25
2017,368,2023-06-11,data_insights,4,10
2018,115,2023-04-12,code_assist,5,29
2019,4,2023-01-05,data_insights,4,14
2020,418,2023-04-20,dashboard_export,6,27
2021,218,2023-04-17,dashboard_export,11,21
2022,238,2023-02-24,chat_completion,13,39
2023,468,2023-05-22,dashboard_export,2,25
2024,13,2023-05-02,code_assist,5,8
2025,291,2023-05-05,dashboard_export,7,15
2026,467,2023-05-27,code_assist,5,25
2027,225,2023-04-26,data_insights,8,40
2028,4,2023-04-16,dashboard_export,8,12
2029,326,2023-01-10,dashboard_export,4,13
2030,153,2023-01-18,data_insights,5,17
2031,160,2023-01-08,data_insights,6,9
2032,35,2023-05-12,code_assist,3,48
2033,208,2023-02-16,data_insights,7,47
2034,40,2023-05-02,chat_completion,6,46
2035,244,2023-06-24,data_insights,5,48
2036,111,2023-03-29,dashboard_export,3,8
2037,72,2023-04-08,dashboard_export,7,40
2038,149,2023-05-05,code_assist,11,19
2039,93,2023-04-18,dashboard_export,2,40
2040,424,2023-01-26,dashboard_export,4,43
2041,487,2023-04-24,data_insights,7,12
2042,106,2023-02-11,chat_completion,7,22
2043,18,2023-03-05,code_assist,6,37
2044,331,2023-06-14,code_assist,2,39
2045,98,2023-06-03,data_insights,3,49
2046,379,2023-05-07,dashboard_export,7,20
2047,372,2023-05-02,code_assist,5,18
2048,454,2023-05-08,code_assist,6,8
2049,172,2023-05-17,data_insights,-1,7
2050,353,2023-01-28,chat_completion,4,28
2051,495,2023-01-13,dashboard_export,4,23
2052,51,2023-06-27,data_insights,4,47
2053,15,2023-06-17,code_assist,6,44
2054,86,2023-06-22,dashboard_export,6,9
2055,199,2023-02-26,code_assist,6,48
2056,377,2023-05-10,chat_completion,4,29
2057,21,2023-01-15,chat_completion,6,16
2058,490,2023-01-29,code_assist,7,19
2059,281,2023-06-21,code_assist,5,37
2060,290,2023-02-06,code_assist,4,38
2061,53,2023-01-30,data_insights,9,2
2062,377,2023-04-27,data_insights,4,28
2063,302,2023-03-27,dashboard_export,5,31
2064,397,2023-01-12,chat_completion,7,8
2065,341,2023-02-12,chat_completion,4,22
2066,32,2023-02-01,chat_completion,4,31
2067,197,2023-06-14,chat_completion,5,37
2068,4,2023-02-02,code_assist,8,22
2069,212,2023-01-03,data_insights,2,46
2070,376,2023-03-01,dashboard_export,6,49
2071,392,2023-02-23,chat_completion,6,24
2072,409,2023-05-11,dashboard_export,7,28
2073,81,2023-01-18,code_assist,4,29
2074,338,2023-01-29,data_insights,3,14
2075,485,2023-06-16,code_assist,4,17
2076,217,2023-01-20,dashboard_export,4,41
2077,283,2023-05-23,data_insights,4,39
2078,448,2023-06-09,dashboard_export,6,2
2079,451,2023-05-23,chat_completion,2,35
2080,491,2023-02-25,data_insights,5,5
2081,483,2023-02-20,dashboard_export,3,11
2082,86,2023-05-25,data_insights,4,3
2083,291,2023-06-19,code_assist,2,39
2084,433,2023-05-11,data_insights,10,39
2085,238,2023-02-06,data_insights,9,29
2086,142,2023-01-18,chat_completion,3,6
2087,41,2023-03-16,data_insights,4,21
2088,149,2023-02-05,code_assist,-1,26
2089,76,2023-05-06,chat_completion,6,31
2090,397,2023-03-08,dashboard_export,6,22
2091,484,2023-01-30,code_assist,6,47
2092,356,2023-01-06,dashboard_export,8,46
2093,32,2023-05-06,chat_completion,5,28
2094,79,2023-06-05,chat_completion,3,42
2095,234,2023-06-24,dashboard_export,6,21
2096,475,2023-05-30,code_assist,5,16
2097,368,2023-02-10,code_assist,4,48
2098,1,2023-03-25,dashboard_export,6,29
2099,245,2023-06-08,data_insights,5,45
2100,211,2023-06-23,data_insights,4,20
2101,10,2023-03-14,code_assist,5,48
2102,348,2023-04-26,dashboard_export,4,5
2103,319,2023-05-22,chat_completion,7,19
2104,6,2023-04-13,chat_completion,4,37
2105,62,2023-02-26,data_insights,9,9
2106,276,2023-06-08,dashboard_export,7,28
2107,245,2023-01-25,code_assist,5,10
2108,324,2023-04-13,dashboard_export,8,23
2109,100,2023-04-08,data_insights,7,20
2110,155,2023-03-26,dashboard_export,6,14
2111,185,2023-03-13,code_assist,5,32
2112,315,2023-05-23,code_assist,4,26
2113,493,2023-03-17,dashboard_export,5,36
2114,61,2023-05-05,code_assist,12,8
2115,3,2023-06-20,dashboard_export,1,40
2116,426,2023-04-02,code_assist,7,2
2117,75,2023-02-25,chat_completion,2,17
2118,132,2023-01-20,dashboard_export,2,19
2119,34,2023-01-21,code_assist,2,8
2120,244,2023-06-20,code_assist,8,9
2121,479,2023-05-11,code_assist,4,40
2122,287,2023-06-04,chat_completion,4,41
2123,283,2023-04-11,dashboard_export,3,15
2124,440,2023-03-11,dashboard_export,7,3
2125,281,2023-05-28,data_insights,4,33
2126,115,2023-06-17,data_insights,7,47
2127,61,2023-01-14,data_insights,5,29
2128,384,2023-03-02,dashboard_export,9,18
2129,36,2023-02-04,dashboard_export,4,27
2130,255,2023-01-17,chat_completion,6,9
2131,225,2023-03-14,dashboard_export,3,48
2132,378,2023-02-23,chat_completion,11,14
2133,471,2023-01-04,code_assist,8,43
2134,131,2023-05-20,data_insights,2,37
2135,444,2023-03-30,chat_completion,5,19
2136,418,2023-02-02,code_assist,4,14
2137,58,2023-05-26,dashboard_export,3,44
2138,28,2023-01-05,chat_completion,7,8
2139,108,2023-05-03,dashboard_export,5,21
2140,188,2023-05-18,chat_completion,5,9
2141,140,2023-01-20,chat_completion,3,28
2142,82,2023-02-12,code_assist,5,3
2143,321,2023-02-24,chat_completion,8,24
2144,25,2023-01-25,data_insights,2,4
2145,402,2023-02-16,code_assist,9,47
2146,482,2023-05-05,dashboard_export,5,32
2147,219,2023-02-19,dashboard_export,3,10
2148,10,2023-06-02,chat_completion,12,5
2149,127,2023-03-17,code_assist,4,7
2150,306,2023-03-22,chat_completion,10,27
2151,204,2023-03-16,code_assist,5,16
2152,260,2023-03-17,code_assist,3,20
2153,215,2023-02-26,chat_completion,7,8
2154,259,2023-06-07,data_insights,9,25
2155,40,2023-03-15,code_assist,6,35
2156,112,2023-06-14,chat_completion,5,48
2157,2,2023-03-11,code_assist,5,24
2158,271,2023-05-31,chat_completion,4,37
2159,158,2023-02-07,dashboard_export,8,2
2160,85,2023-05-16,code_assist,6,47
2161,485,2023-01-23,data_insights,4,39
2162,490,2023-04-01,chat_completion,3,45
2163,228,2023-03-22,chat_completion,5,5
2164,157,2023-02-06,dashboard_export,6,30
2165,73,2023-02-25,data_insights,5,18
2166,463,2023-02-10,dashboard_export,4,34
2167,5,2023-01-18,chat_completion,5,8
2168,191,2023-01-03,code_assist,6,24
2169,382,2023-01-31,dashboard_export,9,14
2170,335,2023-06-11,dashboard_export,6,48
2171,13,2023-03-24,dashboard_export,2,22
2172,302,2023-06-12,chat_completion,4,28
2173,284,2023-02-02,dashboard_export,3,45
2174,201,2023-04-02,dashboard_export,5,20
2175,479,2023-05-02,code_assist,9,37
2176,413,2023-05-10,chat_completion,3,40
2177,490,2023-05-06,chat_completion,4,21
2178,411,2023-01-17,data_insights,3,38
2179,192,2023-06-18,chat_completion,4,18
2180,135,2023-02-13,code_assist,7,20
2181,98,2023-01-17,data_insights,3,17
2182,215,2023-01-06,code_assist,7,32
2183,85,2023-03-12,dashboard_export,4,2
2184,84,2023-03-22,data_insights,2,7
2185,333,2023-02-25,chat_completion,8,18
2186,75,2023-05-31,data_insights,5,26
2187,150,2023-02-09,code_assist,1,22
2188,407,2023-01-29,code_assist,7,17
2189,43,2023-04-23,chat_completion,9,31
2190,494,2023-04-11,chat_completion,4,16
2191,346,2023-04-14,data_insights,5,3
2192,249,2023-02-02,code_assist,3,16
2193,77,2023-01-30,data_insights,6,32
2194,499,2023-04-28,dashboard_export,4,3
2195,323,2023-05-10,code_assist,2,43
2196,1,2023-01-14,data_insights,4,28
2197,322,2023-03-24,dashboard_export,8,48
2198,231,2023-03-14,dashboard_export,4,23
2199,161,2023-04-15,chat_completion,3,21
2200,144,2023-02-12,code_assist,9,38
2201,451,2023-01-28,dashboard_export,1,8
2202,287,2023-03-09,data_insights,1,19
2203,97,2023-04-30,chat_completion,3,18
2204,151,2023-02-10,code_assist,8,1
2205,366,2023-05-07,code_assist,6,2
2206,194,2023-06-29,dashboard_export,4,48
2207,12,2023-04-29,data_insights,3,23
2208,29,2023-05-22,code_assist,4,42
2209,17,2023-02-24,data_insights,10,15
2210,146,2023-03-07,chat_completion,7,13
2211,396,2023-05-15,dashboard_export,5,45
2212,14,2023-05-10,dashboard_export,3,29
2213,249,2023-06-11,chat_completion,5,24
2214,342,2023-05-02,code_assist,5,17
2215,88,2023-03-17,dashboard_export,0,1
2216,157,2023-06-10,code_assist,4,30
2217,231,2023-03-25,code_assist,8,40
2218,63,2023-03-04,dashboard_export,6,30
2219,213,2023-03-28,data_insights,4,4
2220,407,2023-01-20,code_assist,7,23
2221,1,2023-05-15,chat_completion,5,49
2222,299,2023-04-26,dashboard_export,8,41
2223,353,2023-02-03,chat_completion,3,29
2224,142,2023-04-20,chat_completion,2,26
2225,69,2023-06-11,chat_completion,1,21
2226,248,2023-04-26,dashboard_export,6,37
2227,448,2023-01-25,dashboard_export,9,36
2228,170,2023-02-06,chat_completion,8,39
2229,233,2023-05-13,code_assist,8,11
2230,392,2023-06-18,dashboard_export,6,38
2231,302,2023-05-08,chat_completion,6,40
2232,418,2023-03-01,dashboard_export,6,19
2233,51,2023-03-01,dashboard_export,2,5
2234,263,2023-04-09,data_insights,3,24
2235,17,2023-06-19,data_insights,7,14
2236,243,2023-03-13,data_insights,5,27
2237,184,2023-05-26,dashboard_export,3,50
2238,500,2023-01-20,chat_completion,6,44
2239,313,2023-06-18,chat_completion,3,13
2240,9,2023-02-15,code_assist,4,45
2241,75,2023-06-14,chat_completion,4,15
2242,183,2023-02-17,data_insights,3,46
2243,155,2023-03-03,chat_completion,5,8
2244,329,2023-03-31,code_assist,6,29
2245,162,2023-03-18,dashboard_export,4,34
2246,146,2023-05-12,chat_completion,5,26
2247,345,2023-01-04,chat_completion,6,16
2248,85,2023-04-08,code_assist,5,3
2249,151,2023-02-05,chat_completion,7,10
2250,69,2023-06-29,data_insights,5,38
2251,138,2023-04-26,dashboard_export,3,8
2252,10,2023-01-10,dashboard_export,5,41
2253,170,2023-06-17,chat_completion,5,44
2254,230,2023-03-02,chat_completion,5,25
2255,348,2023-05-06,dashboard_export,7,34
2256,139,2023-06-04,code_assist,4,48
2257,312,2023-04-26,dashboard_export,4,5
2258,344,2023-05-06,data_insights,4,26
2259,56,2023-04-13,data_insights,8,3
2260,392,2023-02-09,dashboard_export,2,7
2261,463,2023-01-05,code_assist,8,23
2262,224,2023-05-24,code_assist,5,25
2263,168,2023-02-26,code_assist,5,2
2264,170,2023-04-15,data_insights,3,30
2265,433,2023-02-02,data_insights,5,48
2266,376,2023-03-16,data_insights,4,18
2267,313,2023-03-01,data_insights,6,49
2268,111,2023-06-12,dashboard_export,3,9
2269,186,2023-04-07,code_assist,2,19
2270,123,2023-01-22,dashboard_export,3,5
2271,180,2023-04-29,code_assist,3,8
2272,129,2023-03-03,chat_completion,7,28
2273,282,2023-04-10,dashboard_export,8,15
2274,255,2023-06-18,data_insights,7,32
2275,470,2023-02-10,dashboard_export,8,47
2276,144,2023-05-26,chat_completion,4,38
2277,474,2023-03-06,code_assist,5,11
2278,220,2023-04-29,data_insights,1,15
2279,410,2023-04-06,data_insights,7,20
2280,305,2023-03-15,chat_completion,5,11
2281,251,2023-03-29,chat_completion,4,35
2282,108,2023-01-19,chat_completion,6,43
2283,330,2023-04-11,code_assist,7,42
2284,186,2023-03-10,data_insights,5,1
2285,137,2023-05-12,chat_completion,4,14
2286,147,2023-06-11,data_insights,3,21
2287,34,2023-06-20,dashboard_export,4,10
2288,361,2023-03-29,code_assist,5,7
2289,173,2023-05-08,dashboard_export,4,3
2290,436,2023-02-12,dashboard_export,5,24
2291,36,2023-03-09,chat_completion,8,35
2292,13,2023-02-07,dashboard_export,10,39
2293,475,2023-04-08,code_assist,2,5
2294,244,2023-06-02,data_insights,6,37
2295,14,2023-05-22,chat_completion,4,29
2296,287,2023-06-01,chat_completion,4,18
2297,69,2023-04-11,code_assist,7,36
2298,146,2023-05-01,code_assist,3,28
2299,173,2023-03-10,data_insights,9,3
2300,450,2023-03-08,code_assist,4,37
2301,263,2023-01-06,data_insights,6,7
2302,458,2023-05-12,dashboard_export,8,2
2303,326,2023-03-17,code_assist,4,25
2304,92,2023-03-02,chat_completion,4,10
2305,429,2023-03-17,code_assist,7,42
2306,416,2023-03-19,code_assist,2,45
2307,406,2023-06-15,data_insights,6,50
2308,172,2023-05-11,code_assist,5,20
2309,494,2023-05-06,data_insights,3,25
2310,367,2023-01-22,data_insights,1,9
2311,499,2023-05-04,dashboard_export,6,28
2312,339,2023-01-17,chat_completion,1,11
2313,405,2023-06-16,data_insights,5,19
2314,225,2023-03-08,chat_completion,10,19
2315,242,2023-06-26,chat_completion,4,21
2316,305,2023-05-29,dashboard_export,2,25
2317,128,2023-06-06,code_assist,4,38
2318,307,2023-06-25,data_insights,2,50
2319,233,2023-02-06,data_insights,2,49
2320,286,2023-05-04,code_assist,5,38
2321,414,2023-01-11,data_insights,6,26
2322,256,2023-03-31,dashboard_export,8,45
2323,224,2023-01-31,data_insights,10,13
2324,435,2023-05-20,data_insights,8,17
2325,88,2023-01-14,chat_completion,8,35
2326,256,2023-05-06,data_insights,4,1
2327,162,2023-06-11,data_insights,6,10
2328,153,2023-01-13,data_insights,6,38
2329,275,2023-04-05,dashboard_export,3,1
2330,43,2023-04-09,dashboard_export,5,3
2331,64,2023-06-20,dashboard_export,3,2
2332,477,2023-06-11,chat_completion,5,10
2333,409,2023-04-28,data_insights,10,33
2334,224,2023-01-14,code_assist,0,10
2335,329,2023-03-07,code_assist,4,24
2336,395,2023-05-10,chat_completion,3,8
2337,173,2023-03-04,data_insights,8,8
2338,173,2023-06-02,code_assist,2,17
2339,227,2023-01-17,dashboard_export,1,1
2340,260,2023-02-19,code_assist,4,2
2341,7,2023-02-14,dashboard_export,4,43
2342,481,2023-06-29,dashboard_export,3,36
2343,97,2023-03-03,data_insights,3,46
2344,303,2023-03-05,data_insights,8,23
2345,54,2023-04-05,chat_completion,4,35
2346,469,2023-03-03,data_insights,8,38
2347,340,2023-05-10,dashboard_export,3,36
2348,244,2023-03-14,dashboard_export,4,3
2349,393,2023-04-06,dashboard_export,5,8
2350,217,2023-06-27,code_assist,7,42
2351,114,2023-03-01,dashboard_export,2,26
2352,378,2023-05-27,data_insights,5,4
2353,338,2023-02-01,dashboard_export,6,50
2354,127,2023-01-08,code_assist,3,1
2355,22,2023-05-10,chat_completion,9,42
2356,305,2023-06-23,code_assist,6,39
2357,381,2023-05-15,dashboard_export,6,44
2358,19,2023-01-22,chat_completion,9,45
2359,452,2023-01-16,data_insights,4,10
2360,401,2023-02-16,chat_completion,3,50
2361,188,2023-06-24,dashboard_export,5,32
2362,15,2023-01-17,code_assist,2,11
2363,91,2023-02-01,dashboard_export,3,17
2364,29,2023-02-17,data_insights,10,36
2365,428,2023-02-10,chat_completion,13,36
2366,7,2023-04-21,chat_completion,6,34
2367,373,2023-03-10,chat_completion,1,32
2368,365,2023-04-12,code_assist,7,21
2369,398,2023-06-11,chat_completion,5,39
2370,9,2023-01-15,chat_completion,8,14
2371,346,2023-03-05,dashboard_export,2,1
2372,447,2023-02-03,data_insights,7,13
2373,3,2023-01-31,chat_completion,4,35
2374,387,2023-01-19,code_assist,10,34
2375,357,2023-06-20,dashboard_export,4,27
2376,217,2023-03-08,data_insights,1,29
2377,250,2023-02-17,code_assist,4,6
2378,13,2023-02-27,code_assist,1,28
2379,298,2023-03-06,chat_completion,3,13
2380,389,2023-02-08,chat_completion,6,47
2381,361,2023-01-17,dashboard_export,1,36
2382,7,2023-04-16,chat_completion,7,31
2383,35,2023-06-09,data_insights,6,34
2384,11,2023-05-15,chat_completion,5,42
2385,437,2023-01-04,data_insights,6,18
2386,144,2023-04-25,dashboard_export,6,47
2387,361,2023-04-30,data_insights,6,45
2388,296,2023-03-29,dashboard_export,3,37
2389,428,2023-05-19,code_assist,6,10
2390,368,2023-05-19,data_insights,5,21
2391,458,2023-04-05,code_assist,6,12
2392,428,2023-05-03,chat_completion,7,41
2393,392,2023-04-14,code_assist,9,31
2394,339,2023-03-30,chat_completion,6,8
2395,483,2023-01-28,data_insights,5,42
2396,424,2023-04-03,chat_completion,5,6
2397,143,2023-05-27,data_insights,6,26
2398,427,2023-06-21,dashboard_export,6,18
2399,456,2023-02-24,code_assist,5,29
2400,160,2023-01-01,code_assist,2,42
2401,213,2023-01-30,code_assist,7,16
2402,183,2023-03-10,data_insights,6,9
2403,306,2023-01-05,dashboard_export,3,9
2404,57,2023-02-17,dashboard_export,4,30
2405,406,2023-05-22,code_assist,3,48
2406,332,2023-01-09,chat_completion,8,38
2407,271,2023-01-30,dashboard_export,8,46
2408,425,2023-06-11,code_assist,3,38
2409,41,2023-05-16,dashboard_export,11,43
2410,190,2023-01-08,chat_completion,5,18
2411,434,2023-01-30,data_insights,5,1
2412,276,2023-04-27,dashboard_export,3,11
2413,221,2023-05-27,data_insights,0,42
2414,474,2023-04-20,data_insights,5,42
2415,338,2023-03-03,code_assist,4,9
2416,149,2023-01-11,dashboard_export,3,1
2417,83,2023-04-16,data_insights,2,20
2418,122,2023-06-15,chat_completion,4,24
2419,418,2023-04-12,chat_completion,6,39
2420,225,2023-02-15,data_insights,7,47
2421,11,2023-04-17,chat_completion,6,40
2422,475,2023-04-19,chat_completion,1,9
2423,380,2023-03-07,code_assist,3,7
2424,462,2023-05-22,code_assist,5,39
2425,422,2023-04-13,dashboard_export,0,9
2426,119,2023-06-13,dashboard_export,5,38
2427,196,2023-01-28,code_assist,4,48
2428,282,2023-04-14,code_assist,5,24
2429,383,2023-01-08,data_insights,7,29
2430,200,2023-05-17,data_insights,3,43
2431,3,2023-04-17,dashboard_export,6,48
2432,216,2023-02-20,code_assist,8,24
2433,421,2023-04-01,dashboard_export,6,3
2434,29,2023-05-05,code_assist,7,1
2435,60,2023-04-24,data_insights,4,18
2436,424,2023-04-27,data_insights,3,3
2437,232,2023-06-29,chat_completion,8,19
2438,75,2023-02-23,data_insights,9,11
2439,90,2023-04-11,data_insights,5,13
2440,377,2023-01-20,data_insights,4,45
2441,453,2023-05-20,data_insights,7,13
2442,283,2023-02-15,data_insights,6,41
2443,4,2023-02-17,chat_completion,3,34
2444,98,2023-02-26,data_insights,8,10
2445,149,2023-02-06,data_insights,3,1
2446,458,2023-06-01,dashboard_export,1,10
2447,238,2023-01-15,data_insights,7,6
2448,235,2023-02-16,data_insights,3,42
2449,82,2023-03-19,dashboard_export,7,45
2450,456,2023-04-24,code_assist,1,41
2451,70,2023-06-08,code_assist,4,15
2452,205,2023-01-09,data_insights,3,25
2453,66,2023-01-09,dashboard_export,4,13
2454,261,2023-05-18,code_assist,3,50
2455,132,2023-05-03,data_insights,5,48
2456,484,2023-05-05,chat_completion,7,21
2457,461,2023-02-07,dashboard_export,3,10
2458,380,2023-06-11,chat_completion,3,38
2459,311,2023-04-03,data_insights,3,10
2460,152,2023-06-19,code_assist,5,28
2461,82,2023-02-22,data_insights,7,36
2462,264,2023-03-24,code_assist,6,45
2463,290,2023-05-22,chat_completion,5,12
2464,192,2023-03-11,code_assist,9,29
2465,309,2023-01-19,chat_completion,7,24
2466,411,2023-01-02,data_insights,5,32
2467,117,2023-03-05,code_assist,4,29
2468,102,2023-05-18,dashboard_export,3,10
2469,408,2023-05-27,data_insights,6,25
2470,138,2023-03-23,data_insights,7,29
2471,204,2023-01-11,data_insights,4,20
2472,206,2023-05-22,chat_completion,4,48
2473,263,2023-04-26,data_insights,5,42
2474,112,2023-04-23,dashboard_export,4,1
2475,201,2023-05-03,code_assist,12,19
2476,391,2023-01-26,chat_completion,6,24
2477,446,2023-01-25,chat_completion,5,29
2478,442,2023-03-28,chat_completion,3,40
2479,91,2023-06-12,data_insights,3,12
2480,430,2023-01-11,dashboard_export,4,46
2481,328,2023-04-27,code_assist,6,15
2482,158,2023-02-16,chat_completion,6,33
2483,182,2023-05-21,data_insights,4,35
2484,303,2023-03-11,chat_completion,4,47
2485,162,2023-02-06,dashboard_export,3,49
2486,10,2023-05-24,data_insights,5,13
2487,386,2023-02-14,dashboard_export,6,48
2488,230,2023-04-22,dashboard_export,4,40
2489,244,2023-02-28,code_assist,8,3
2490,87,2023-04-14,code_assist,6,49
2491,48,2023-03-24,data_insights,3,34
2492,392,2023-06-14,dashboard_export,4,17
2493,190,2023-03-10,data_insights,5,3
2494,32,2023-02-05,chat_completion,5,23
2495,442,2023-02-02,code_assist,3,36
2496,268,2023-02-28,code_assist,8,34
2497,354,2023-04-12,dashboard_export,4,12
2498,293,2023-06-28,dashboard_export,5,6
2499,30,2023-04-19,code_assist,2,11
2500,21,2023-01-23,data_insights,5,2
2501,199,2023-01-06,code_assist,11,31
2502,125,2023-05-07,code_assist,2,14
2503,127,2023-04-29,chat_completion,5,9
2504,337,2023-01-30,chat_completion,4,32
2505,114,2023-06-16,dashboard_export,4,13
2506,439,2023-05-30,chat_completion,4,45
2507,32,2023-02-06,code_assist,8,1
2508,443,2023-05-26,chat_completion,4,35
2509,79,2023-02-24,code_assist,7,27
2510,314,2023-01-25,chat_completion,2,26
2511,172,2023-06-02,dashboard_export,6,14
2512,245,2023-03-01,dashboard_export,2,15
2513,358,2023-03-10,data_insights,3,37
2514,252,2023-04-08,data_insights,10,30
2515,57,2023-01-27,chat_completion,0,39
2516,109,2023-02-27,dashboard_export,6,40
2517,460,2023-05-09,chat_completion,4,46
2518,51,2023-05-26,data_insights,4,32
2519,261,2023-04-06,code_assist,5,19
2520,116,2023-05-04,dashboard_export,2,47
2521,381,2023-05-09,code_assist,8,43
2522,243,2023-05-27,dashboard_export,2,40
2523,166,2023-05-17,dashboard_export,8,24
2524,76,2023-01-23,code_assist,5,15
2525,384,2023-06-12,dashboard_export,8,12
2526,365,2023-05-13,code_assist,8,41
2527,451,2023-03-27,data_insights,3,44
2528,222,2023-06-28,chat_completion,7,40
2529,51,2023-06-27,code_assist,1,10
2530,119,2023-03-31,data_insights,2,36
2531,186,2023-01-11,data_insights,6,40
2532,299,2023-05-06,code_assist,10,26
2533,337,2023-03-13,code_assist,2,12
2534,452,2023-02-07,chat_completion,2,15
2535,464,2023-06-28,code_assist,1,41
2536,345,2023-05-20,chat_completion,2,25
2537,245,2023-06-18,chat_completion,3,6
2538,466,2023-04-08,dashboard_export,3,7
2539,327,2023-01-01,code_assist,6,7
2540,279,2023-06-21,code_assist,6,33
2541,204,2023-03-29,dashboard_export,4,1
2542,246,2023-02-12,chat_completion,10,29
2543,306,2023-06-07,chat_completion,6,35
2544,141,2023-03-04,chat_completion,10,3
2545,285,2023-04-17,data_insights,3,48
2546,5,2023-05-26,chat_completion,6,29
2547,468,2023-03-11,code_assist,2,20
2548,78,2023-01-01,code_assist,1,23
2549,311,2023-06-24,code_assist,4,26
2550,7,2023-04-15,data_insights,3,37
2551,84,2023-02-12,chat_completion,9,35
2552,70,2023-03-20,dashboard_export,4,7
2553,253,2023-05-27,code_assist,4,50
2554,484,2023-01-30,data_insights,3,24
2555,472,2023-05-08,chat_completion,1,13
2556,184,2023-04-06,data_insights,4,46
2557,353,2023-02-07,chat_completion,2,39
2558,173,2023-04-05,dashboard_export,4,9
2559,134,2023-05-16,chat_completion,6,22
2560,213,2023-05-08,dashboard_export,6,48
2561,406,2023-05-31,dashboard_export,3,29
2562,446,2023-01-21,dashboard_export,5,42
2563,338,2023-04-12,dashboard_export,9,17
2564,5,2023-01-04,chat_completion,10,24
2565,204,2023-02-25,code_assist,1,15
2566,66,2023-06-04,data_insights,5,29
2567,48,2023-04-09,chat_completion,1,35
2568,368,2023-02-09,data_insights,4,47
2569,19,2023-03-25,code_assist,3,13
2570,9,2023-04-25,data_insights,7,24
2571,493,2023-03-17,code_assist,10,24
2572,161,2023-01-03,data_insights,4,8
2573,313,2023-01-18,code_assist,4,21
2574,63,2023-05-27,code_assist,2,34
2575,108,2023-03-24,code_assist,9,7
2576,4,2023-05-24,code_assist,6,22
2577,134,2023-04-05,code_assist,14,45
2578,312,2023-04-27,chat_completion,5,10
2579,140,2023-04-05,code_assist,6,30
2580,391,2023-06-21,data_insights,4,26
2581,358,2023-02-17,data_insights,7,21
2582,432,2023-05-29,code_assist,6,12
2583,163,2023-01-10,dashboard_export,7,9
2584,189,2023-02-15,data_insights,6,34
2585,379,2023-01-18,data_insights,4,43
2586,225,2023-03-07,code_assist,3,34
2587,452,2023-03-17,code_assist,10,43
2588,283,2023-05-31,chat_completion,5,21
2589,271,2023-03-20,code_assist,2,37
2590,75,2023-06-20,dashboard_export,7,27
2591,17,2023-02-07,chat_completion,8,27
2592,303,2023-02-03,dashboard_export,2,10
2593,416,2023-05-20,dashboard_export,5,2
2594,268,2023-04-03,dashboard_export,10,9
2595,276,2023-04-10,chat_completion,6,2
2596,30,2023-01-20,data_insights,4,45
2597,75,2023-02-11,code_assist,5,2
2598,379,2023-03-19,chat_completion,4,29
2599,141,2023-04-17,dashboard_export,3,17
2600,352,2023-05-01,code_assist,6,24
2601,127,2023-01-17,chat_completion,2,35
2602,105,2023-03-26,dashboard_export,3,33
2603,347,2023-01-15,chat_completion,4,26
2604,490,2023-05-08,data_insights,5,31
2605,308,2023-05-03,dashboard_export,5,37
2606,210,2023-04-21,code_assist,2,21
2607,451,2023-02-14,dashboard_export,2,26
2608,326,2023-01-18,chat_completion,2,35
2609,217,2023-01-18,dashboard_export,6,42
2610,438,2023-05-25,data_insights,6,10
2611,110,2023-05-25,dashboard_export,5,31
2612,413,2023-06-15,chat_completion,7,38
2613,89,2023-02-17,code_assist,4,48
2614,118,2023-01-17,chat_completion,4,39
2615,214,2023-04-26,dashboard_export,4,39
2616,308,2023-01-22,dashboard_export,1,8
2617,269,2023-01-06,code_assist,3,29
2618,115,2023-04-01,data_insights,4,28
2619,177,2023-02-02,dashboard_export,5,19
2620,313,2023-05-06,dashboard_export,9,10
2621,366,2023-02-04,chat_completion,4,11
2622,97,2023-06-28,code_assist,6,20
2623,102,2023-01-14,code_assist,5,43
2624,409,2023-02-03,code_assist,3,24
2625,210,2023-05-22,data_insights,10,12
2626,252,2023-01-26,chat_completion,3,23
2627,334,2023-05-18,dashboard_export,5,16
2628,152,2023-05-10,dashboard_export,6,35
2629,8,2023-02-03,chat_completion,8,9
2630,432,2023-04-22,dashboard_export,4,13
2631,477,2023-05-06,data_insights,4,42
2632,392,2023-02-24,data_insights,5,13
2633,305,2023-03-13,data_insights,9,46
2634,372,2023-02-20,data_insights,5,31
2635,77,2023-04-23,dashboard_export,3,35
2636,188,2023-02-17,code_assist,4,7
2637,36,2023-06-11,data_insights,7,28
2638,270,2023-05-17,data_insights,3,4
2639,147,2023-05-25,code_assist,5,44
2640,18,2023-04-11,code_assist,3,11
2641,256,2023-05-07,chat_completion,7,38
2642,214,2023-06-03,code_assist,6,16
2643,486,2023-04-22,dashboard_export,2,25
2644,443,2023-03-29,code_assist,5,27
2645,460,2023-03-31,dashboard_export,3,15
2646,291,2023-06-25,chat_completion,3,33
2647,12,2023-06-22,data_insights,4,44
2648,124,2023-05-28,code_assist,7,16
2649,408,2023-06-18,code_assist,5,12
2650,422,2023-03-26,code_assist,4,13
2651,317,2023-04-18,code_assist,7,34
2652,302,2023-05-17,dashboard_export,4,5
2653,484,2023-03-26,code_assist,3,14
2654,493,2023-02-20,dashboard_export,2,31
2655,66,2023-03-15,data_insights,4,43
2656,88,2023-03-12,code_assist,3,35
2657,149,2023-02-10,data_insights,5,3
2658,178,2023-02-22,dashboard_export,6,20
2659,87,2023-03-07,code_assist,2,8
2660,334,2023-01-03,chat_completion,9,20
2661,291,2023-01-29,chat_completion,1,19
2662,70,2023-06-07,dashboard_export,4,23
2663,24,2023-04-27,data_insights,4,11
2664,491,2023-01-25,chat_completion,4,18
2665,496,2023-05-06,dashboard_export,2,22
2666,69,2023-05-14,dashboard_export,3,10
2667,41,2023-02-02,code_assist,3,46
2668,1,2023-06-08,code_assist,4,35
2669,115,2023-05-08,chat_completion,5,48
2670,59,2023-05-10,dashboard_export,3,6
2671,128,2023-05-31,chat_completion,11,20
2672,116,2023-01-23,chat_completion,5,47
2673,355,2023-01-06,chat_completion,7,38
2674,73,2023-04-02,chat_completion,4,34
2675,217,2023-04-14,chat_completion,5,24
2676,2,2023-03-14,dashboard_export,6,1
2677,172,2023-02-25,chat_completion,7,34
2678,366,2023-03-18,chat_completion,2,34
2679,105,2023-04-02,data_insights,2,41
2680,290,2023-03-02,data_insights,6,18
2681,53,2023-02-27,data_insights,5,42
2682,484,2023-05-21,chat_completion,7,21
2683,107,2023-02-04,chat_completion,5,15
2684,471,2023-04-11,data_insights,4,16
2685,95,2023-06-25,chat_completion,8,47
2686,429,2023-01-05,data_insights,4,38
2687,304,2023-01-03,data_insights,10,45
2688,393,2023-06-08,dashboard_export,3,22
2689,325,2023-04-17,chat_completion,8,8
2690,130,2023-04-18,dashboard_export,8,3
2691,399,2023-01-19,code_assist,8,1
2692,472,2023-06-19,code_assist,2,41
2693,52,2023-06-12,code_assist,9,24
2694,465,2023-02-23,data_insights,5,28
2695,136,2023-03-14,chat_completion,6,18
2696,95,2023-01-15,data_insights,12,38
2697,120,2023-02-04,chat_completion,3,27
2698,469,2023-02-21,data_insights,6,47
2699,250,2023-04-10,chat_completion,2,32
2700,100,2023-04-12,data_insights,4,34
2701,108,2023-03-18,data_insights,2,47
2702,471,2023-05-10,chat_completion,0,9
2703,111,2023-02-16,code_assist,6,24
2704,487,2023-04-10,code_assist,5,42
2705,56,2023-01-25,chat_completion,3,38
2706,269,2023-04-26,data_insights,3,46
2707,14,2023-02-15,data_insights,8,38
2708,32,2023-01-06,data_insights,5,26
2709,355,2023-05-10,dashboard_export,5,20
2710,475,2023-04-20,code_assist,4,7
2711,343,2023-06-29,data_insights,4,15
2712,315,2023-02-02,code_assist,4,7
2713,410,2023-01-01,data_insights,6,23
2714,406,2023-02-07,dashboard_export,2,40
2715,185,2023-01-06,data_insights,4,29
2716,64,2023-06-12,data_insights,3,31
2717,425,2023-06-09,code_assist,9,34
2718,205,2023-01-21,chat_completion,4,23
2719,280,2023-05-19,data_insights,8,15
2720,318,2023-05-20,chat_completion,6,32
2721,313,2023-04-10,code_assist,10,37
2722,249,2023-06-14,dashboard_export,8,20
2723,166,2023-04-27,chat_completion,9,29
2724,51,2023-02-02,chat_completion,8,20
2725,101,2023-01-10,data_insights,5,20
2726,308,2023-06-11,data_insights,6,48
2727,450,2023-02-06,data_insights,3,7
2728,358,2023-06-06,data_insights,4,34
2729,391,2023-04-02,chat_completion,4,1
2730,230,2023-05-01,chat_completion,1,34
2731,276,2023-03-12,code_assist,9,15
2732,68,2023-02-15,data_insights,5,3
2733,164,2023-04-15,code_assist,5,3
2734,408,2023-05-08,chat_completion,4,11
2735,355,2023-06-06,chat_completion,4,24
2736,157,2023-01-04,code_assist,7,30
2737,395,2023-06-09,chat_completion,11,39
2738,373,2023-03-05,chat_completion,6,18
2739,83,2023-05-13,dashboard_export,2,33
2740,47,2023-04-05,chat_completion,7,31
2741,272,2023-05-27,chat_completion,5,41
2742,70,2023-04-20,data_insights,2,2
2743,206,2023-04-21,dashboard_export,0,9
2744,124,2023-01-25,code_assist,10,33
2745,368,2023-04-09,chat_completion,3,21
2746,175,2023-05-12,data_insights,10,16
2747,287,2023-02-03,code_assist,4,4
2748,265,2023-02-26,code_assist,7,21
2749,141,2023-02-24,chat_completion,8,37
2750,427,2023-03-12,data_insights,2,10
2751,24,2023-03-20,chat_completion,8,2
2752,103,2023-03-14,data_insights,3,22
2753,330,2023-01-11,chat_completion,4,18
2754,306,2023-06-25,code_assist,3,35
2755,170,2023-03-26,data_insights,8,27
2756,159,2023-06-07,dashboard_export,3,14
2757,249,2023-03-10,code_assist,5,11
2758,270,2023-02-01,dashboard_export,8,21
2759,144,2023-04-24,data_insights,3,28
2760,333,2023-05-13,data_insights,7,25
2761,282,2023-05-15,code_assist,4,27
2762,200,2023-01-30,code_assist,7,5
2763,152,2023-02-13,dashboard_export,4,8
2764,380,2023-06-02,code_assist,4,45
2765,203,2023-05-16,code_assist,6,40
2766,246,2023-06-14,code_assist,5,3
2767,18,2023-06-22,data_insights,5,8
2768,105,2023-04-01,code_assist,6,10
2769,258,2023-06-29,chat_completion,7,38
2770,234,2023-04-12,code_assist,3,45
2771,375,2023-02-02,chat_completion,4,31
2772,189,2023-03-03,code_assist,5,20
2773,478,2023-06-29,chat_completion,6,47
2774,61,2023-03-08,data_insights,2,37
2775,364,2023-01-26,dashboard_export,7,4
2776,312,2023-06-15,dashboard_export,7,30
2777,315,2023-05-28,chat_completion,1,49
2778,1,2023-06-25,dashboard_export,2,44
2779,256,2023-01-20,chat_completion,5,3
2780,326,2023-02-23,code_assist,3,33
2781,11,2023-04-25,chat_completion,2,43
2782,194,2023-01-05,code_assist,6,21
2783,142,2023-04-23,code_assist,1,24
2784,479,2023-06-23,code_assist,3,9
2785,98,2023-03-02,data_insights,5,26
2786,353,2023-03-22,data_insights,4,4
2787,160,2023-06-25,chat_completion,6,27
2788,179,2023-04-21,chat_completion,5,47
2789,334,2023-03-01,dashboard_export,5,38
2790,134,2023-04-10,data_insights,6,49
2791,42,2023-03-11,dashboard_export,0,47
2792,292,2023-05-02,dashboard_export,2,36
2793,119,2023-01-10,dashboard_export,4,10
2794,97,2023-06-26,data_insights,5,48
2795,204,2023-02-21,data_insights,5,11
2796,281,2023-04-11,data_insights,5,17
2797,459,2023-02-16,chat_completion,6,41
2798,376,2023-06-29,code_assist,2,29
2799,259,2023-01-15,dashboard_export,6,32
2800,75,2023-04-11,dashboard_export,3,9
2801,342,2023-05-23,chat_completion,7,14
2802,317,2023-01-20,code_assist,5,4
2803,422,2023-01-30,dashboard_export,5,32
2804,351,2023-02-19,dashboard_export,4,41
2805,396,2023-02-14,code_assist,8,22
2806,150,2023-01-08,chat_completion,5,43
2807,111,2023-06-20,dashboard_export,5,36
2808,26,2023-05-05,data_insights,5,6
2809,107,2023-03-29,chat_completion,2,13
2810,429,2023-03-08,code_assist,5,18
2811,52,2023-06-20,data_insights,3,1
2812,435,2023-04-17,data_insights,5,27
2813,458,2023-01-13,chat_completion,3,30
2814,76,2023-01-28,chat_completion,7,46
2815,363,2023-03-22,dashboard_export,6,44
2816,412,2023-04-07,dashboard_export,6,42
2817,499,2023-03-23,dashboard_export,6,12
2818,441,2023-01-06,dashboard_export,5,37
2819,117,2023-01-27,code_assist,7,19
2820,132,2023-01-16,dashboard_export,4,15
2821,297,2023-01-17,dashboard_export,4,7
2822,173,2023-05-29,data_insights,7,7
2823,260,2023-06-21,data_insights,7,19
2824,441,2023-04-03,code_assist,3,34
2825,99,2023-06-03,code_assist,2,31
2826,246,2023-04-15,dashboard_export,12,9
2827,216,2023-02-06,code_assist,2,5
2828,161,2023-03-29,chat_completion,8,18
2829,119,2023-03-15,code_assist,2,39
2830,111,2023-04-03,code_assist,5,15
2831,100,2023-03-30,chat_completion,4,40
2832,24,2023-01-21,data_insights,5,5
2833,449,2023-04-03,chat_completion,6,33
2834,125,2023-01-24,data_insights,8,42
2835,274,2023-05-09,code_assist,8,39
2836,472,2023-03-11,code_assist,10,5
2837,19,2023-06-02,data_insights,10,23
2838,349,2023-06-15,dashboard_export,8,40
2839,475,2023-05-30,data_insights,9,29
2840,351,2023-02-03,chat_completion,5,15
2841,32,2023-04-07,chat_completion,3,32
2842,42,2023-05-13,dashboard_export,4,28
2843,158,2023-06-18,code_assist,7,6
2844,302,2023-01-17,data_insights,6,27
2845,444,2023-02-23,data_insights,6,40
2846,275,2023-01-23,chat_completion,4,10
2847,127,2023-02-14,dashboard_export,4,1
2848,168,2023-01-04,code_assist,5,43
2849,105,2023-05-02,code_assist,3,21
2850,26,2023-01-18,code_assist,2,24
2851,485,2023-04-15,data_insights,7,30
2852,397,2023-06-15,chat_completion,2,18
2853,143,2023-01-24,dashboard_export,7,23
2854,469,2023-01-24,code_assist,6,44
2855,42,2023-05-30,data_insights,4,37
2856,208,2023-02-19,dashboard_export,4,1
2857,145,2023-02-15,code_assist,2,22
2858,425,2023-06-09,code_assist,8,40
2859,326,2023-02-04,chat_completion,5,33
2860,358,2023-02-01,code_assist,5,27
2861,296,2023-04-25,dashboard_export,9,31
2862,116,2023-04-16,dashboard_export,2,21
2863,271,2023-06-28,data_insights,5,25
2864,461,2023-01-28,data_insights,4,46
2865,40,2023-01-26,chat_completion,5,50
2866,219,2023-03-24,dashboard_export,3,29
2867,115,2023-04-21,data_insights,6,48
2868,7,2023-04-07,dashboard_export,3,14
2869,301,2023-02-06,chat_completion,5,26
2870,266,2023-04-19,data_insights,4,21
2871,55,2023-06-22,data_insights,7,38
2872,57,2023-05-28,dashboard_export,3,32
2873,338,2023-02-18,chat_completion,4,40
2874,220,2023-03-19,chat_completion,7,21
2875,200,2023-04-25,dashboard_export,3,49
2876,497,2023-06-23,dashboard_export,5,4
2877,378,2023-01-09,dashboard_export,5,50
2878,373,2023-02-11,data_insights,4,23
2879,55,2023-02-25,chat_completion,1,34
2880,100,2023-02-16,dashboard_export,5,1
2881,473,2023-05-16,code_assist,4,6
2882,28,2023-03-02,code_assist,7,1
2883,94,2023-01-30,code_assist,4,12
2884,155,2023-03-10,code_assist,5,9
2885,157,2023-03-17,chat_completion,2,24
2886,355,2023-05-18,dashboard_export,3,21
2887,57,2023-02-05,data_insights,4,11
2888,197,2023-04-27,data_insights,8,43
2889,390,2023-03-23,data_insights,3,22
2890,384,2023-05-08,data_insights,9,45
2891,483,2023-06-14,dashboard_export,2,15
2892,197,2023-02-08,code_assist,1,38
2893,344,2023-06-18,chat_completion,7,2
2894,482,2023-01-18,data_insights,6,16
2895,410,2023-05-30,data_insights,4,48
2896,474,2023-05-24,dashboard_export,5,10
2897,332,2023-02-09,chat_completion,6,14
2898,104,2023-02-18,chat_completion,2,11
2899,176,2023-05-11,data_insights,11,28
2900,397,2023-02-07,dashboard_export,6,23
2901,414,2023-01-12,data_insights,6,21
2902,287,2023-04-13,data_insights,5,38
2903,302,2023-05-06,chat_completion,3,14
2904,204,2023-04-14,chat_completion,6,12
2905,202,2023-02-12,dashboard_export,6,36
2906,266,2023-04-04,dashboard_export,4,15
2907,376,2023-05-30,code_assist,3,13
2908,379,2023-06-18,dashboard_export,7,10
2909,271,2023-05-14,dashboard_export,7,8
2910,157,2023-06-17,dashboard_export,3,17
2911,390,2023-05-21,dashboard_export,6,4
2912,195,2023-01-15,data_insights,3,35
2913,391,2023-01-08,data_insights,6,11
2914,342,2023-04-18,chat_completion,5,25
2915,73,2023-02-23,code_assist,7,8
2916,71,2023-06-14,chat_completion,3,38
2917,267,2023-06-29,dashboard_export,4,4
2918,277,2023-04-09,code_assist,9,45
2919,268,2023-05-28,data_insights,5,2
2920,348,2023-02-02,code_assist,6,46
2921,182,2023-06-28,dashboard_export,4,13
2922,336,2023-01-27,code_assist,4,16
2923,399,2023-02-12,data_insights,3,17
2924,248,2023-05-31,code_assist,1,27
2925,479,2023-05-02,dashboard_export,7,48
2926,100,2023-05-14,dashboard_export,2,44
2927,369,2023-02-24,dashboard_export,3,2
2928,185,2023-06-01,code_assist,7,33
2929,220,2023-06-04,chat_completion,9,6
2930,360,2023-02-18,data_insights,4,29
2931,311,2023-04-14,data_insights,10,28
2932,311,2023-04-14,chat_completion,12,28
2933,119,2023-05-27,code_assist,11,4
2934,132,2023-04-21,chat_completion,3,32
2935,246,2023-03-12,data_insights,7,22
2936,8,2023-05-11,chat_completion,6,9
2937,321,2023-03-08,dashboard_export,5,40
2938,119,2023-04-09,code_assist,3,48
2939,92,2023-06-08,data_insights,2,10
2940,467,2023-02-27,code_assist,5,13
2941,258,2023-06-10,dashboard_export,2,24
2942,197,2023-06-22,dashboard_export,4,30
2943,444,2023-03-16,data_insights,9,14
2944,154,2023-04-16,dashboard_export,3,41
2945,170,2023-06-16,chat_completion,8,12
2946,435,2023-06-12,dashboard_export,4,23
2947,212,2023-02-13,dashboard_export,7,14
2948,307,2023-05-17,code_assist,5,32
2949,266,2023-01-01,dashboard_export,5,50
2950,28,2023-02-28,chat_completion,6,4
2951,399,2023-06-20,dashboard_export,6,16
2952,192,2023-06-10,dashboard_export,3,29
2953,446,2023-06-11,chat_completion,4,42
2954,186,2023-05-10,data_insights,4,43
2955,264,2023-03-19,chat_completion,4,32
2956,196,2023-03-10,code_assist,6,17
2957,163,2023-06-22,data_insights,7,18
2958,108,2023-05-12,code_assist,4,47
2959,432,2023-01-04,dashboard_export,4,12
2960,154,2023-03-24,data_insights,5,36
2961,399,2023-05-01,dashboard_export,4,21
2962,76,2023-01-01,code_assist,5,45
2963,242,2023-01-03,code_assist,7,45
2964,359,2023-01-31,dashboard_export,3,13
2965,398,2023-06-27,dashboard_export,5,12
2966,215,2023-04-11,dashboard_export,7,48
2967,299,2023-03-02,dashboard_export,1,38
2968,247,2023-04-28,code_assist,7,7
2969,178,2023-06-18,dashboard_export,8,30
2970,242,2023-05-08,data_insights,6,31
2971,122,2023-02-07,dashboard_export,6,29
2972,185,2023-04-05,dashboard_export,0,44
2973,136,2023-03-15,dashboard_export,9,24
2974,465,2023-06-05,code_assist,7,49
2975,366,2023-01-07,dashboard_export,1,27
2976,21,2023-01-15,dashboard_export,7,31
2977,240,2023-02-04,data_insights,4,38
2978,317,2023-02-02,chat_completion,6,16
2979,451,2023-02-17,data_insights,5,39
2980,46,2023-06-29,chat_completion,5,38
2981,141,2023-02-27,code_assist,6,3
2982,89,2023-05-08,code_assist,5,50
2983,289,2023-05-07,dashboard_export,7,22
2984,241,2023-05-08,data_insights,8,22
2985,348,2023-04-01,data_insights,5,18
2986,125,2023-01-05,chat_completion,5,48
2987,137,2023-05-21,chat_completion,6,33
2988,151,2023-03-02,dashboard_export,6,27
2989,101,2023-04-10,code_assist,8,34
2990,319,2023-01-12,dashboard_export,7,12
2991,270,2023-01-14,dashboard_export,5,17
2992,238,2023-03-27,code_assist,8,32
2993,229,2023-01-26,code_assist,4,43
2994,56,2023-04-03,chat_completion,6,27
2995,224,2023-04-16,chat_completion,3,44
2996,335,2023-03-09,dashboard_export,4,33
2997,36,2023-03-02,dashboard_export,4,44
2998,296,2023-03-21,dashboard_export,6,35
2999,326,2023-05-02,chat_completion,8,27
3000,269,2023-04-15,data_insights,6,49
3001,152,2023-02-22,data_insights,8,41
3002,293,2023-04-10,data_insights,6,27
3003,227,2023-04-13,code_assist,4,30
3004,27,2023-03-01,code_assist,5,36
3005,389,2023-05-11,dashboard_export,5,39
3006,409,2023-06-10,dashboard_export,6,14
3007,424,2023-05-03,dashboard_export,4,6
3008,303,2023-03-25,data_insights,7,16
3009,287,2023-02-24,chat_completion,7,9
3010,490,2023-03-28,code_assist,4,5
3011,56,2023-04-13,chat_completion,1,8
3012,188,2023-06-23,code_assist,9,33
3013,278,2023-05-24,dashboard_export,5,36
3014,300,2023-04-05,dashboard_export,2,11
3015,341,2023-03-02,code_assist,4,13
3016,187,2023-05-08,chat_completion,6,1
3017,346,2023-04-05,data_insights,6,45
3018,356,2023-02-27,data_insights,4,7
3019,54,2023-05-18,dashboard_export,9,28
3020,163,2023-04-15,data_insights,8,18
3021,207,2023-02-26,dashboard_export,6,9
3022,246,2023-01-01,code_assist,6,38
3023,495,2023-01-25,chat_completion,3,14
3024,36,2023-02-23,dashboard_export,5,13
3025,124,2023-01-13,chat_completion,2,25
3026,371,2023-03-21,chat_completion,5,17
3027,404,2023-04-29,data_insights,3,42
3028,153,2023-05-28,chat_completion,6,15
3029,124,2023-05-17,chat_completion,5,10
3030,142,2023-04-14,dashboard_export,3,45
3031,40,2023-01-29,chat_completion,5,14
3032,265,2023-02-03,dashboard_export,6,13
3033,466,2023-02-16,chat_completion,4,19
3034,196,2023-04-21,code_assist,7,4
3035,351,2023-06-07,dashboard_export,10,7
3036,216,2023-04-20,code_assist,1,37
3037,415,2023-03-23,chat_completion,5,18
3038,184,2023-04-24,dashboard_export,7,14
3039,207,2023-06-25,dashboard_export,3,34
3040,62,2023-02-02,data_insights,2,27
3041,71,2023-04-28,dashboard_export,6,40
3042,410,2023-03-15,data_insights,8,46
3043,495,2023-01-01,code_assist,7,15
3044,496,2023-04-27,dashboard_export,4,16
3045,322,2023-04-06,dashboard_export,8,25
3046,378,2023-02-04,code_assist,5,6
3047,185,2023-01-24,chat_completion,7,25
3048,52,2023-01-31,dashboard_export,5,14
3049,72,2023-04-03,code_assist,8,50
3050,157,2023-02-24,chat_completion,9,29
3051,213,2023-06-16,code_assist,6,10
3052,33,2023-02-27,data_insights,5,43
3053,484,2023-06-17,dashboard_export,5,1
3054,207,2023-06-22,chat_completion,8,14
3055,184,2023-03-18,data_insights,4,30
3056,491,2023-05-11,data_insights,3,42
3057,346,2023-04-15,data_insights,6,11
3058,27,2023-03-23,code_assist,7,36
3059,108,2023-01-21,chat_completion,5,20
3060,441,2023-04-27,code_assist,9,37
3061,277,2023-02-03,dashboard_export,1,41
3062,294,2023-02-02,chat_completion,1,16
3063,42,2023-02-01,data_insights,7,14
3064,156,2023-03-21,dashboard_export,4,41
3065,328,2023-03-04,chat_completion,3,16
3066,147,2023-04-26,data_insights,8,45
3067,300,2023-06-14,data_insights,4,1
3068,429,2023-03-02,code_assist,3,10
3069,135,2023-01-22,chat_completion,3,14
3070,154,2023-01-22,dashboard_export,7,39
3071,4,2023-04-20,code_assist,3,16
3072,61,2023-01-25,dashboard_export,6,27
3073,175,2023-01-10,data_insights,5,27
3074,378,2023-03-15,dashboard_export,11,18
3075,430,2023-01-16,chat_completion,2,38
3076,132,2023-03-03,chat_completion,9,50
3077,323,2023-04-16,data_insights,1,29
3078,117,2023-04-19,code_assist,4,44
3079,378,2023-06-17,dashboard_export,5,14
3080,63,2023-05-08,data_insights,8,17
3081,106,2023-02-06,data_insights,6,2
3082,444,2023-04-05,code_assist,2,17
3083,74,2023-02-17,dashboard_export,2,38
3084,152,2023-05-28,dashboard_export,3,41
3085,350,2023-02-24,dashboard_export,9,39
3086,334,2023-03-31,code_assist,4,2
3087,379,2023-04-02,data_insights,5,23
3088,213,2023-05-27,code_assist,6,11
3089,220,2023-06-08,chat_completion,4,29
3090,180,2023-05-22,dashboard_export,1,19
3091,148,2023-06-02,dashboard_export,5,31
3092,340,2023-05-09,data_insights,4,39
3093,332,2023-06-08,code_assist,8,26
3094,410,2023-03-08,data_insights,2,37
3095,295,2023-06-13,code_assist,7,5
3096,428,2023-05-08,chat_completion,7,6
3097,497,2023-05-24,data_insights,4,16
3098,494,2023-05-25,chat_completion,4,37
3099,397,2023-03-03,data_insights,3,11
3100,428,2023-05-19,dashboard_export,6,33
3101,353,2023-04-16,dashboard_export,2,12
3102,211,2023-02-27,dashboard_export,7,23
3103,371,2023-02-09,dashboard_export,9,12
3104,108,2023-02-02,dashboard_export,6,27
3105,51,2023-06-03,code_assist,4,35
3106,86,2023-05-19,chat_completion,8,5
3107,209,2023-01-31,code_assist,5,46
3108,155,2023-06-04,code_assist,3,11
3109,444,2023-03-05,chat_completion,2,30
3110,354,2023-01-17,chat_completion,11,32
3111,138,2023-01-09,dashboard_export,7,23
3112,270,2023-05-12,dashboard_export,6,2
3113,39,2023-04-11,chat_completion,4,39
3114,301,2023-05-31,chat_completion,3,1
3115,16,2023-03-19,data_insights,2,45
3116,103,2023-01-31,chat_completion,6,20
3117,272,2023-05-17,chat_completion,7,42
3118,136,2023-01-12,code_assist,6,42
3119,175,2023-01-24,chat_completion,5,30
3120,6,2023-05-29,dashboard_export,5,36
3121,36,2023-03-24,chat_completion,3,28
3122,250,2023-01-09,code_assist,5,35
3123,340,2023-03-18,data_insights,4,50
3124,403,2023-02-11,chat_completion,7,43
3125,305,2023-04-07,dashboard_export,9,1
3126,3,2023-03-28,dashboard_export,3,49
3127,91,2023-05-12,chat_completion,4,8
3128,238,2023-01-06,dashboard_export,3,5
3129,471,2023-04-24,chat_completion,5,15
3130,253,2023-06-27,code_assist,7,36
3131,479,2023-03-05,dashboard_export,6,15
3132,183,2023-01-16,chat_completion,2,31
3133,97,2023-06-19,code_assist,3,14
3134,82,2023-06-09,code_assist,5,39
3135,404,2023-04-24,data_insights,6,11
3136,66,2023-02-18,dashboard_export,3,49
3137,308,2023-04-17,data_insights,4,32
3138,129,2023-03-23,data_insights,7,18
3139,365,2023-04-19,dashboard_export,4,25
3140,251,2023-04-10,dashboard_export,2,22
3141,291,2023-05-02,code_assist,4,38
3142,266,2023-03-22,dashboard_export,8,24
3143,474,2023-06-11,data_insights,4,43
3144,24,2023-06-11,chat_completion,7,35
3145,37,2023-02-13,chat_completion,5,42
3146,270,2023-05-08,data_insights,3,3
3147,375,2023-02-21,chat_completion,6,41
3148,29,2023-05-21,code_assist,5,9
3149,429,2023-03-26,chat_completion,3,38
3150,148,2023-02-10,code_assist,8,17
3151,43,2023-04-21,dashboard_export,3,26
3152,329,2023-04-14,data_insights,4,31
3153,203,2023-04-26,data_insights,3,2
3154,108,2023-02-07,code_assist,4,17
3155,44,2023-06-06,dashboard_export,1,24
3156,463,2023-03-05,chat_completion,0,3
3157,22,2023-01-14,dashboard_export,5,1
3158,471,2023-01-24,chat_completion,2,17
3159,274,2023-06-08,dashboard_export,5,33
3160,21,2023-05-27,data_insights,1,2
3161,6,2023-05-07,chat_completion,4,43
3162,265,2023-04-18,chat_completion,4,37
3163,180,2023-01-01,chat_completion,5,16
3164,370,2023-04-13,data_insights,4,10
3165,87,2023-02-25,code_assist,10,34
3166,218,2023-04-30,data_insights,8,29
3167,282,2023-05-07,data_insights,5,50
3168,450,2023-06-13,dashboard_export,2,7
3169,486,2023-04-14,data_insights,8,12
3170,318,2023-06-04,dashboard_export,5,44
3171,292,2023-03-25,dashboard_export,4,15
3172,411,2023-05-29,chat_completion,6,11
3173,290,2023-06-20,dashboard_export,2,42
3174,328,2023-06-10,data_insights,4,21
3175,186,2023-02-04,data_insights,3,27
3176,346,2023-01-02,dashboard_export,0,15
3177,204,2023-05-17,chat_completion,7,28
3178,499,2023-06-17,data_insights,2,25
3179,110,2023-06-12,code_assist,5,45
3180,284,2023-05-09,code_assist,8,41
3181,371,2023-04-19,code_assist,7,50
3182,169,2023-04-25,data_insights,2,8
3183,304,2023-03-24,code_assist,3,7
3184,433,2023-03-09,dashboard_export,5,47
3185,146,2023-04-19,data_insights,6,45
3186,252,2023-05-24,chat_completion,3,49
3187,261,2023-01-20,code_assist,9,42
3188,275,2023-05-17,data_insights,5,10
3189,262,2023-05-15,chat_completion,4,31
3190,388,2023-03-17,data_insights,9,24
3191,467,2023-06-29,chat_completion,3,17
3192,279,2023-02-03,data_insights,3,23
3193,23,2023-04-07,chat_completion,4,41
3194,141,2023-01-08,code_assist,11,17
3195,405,2023-01-16,code_assist,3,19
3196,39,2023-05-27,code_assist,5,40
3197,458,2023-02-05,chat_completion,2,39
3198,375,2023-05-21,code_assist,5,37
3199,434,2023-02-17,dashboard_export,3,14
3200,418,2023-04-01,code_assist,6,47
3201,52,2023-01-17,data_insights,6,36
3202,277,2023-05-24,chat_completion,0,25
3203,188,2023-06-01,dashboard_export,8,28
3204,267,2023-01-22,data_insights,7,34
3205,354,2023-01-24,code_assist,2,13
3206,195,2023-03-24,dashboard_export,6,22
3207,52,2023-03-15,code_assist,6,26
3208,32,2023-05-12,data_insights,8,41
3209,419,2023-06-12,data_insights,9,37
3210,269,2023-06-07,code_assist,6,16
3211,158,2023-03-05,dashboard_export,2,29
3212,74,2023-04-09,code_assist,7,3
3213,236,2023-05-21,chat_completion,4,37
3214,300,2023-01-20,dashboard_export,5,43
3215,163,2023-06-02,chat_completion,6,13
3216,85,2023-06-20,chat_completion,6,6
3217,189,2023-06-22,data_insights,1,3
3218,45,2023-06-22,code_assist,3,16
3219,79,2023-04-17,dashboard_export,9,11
3220,476,2023-03-24,data_insights,4,3
3221,101,2023-05-05,dashboard_export,7,49
3222,469,2023-01-11,chat_completion,7,2
3223,329,2023-04-28,code_assist,4,35
3224,361,2023-02-12,dashboard_export,9,35
3225,164,2023-04-14,code_assist,4,33
3226,343,2023-05-19,chat_completion,3,40
3227,8,2023-06-21,code_assist,7,13
3228,485,2023-03-17,code_assist,4,22
3229,340,2023-06-11,code_assist,7,50
3230,364,2023-02-27,code_assist,2,32
3231,2,2023-02-06,dashboard_export,6,46
3232,375,2023-06-13,dashboard_export,11,2
3233,35,2023-04-25,code_assist,3,46
3234,104,2023-03-22,chat_completion,9,42
3235,480,2023-03-07,data_insights,2,41
3236,223,2023-06-04,data_insights,8,35
3237,334,2023-03-10,dashboard_export,7,24
3238,284,2023-04-11,dashboard_export,3,13
3239,354,2023-03-03,chat_completion,4,39
3240,165,2023-01-21,chat_completion,2,34
3241,181,2023-03-30,chat_completion,6,3
3242,31,2023-05-17,code_assist,4,30
3243,359,2023-05-02,code_assist,6,48
3244,167,2023-01-13,chat_completion,6,46
3245,476,2023-05-24,data_insights,5,22
3246,264,2023-01-12,chat_completion,4,7
3247,349,2023-03-27,chat_completion,6,14
3248,201,2023-05-13,data_insights,5,3
3249,257,2023-02-16,data_insights,5,30
3250,22,2023-02-22,data_insights,1,49
3251,328,2023-05-16,data_insights,8,17
3252,266,2023-02-26,dashboard_export,7,49
3253,201,2023-06-19,code_assist,4,8
3254,302,2023-06-02,data_insights,5,21
3255,353,2023-01-22,code_assist,5,21
3256,197,2023-03-13,code_assist,3,2
3257,153,2023-06-17,data_insights,6,31
3258,235,2023-05-07,dashboard_export,3,13
3259,428,2023-02-24,chat_completion,7,38
3260,299,2023-05-01,data_insights,4,45
3261,283,2023-05-02,chat_completion,3,18
3262,111,2023-04-13,chat_completion,6,23
3263,32,2023-01-11,code_assist,4,23
3264,158,2023-01-07,chat_completion,1,20
3265,392,2023-03-15,code_assist,9,45
3266,121,2023-02-24,dashboard_export,7,17
3267,246,2023-01-15,data_insights,5,7
3268,226,2023-03-12,code_assist,5,32
3269,83,2023-02-26,chat_completion,5,39
3270,133,2023-06-29,chat_completion,7,28
3271,107,2023-02-18,chat_completion,5,13
3272,85,2023-05-09,chat_completion,7,47
3273,105,2023-01-05,data_insights,6,46
3274,335,2023-03-19,dashboard_export,5,3
3275,91,2023-02-20,dashboard_export,6,24
3276,402,2023-02-23,chat_completion,2,4
3277,130,2023-03-06,chat_completion,2,45
3278,296,2023-06-20,chat_completion,3,36
3279,19,2023-06-21,data_insights,6,24
3280,346,2023-01-17,data_insights,4,25
3281,337,2023-01-18,dashboard_export,10,36
3282,41,2023-03-18,chat_completion,5,12
3283,338,2023-06-15,dashboard_export,3,22
3284,209,2023-05-14,data_insights,4,37
3285,270,2023-02-25,code_assist,5,15
3286,416,2023-03-25,chat_completion,5,1
3287,403,2023-05-01,data_insights,4,22
3288,416,2023-06-25,data_insights,3,16
3289,208,2023-04-17,dashboard_export,5,16
3290,55,2023-02-10,chat_completion,9,28
3291,38,2023-06-20,data_insights,5,6
3292,18,2023-04-19,code_assist,6,39
3293,87,2023-06-24,data_insights,8,35
3294,144,2023-03-20,data_insights,2,21
3295,210,2023-01-18,chat_completion,6,32
3296,231,2023-03-18,code_assist,8,2
3297,476,2023-04-29,dashboard_export,6,1
3298,1,2023-01-03,data_insights,2,10
3299,247,2023-03-31,data_insights,9,45
3300,178,2023-05-17,code_assist,3,47
3301,291,2023-01-14,data_insights,4,44
3302,171,2023-03-11,data_insights,6,18
3303,218,2023-04-30,chat_completion,4,50
3304,357,2023-01-02,dashboard_export,1,6
3305,210,2023-05-05,code_assist,0,12
3306,321,2023-06-05,dashboard_export,7,37
3307,269,2023-04-25,code_assist,6,41
3308,399,2023-06-22,code_assist,6,1
3309,358,2023-01-29,data_insights,3,13
3310,115,2023-05-22,code_assist,3,23
3311,186,2023-05-09,code_assist,4,3
3312,136,2023-01-20,chat_completion,12,18
3313,201,2023-05-17,chat_completion,5,30
3314,448,2023-02-11,code_assist,2,31
3315,145,2023-02-04,data_insights,5,28
3316,87,2023-06-08,dashboard_export,2,5
3317,366,2023-01-26,dashboard_export,2,32
3318,364,2023-01-01,dashboard_export,4,40
3319,380,2023-06-08,chat_completion,6,19
3320,444,2023-06-01,data_insights,6,26
3321,203,2023-01-17,chat_completion,7,12
3322,482,2023-02-28,dashboard_export,8,27
3323,70,2023-04-15,chat_completion,4,44
3324,91,2023-06-11,code_assist,5,11
3325,190,2023-03-15,chat_completion,8,39
3326,305,2023-06-06,code_assist,9,29
3327,124,2023-01-30,data_insights,7,50
3328,52,2023-02-11,dashboard_export,5,9
3329,88,2023-01-27,chat_completion,3,8
3330,70,2023-04-14,data_insights,4,6
3331,386,2023-05-20,data_insights,8,48
3332,271,2023-03-21,chat_completion,6,2
3333,213,2023-03-18,dashboard_export,5,13
3334,370,2023-04-14,dashboard_export,7,17
3335,234,2023-02-01,code_assist,3,31
3336,145,2023-04-16,data_insights,6,19
3337,354,2023-01-14,data_insights,1,20
3338,436,2023-01-20,data_insights,6,20
3339,172,2023-04-16,code_assist,7,14
3340,498,2023-02-03,code_assist,6,43
3341,41,2023-06-27,data_insights,4,30
3342,410,2023-02-05,code_assist,6,49
3343,493,2023-04-01,data_insights,13,29
3344,250,2023-01-07,data_insights,2,31
3345,222,2023-04-09,data_insights,2,40
3346,225,2023-01-05,chat_completion,7,21
3347,327,2023-02-02,data_insights,3,47
3348,443,2023-03-14,code_assist,5,50
3349,23,2023-02-19,dashboard_export,6,29
3350,136,2023-06-22,dashboard_export,6,18
3351,8,2023-06-02,code_assist,6,26
3352,140,2023-01-19,code_assist,8,20
3353,222,2023-02-21,data_insights,5,20
3354,424,2023-01-14,data_insights,3,23
3355,5,2023-01-19,data_insights,3,4
3356,457,2023-06-01,code_assist,3,5
3357,212,2023-02-08,chat_completion,7,18
3358,249,2023-01-03,code_assist,6,20
3359,57,2023-02-23,data_insights,1,14
3360,262,2023-06-22,dashboard_export,5,30
3361,69,2023-02-22,data_insights,1,3
3362,371,2023-01-17,chat_completion,5,43
3363,402,2023-02-21,chat_completion,7,44
3364,274,2023-05-21,code_assist,3,17
3365,175,2023-05-16,data_insights,5,48
3366,171,2023-04-17,chat_completion,4,11
3367,378,2023-04-12,dashboard_export,5,2
3368,358,2023-05-09,code_assist,3,13
3369,237,2023-05-03,data_insights,1,38
3370,147,2023-03-30,code_assist,4,29
3371,81,2023-02-05,data_insights,4,41
3372,274,2023-06-24,chat_completion,5,4
3373,74,2023-03-15,chat_completion,3,15
3374,313,2023-03-11,code_assist,0,29
3375,462,2023-05-20,dashboard_export,8,42
3376,258,2023-04-25,dashboard_export,7,48
3377,230,2023-01-23,data_insights,4,32
3378,395,2023-03-27,code_assist,3,31
3379,126,2023-04-16,chat_completion,6,17
3380,110,2023-06-20,dashboard_export,6,22
3381,127,2023-05-15,dashboard_export,5,8
3382,242,2023-06-04,dashboard_export,6,19
3383,108,2023-02-05,dashboard_export,1,49
3384,120,2023-05-29,data_insights,2,47
3385,496,2023-04-26,dashboard_export,3,27
3386,388,2023-04-16,code_assist,4,37
3387,354,2023-06-28,data_insights,4,47
3388,478,2023-02-02,chat_completion,3,49
3389,152,2023-06-15,data_insights,6,34
3390,233,2023-02-07,data_insights,5,31
3391,192,2023-06-21,code_assist,4,16
3392,108,2023-02-07,code_assist,0,50
3393,82,2023-05-27,data_insights,6,33
3394,155,2023-06-09,data_insights,5,34
3395,368,2023-04-29,data_insights,6,21
3396,482,2023-02-10,chat_completion,2,49
3397,187,2023-01-07,code_assist,4,13
3398,477,2023-06-21,chat_completion,4,17
3399,310,2023-04-17,data_insights,1,27
3400,438,2023-05-16,code_assist,8,12
3401,287,2023-04-29,dashboard_export,7,43
3402,99,2023-04-05,code_assist,7,43
3403,287,2023-06-29,data_insights,3,24
3404,245,2023-05-02,code_assist,6,46
3405,422,2023-04-28,dashboard_export,8,23
3406,233,2023-03-31,dashboard_export,6,32
3407,143,2023-01-27,dashboard_export,4,29
3408,425,2023-01-27,dashboard_export,4,36
3409,321,2023-04-11,code_assist,1,2
3410,382,2023-04-21,dashboard_export,4,8
3411,19,2023-04-01,dashboard_export,5,2
3412,267,2023-04-25,dashboard_export,1,13
3413,273,2023-04-06,code_assist,5,30
3414,406,2023-03-03,data_insights,2,23
3415,296,2023-05-17,chat_completion,5,44
3416,342,2023-05-07,code_assist,3,48
3417,364,2023-04-20,chat_completion,5,36
3418,379,2023-03-28,data_insights,3,30
3419,373,2023-05-11,data_insights,5,28
3420,262,2023-05-28,data_insights,3,33
3421,294,2023-06-12,data_insights,2,8
3422,336,2023-05-06,chat_completion,4,30
3423,412,2023-06-28,data_insights,4,15
3424,491,2023-02-27,data_insights,2,49
3425,277,2023-01-20,data_insights,5,3
3426,163,2023-01-31,chat_completion,4,8
3427,333,2023-03-03,code_assist,5,25
3428,209,2023-01-22,data_insights,2,29
3429,373,2023-06-28,dashboard_export,9,25
3430,8,2023-05-08,code_assist,9,19
3431,237,2023-03-17,data_insights,7,40
3432,258,2023-02-28,data_insights,4,1
3433,331,2023-04-21,code_assist,7,5
3434,466,2023-01-11,dashboard_export,11,45
3435,56,2023-04-12,chat_completion,7,27
3436,436,2023-01-31,chat_completion,6,4
3437,117,2023-02-06,chat_completion,4,24
3438,243,2023-05-10,data_insights,9,42
3439,114,2023-03-24,code_assist,3,42
3440,180,2023-03-12,code_assist,8,4
3441,21,2023-05-30,chat_completion,4,25
3442,195,2023-02-15,dashboard_export,8,2
3443,206,2023-06-20,chat_completion,5,3
3444,324,2023-01-12,data_insights,6,22
3445,295,2023-03-04,chat_completion,3,47
3446,96,2023-02-28,data_insights,7,43
3447,250,2023-02-14,data_insights,5,17
3448,313,2023-01-21,code_assist,7,25
3449,483,2023-02-24,dashboard_export,7,11
3450,134,2023-01-12,data_insights,3,14
3451,48,2023-05-15,dashboard_export,5,13
3452,58,2023-02-10,code_assist,5,10
3453,234,2023-05-26,chat_completion,5,39
3454,253,2023-02-07,chat_completion,5,49
3455,369,2023-01-14,code_assist,3,23
3456,122,2023-03-08,chat_completion,3,37
3457,372,2023-03-24,data_insights,3,26
3458,198,2023-05-07,chat_completion,6,44
3459,465,2023-06-14,code_assist,4,23
3460,428,2023-06-05,chat_completion,7,38
3461,185,2023-01-09,code_assist,4,47
3462,352,2023-02-16,data_insights,3,50
3463,425,2023-03-06,data_insights,6,43
3464,296,2023-03-31,data_insights,7,32
3465,9,2023-03-27,code_assist,3,48
3466,402,2023-02-04,dashboard_export,4,37
3467,357,2023-03-03,code_assist,6,37
3468,313,2023-02-15,data_insights,7,11
3469,494,2023-04-26,data_insights,3,27
3470,369,2023-01-04,data_insights,7,35
3471,27,2023-05-23,code_assist,4,4
3472,318,2023-01-19,dashboard_export,2,34
3473,320,2023-04-08,data_insights,5,17
3474,354,2023-01-29,code_assist,3,47
3475,148,2023-02-15,chat_completion,2,23
3476,285,2023-06-29,data_insights,7,2
3477,61,2023-06-01,data_insights,4,18
3478,434,2023-01-24,chat_completion,0,42
3479,243,2023-04-07,code_assist,7,49
3480,282,2023-03-19,chat_completion,5,47
3481,77,2023-02-07,dashboard_export,1,25
3482,210,2023-04-03,chat_completion,5,5
3483,373,2023-04-15,data_insights,3,10
3484,240,2023-01-15,code_assist,4,22
3485,2,2023-01-10,dashboard_export,5,36
3486,251,2023-01-16,code_assist,7,29
3487,407,2023-04-18,dashboard_export,1,41
3488,235,2023-02-15,chat_completion,2,45
3489,376,2023-04-22,dashboard_export,11,36
3490,489,2023-04-15,chat_completion,4,44
3491,225,2023-02-07,chat_completion,4,9
3492,438,2023-06-02,code_assist,8,15
3493,443,2023-06-14,dashboard_export,6,34
3494,310,2023-03-24,data_insights,10,37
3495,320,2023-02-25,code_assist,8,39
3496,298,2023-06-15,code_assist,5,18
3497,254,2023-05-20,code_assist,4,22
3498,168,2023-03-04,dashboard_export,1,30
3499,179,2023-06-02,data_insights,11,35
3500,480,2023-02-03,data_insights,5,34
3501,42,2023-02-28,chat_completion,5,32
3502,192,2023-06-14,data_insights,5,34
3503,52,2023-03-12,data_insights,3,6
3504,207,2023-01-07,data_insights,6,21
3505,460,2023-01-17,data_insights,6,17
3506,412,2023-06-15,code_assist,2,5
3507,200,2023-01-24,code_assist,6,19
3508,9,2023-05-18,code_assist,5,49
3509,466,2023-04-03,dashboard_export,9,47
3510,365,2023-05-08,data_insights,10,29
3511,329,2023-01-31,dashboard_export,6,30
3512,475,2023-04-26,dashboard_export,3,41
3513,260,2023-06-07,code_assist,3,43
3514,254,2023-03-10,code_assist,1,41
3515,328,2023-02-19,chat_completion,2,13
3516,158,2023-04-30,chat_completion,4,45
3517,252,2023-06-26,data_insights,4,27
3518,346,2023-05-17,chat_completion,3,5
3519,38,2023-01-06,code_assist,4,9
3520,307,2023-06-08,chat_completion,7,19
3521,268,2023-04-12,chat_completion,6,46
3522,40,2023-04-03,code_assist,4,9
3523,69,2023-04-29,data_insights,6,1
3524,341,2023-04-27,data_insights,2,35
3525,232,2023-02-17,data_insights,6,9
3526,285,2023-02-25,data_insights,5,4
3527,272,2023-06-26,code_assist,3,13
3528,375,2023-05-27,chat_completion,4,14
3529,454,2023-02-10,data_insights,4,46
3530,111,2023-04-27,dashboard_export,4,45
3531,441,2023-04-22,data_insights,7,35
3532,169,2023-02-09,dashboard_export,4,44
3533,347,2023-03-11,data_insights,2,29
3534,116,2023-05-16,dashboard_export,8,7
3535,201,2023-05-28,chat_completion,3,25
3536,34,2023-02-16,code_assist,6,24
3537,472,2023-03-26,data_insights,7,42
3538,342,2023-06-13,code_assist,5,28
3539,295,2023-05-05,chat_completion,8,45
3540,376,2023-05-25,dashboard_export,9,34
3541,87,2023-05-20,dashboard_export,5,39
3542,89,2023-02-15,dashboard_export,6,40
3543,409,2023-06-24,chat_completion,5,26
3544,402,2023-02-24,chat_completion,3,42
3545,258,2023-02-01,chat_completion,6,34
3546,387,2023-01-21,data_insights,3,23
3547,321,2023-03-26,dashboard_export,4,1
3548,113,2023-03-22,data_insights,3,38
3549,221,2023-06-25,data_insights,5,4
3550,410,2023-01-15,data_insights,9,29
3551,7,2023-06-25,dashboard_export,4,26
3552,136,2023-04-28,dashboard_export,0,38
3553,93,2023-02-20,chat_completion,2,22
3554,140,2023-03-05,code_assist,5,50
3555,52,2023-02-12,code_assist,5,1
3556,396,2023-03-25,data_insights,2,23
3557,129,2023-03-24,data_insights,3,24
3558,443,2023-02-18,dashboard_export,5,34
3559,303,2023-03-03,code_assist,7,24
3560,378,2023-06-02,code_assist,7,10
3561,103,2023-06-24,code_assist,3,3
3562,51,2023-02-11,code_assist,4,36
3563,237,2023-03-02,chat_completion,4,26
3564,365,2023-02-06,chat_completion,4,5
3565,73,2023-06-23,dashboard_export,5,25
3566,384,2023-03-23,chat_completion,1,39
3567,56,2023-03-24,dashboard_export,5,26
3568,220,2023-06-05,chat_completion,8,46
3569,455,2023-02-12,data_insights,5,25
3570,293,2023-06-27,dashboard_export,5,36
3571,159,2023-04-12,code_assist,9,41
3572,18,2023-04-17,chat_completion,5,20
3573,118,2023-02-13,code_assist,8,26
3574,344,2023-05-17,dashboard_export,5,20
3575,77,2023-06-26,dashboard_export,3,29
3576,322,2023-03-09,dashboard_export,5,5
3577,119,2023-06-11,data_insights,4,34
3578,486,2023-04-07,code_assist,4,46
3579,433,2023-02-04,code_assist,3,20
3580,431,2023-06-03,dashboard_export,5,44
3581,37,2023-03-29,chat_completion,5,4
3582,61,2023-04-10,data_insights,6,47
3583,137,2023-04-27,dashboard_export,5,3
3584,41,2023-05-06,dashboard_export,3,32
3585,369,2023-02-25,data_insights,4,18
3586,41,2023-06-18,code_assist,4,41
3587,296,2023-01-28,chat_completion,3,3
3588,456,2023-06-03,chat_completion,7,29
3589,316,2023-05-05,data_insights,7,17
3590,313,2023-04-16,chat_completion,6,22
3591,403,2023-01-14,code_assist,3,9
3592,325,2023-05-23,dashboard_export,5,50
3593,67,2023-01-22,data_insights,1,18
3594,57,2023-02-26,code_assist,3,44
3595,39,2023-06-11,data_insights,11,9
3596,37,2023-04-04,chat_completion,4,8
3597,399,2023-04-10,chat_completion,5,22
3598,477,2023-04-17,code_assist,6,15
3599,415,2023-03-17,data_insights,4,19
3600,253,2023-01-01,chat_completion,7,47
3601,428,2023-06-29,chat_completion,0,15
3602,465,2023-06-26,code_assist,2,42
3603,176,2023-05-14,data_insights,6,31
3604,202,2023-04-11,code_assist,7,3
3605,346,2023-05-22,dashboard_export,7,11
3606,479,2023-04-15,data_insights,5,42
3607,308,2023-01-24,chat_completion,3,37
3608,447,2023-01-28,chat_completion,3,50
3609,295,2023-01-11,chat_completion,5,21
3610,367,2023-06-26,code_assist,3,24
3611,419,2023-03-30,chat_completion,6,4
3612,47,2023-04-11,data_insights,3,14
3613,416,2023-04-13,code_assist,4,8
3614,55,2023-05-19,code_assist,7,28
3615,1,2023-06-07,code_assist,1,5
3616,12,2023-04-19,chat_completion,4,10
3617,237,2023-03-18,code_assist,7,49
3618,285,2023-05-05,chat_completion,4,19
3619,421,2023-02-19,code_assist,5,39
3620,418,2023-05-08,chat_completion,2,4
3621,273,2023-01-31,chat_completion,1,6
3622,7,2023-04-22,dashboard_export,5,9
3623,109,2023-01-02,code_assist,7,36
3624,189,2023-05-04,code_assist,6,20
3625,60,2023-06-03,data_insights,4,17
3626,403,2023-03-02,code_assist,8,15
3627,436,2023-02-10,code_assist,1,10
3628,151,2023-05-19,code_assist,7,33
3629,451,2023-03-21,dashboard_export,3,50
3630,193,2023-05-31,data_insights,0,27
3631,391,2023-02-19,chat_completion,5,4
3632,24,2023-05-05,dashboard_export,3,14
3633,231,2023-03-29,data_insights,5,16
3634,358,2023-05-29,chat_completion,6,24
3635,56,2023-02-08,data_insights,2,3
3636,442,2023-01-24,chat_completion,6,32
3637,15,2023-01-13,data_insights,7,7
3638,192,2023-03-31,code_assist,4,33
3639,24,2023-04-08,dashboard_export,4,4
3640,48,2023-01-07,dashboard_export,8,37
3641,124,2023-06-11,chat_completion,8,13
3642,88,2023-05-19,dashboard_export,7,35
3643,73,2023-03-24,chat_completion,7,7
3644,397,2023-05-02,dashboard_export,7,37
3645,221,2023-05-03,code_assist,4,42
3646,32,2023-06-06,chat_completion,6,36
3647,153,2023-05-24,data_insights,0,19
3648,447,2023-01-12,dashboard_export,4,11
3649,136,2023-05-29,data_insights,7,25
3650,60,2023-02-23,data_insights,7,32
3651,484,2023-03-16,code_assist,7,49
3652,13,2023-03-08,code_assist,2,28
3653,169,2023-06-04,data_insights,5,20
3654,347,2023-06-09,dashboard_export,6,11
3655,168,2023-03-13,dashboard_export,7,40
3656,479,2023-02-13,data_insights,8,25
3657,241,2023-01-31,chat_completion,4,33
3658,94,2023-05-15,code_assist,4,45
3659,282,2023-04-03,code_assist,4,30
3660,183,2023-03-22,code_assist,7,34
3661,204,2023-05-02,chat_completion,2,47
3662,190,2023-01-11,data_insights,7,18
3663,497,2023-03-09,code_assist,9,24
3664,262,2023-02-28,code_assist,6,36
3665,236,2023-02-21,data_insights,6,49
3666,210,2023-05-31,chat_completion,4,36
3667,190,2023-02-04,data_insights,4,47
3668,202,2023-05-17,chat_completion,1,43
3669,151,2023-02-06,code_assist,0,47
3670,68,2023-05-29,data_insights,3,13
3671,105,2023-06-03,code_assist,4,21
3672,4,2023-05-04,data_insights,7,27
3673,442,2023-01-30,code_assist,9,34
3674,334,2023-06-06,chat_completion,1,10
3675,153,2023-05-08,dashboard_export,4,35
3676,87,2023-04-11,chat_completion,5,42
3677,42,2023-06-02,code_assist,7,3
3678,261,2023-06-09,code_assist,5,22
3679,200,2023-01-30,code_assist,5,38
3680,22,2023-05-08,code_assist,5,26
3681,255,2023-03-02,data_insights,7,1
3682,381,2023-04-07,data_insights,8,32
3683,280,2023-06-01,code_assist,6,31
3684,378,2023-02-09,dashboard_export,7,11
3685,451,2023-06-20,dashboard_export,7,15
3686,147,2023-04-26,data_insights,7,26
3687,484,2023-04-22,chat_completion,5,9
3688,322,2023-04-08,code_assist,6,9
3689,56,2023-06-10,code_assist,7,35
3690,231,2023-05-02,data_insights,7,13
3691,283,2023-04-07,dashboard_export,7,43
3692,232,2023-03-12,code_assist,8,50
3693,443,2023-05-27,code_assist,4,36
3694,321,2023-06-13,chat_completion,3,41
3695,275,2023-05-02,dashboard_export,10,10
3696,312,2023-02-26,data_insights,5,23
3697,221,2023-06-09,dashboard_export,5,45
3698,499,2023-01-18,data_insights,4,49
3699,277,2023-04-14,chat_completion,2,37
3700,307,2023-01-13,data_insights,4,28
3701,235,2023-04-18,data_insights,4,22
3702,494,2023-04-01,dashboard_export,5,31
3703,372,2023-03-26,data_insights,4,48
3704,67,2023-06-28,data_insights,5,14
3705,429,2023-01-09,chat_completion,6,48
3706,348,2023-03-13,chat_completion,6,14
3707,286,2023-03-14,dashboard_export,6,49
3708,184,2023-04-20,dashboard_export,5,4
3709,362,2023-01-14,chat_completion,4,1
3710,486,2023-06-10,code_assist,4,43
3711,66,2023-04-29,chat_completion,4,22
3712,23,2023-01-13,code_assist,3,38
3713,226,2023-03-04,code_assist,6,10
3714,434,2023-03-06,data_insights,4,13
3715,87,2023-05-14,dashboard_export,3,23
3716,275,2023-02-15,data_insights,5,23
3717,83,2023-01-12,data_insights,7,16
3718,95,2023-01-24,dashboard_export,8,27
3719,425,2023-01-25,data_insights,5,26
3720,263,2023-06-03,dashboard_export,4,47
3721,369,2023-02-04,chat_completion,4,6
3722,145,2023-06-06,chat_completion,3,17
3723,53,2023-03-16,code_assist,7,45
3724,261,2023-04-17,data_insights,6,14
3725,166,2023-02-17,data_insights,4,5
3726,338,2023-02-01,dashboard_export,5,13
3727,161,2023-04-20,chat_completion,6,39
3728,232,2023-02-08,chat_completion,7,20
3729,323,2023-01-08,data_insights,5,42
3730,482,2023-03-04,chat_completion,1,21
3731,52,2023-04-09,dashboard_export,5,38
3732,166,2023-06-28,dashboard_export,3,14
3733,110,2023-04-22,dashboard_export,11,35
3734,469,2023-05-06,code_assist,4,26
3735,242,2023-06-16,chat_completion,5,37
3736,153,2023-06-16,chat_completion,5,3
3737,345,2023-06-21,data_insights,4,31
3738,180,2023-05-03,dashboard_export,2,45
3739,400,2023-01-27,code_assist,7,21
3740,73,2023-01-26,data_insights,6,25
3741,84,2023-06-08,code_assist,9,38
3742,63,2023-04-26,dashboard_export,1,15
3743,72,2023-06-13,dashboard_export,4,5
3744,386,2023-05-28,dashboard_export,3,7
3745,474,2023-01-26,dashboard_export,1,4
3746,21,2023-01-30,dashboard_export,4,40
3747,233,2023-02-07,chat_completion,7,20
3748,229,2023-03-11,data_insights,4,41
3749,173,2023-05-06,code_assist,4,25
3750,267,2023-01-15,dashboard_export,7,26
3751,246,2023-04-25,code_assist,7,47
3752,143,2023-03-06,chat_completion,4,35
3753,473,2023-04-22,data_insights,2,1
3754,465,2023-05-16,code_assist,5,32
3755,209,2023-03-06,dashboard_export,2,12
3756,23,2023-02-27,code_assist,5,10
3757,375,2023-03-04,code_assist,1,14
3758,140,2023-03-16,chat_completion,4,20
3759,68,2023-01-26,code_assist,2,26
3760,43,2023-02-18,code_assist,3,18
3761,500,2023-02-27,code_assist,6,15
3762,192,2023-05-22,dashboard_export,4,17
3763,440,2023-01-21,code_assist,5,39
3764,435,2023-06-06,data_insights,7,26
3765,121,2023-04-27,dashboard_export,3,26
3766,279,2023-06-21,chat_completion,3,22
3767,33,2023-03-17,data_insights,4,38
3768,378,2023-04-26,chat_completion,7,7
3769,90,2023-01-03,chat_completion,8,39
3770,462,2023-03-08,dashboard_export,4,1
3771,284,2023-03-02,dashboard_export,7,41
3772,87,2023-02-26,data_insights,7,43
3773,479,2023-06-09,chat_completion,7,25
3774,400,2023-02-03,dashboard_export,2,16
3775,433,2023-04-28,chat_completion,9,37
3776,413,2023-04-14,code_assist,3,10
3777,117,2023-02-11,dashboard_export,3,48
3778,430,2023-01-18,code_assist,6,9
3779,410,2023-06-14,dashboard_export,6,23
3780,77,2023-01-03,dashboard_export,3,39
3781,304,2023-04-14,chat_completion,4,17
3782,467,2023-06-16,data_insights,4,15
3783,163,2023-02-27,chat_completion,6,41
3784,374,2023-01-07,chat_completion,4,28
3785,13,2023-01-12,dashboard_export,7,16
3786,421,2023-04-29,dashboard_export,5,32
3787,395,2023-05-26,code_assist,3,21
3788,230,2023-02-16,data_insights,7,11
3789,313,2023-01-04,dashboard_export,6,43
3790,38,2023-03-24,chat_completion,5,45
3791,208,2023-05-10,dashboard_export,4,34
3792,460,2023-06-04,chat_completion,4,15
3793,346,2023-05-24,code_assist,2,48
3794,454,2023-02-14,data_insights,3,20
3795,297,2023-05-01,code_assist,7,30
3796,496,2023-02-16,code_assist,6,21
3797,440,2023-04-21,chat_completion,2,44
3798,199,2023-02-23,code_assist,4,6
3799,91,2023-05-18,dashboard_export,6,37
3800,140,2023-05-16,code_assist,4,20
3801,120,2023-05-31,code_assist,7,3
3802,38,2023-06-12,chat_completion,10,27
3803,35,2023-05-10,data_insights,3,21
3804,12,2023-03-05,dashboard_export,5,21
3805,444,2023-01-25,data_insights,2,16
3806,333,2023-02-09,chat_completion,7,45
3807,336,2023-06-29,data_insights,3,49
3808,109,2023-03-26,dashboard_export,1,11
3809,181,2023-03-10,data_insights,8,5
3810,304,2023-01-13,dashboard_export,2,12
3811,233,2023-01-06,code_assist,5,15
3812,239,2023-05-07,code_assist,9,30
3813,481,2023-05-06,chat_completion,5,9
3814,283,2023-06-13,data_insights,3,27
3815,195,2023-04-20,data_insights,3,25
3816,146,2023-04-18,chat_completion,3,17
3817,484,2023-03-06,dashboard_export,3,41
3818,281,2023-05-14,code_assist,3,7
3819,268,2023-01-18,chat_completion,3,17
3820,25,2023-06-17,chat_completion,5,18
3821,110,2023-04-06,data_insights,2,25
3822,154,2023-05-30,code_assist,5,18
3823,36,2023-02-10,code_assist,4,3
3824,185,2023-01-01,chat_completion,7,47
3825,439,2023-04-29,data_insights,7,4
3826,431,2023-06-07,dashboard_export,6,28
3827,167,2023-06-19,chat_completion,8,45
3828,211,2023-04-05,code_assist,8,6
3829,442,2023-06-21,code_assist,4,32
3830,435,2023-01-23,dashboard_export,9,11
3831,245,2023-01-17,data_insights,3,9
3832,46,2023-02-03,chat_completion,9,20
3833,291,2023-06-26,chat_completion,2,47
3834,202,2023-02-10,code_assist,6,45
3835,44,2023-05-19,data_insights,6,5
3836,134,2023-03-15,dashboard_export,9,34
3837,207,2023-02-02,chat_completion,4,36
3838,48,2023-06-05,code_assist,3,9
3839,3,2023-02-08,data_insights,5,26
3840,49,2023-05-22,data_insights,7,12
3841,308,2023-02-14,code_assist,7,44
3842,417,2023-01-29,code_assist,4,41
3843,475,2023-06-01,dashboard_export,5,4
3844,277,2023-05-08,chat_completion,7,15
3845,153,2023-03-13,data_insights,4,50
3846,108,2023-01-06,chat_completion,4,42
3847,11,2023-03-04,data_insights,7,16
3848,252,2023-01-28,data_insights,4,24
3849,177,2023-03-16,code_assist,5,8
3850,224,2023-03-03,data_insights,4,46
3851,443,2023-02-17,chat_completion,3,6
3852,322,2023-04-02,dashboard_export,8,10
3853,56,2023-01-05,data_insights,9,1
3854,470,2023-02-28,chat_completion,5,6
3855,278,2023-03-31,data_insights,6,11
3856,198,2023-05-15,chat_completion,8,12
3857,184,2023-06-28,chat_completion,3,17
3858,189,2023-02-06,chat_completion,6,15
3859,381,2023-06-28,data_insights,6,39
3860,67,2023-01-06,chat_completion,3,42
3861,52,2023-05-20,data_insights,3,35
3862,321,2023-05-05,chat_completion,3,31
3863,50,2023-04-27,data_insights,4,43
3864,245,2023-02-19,chat_completion,3,30
3865,158,2023-05-02,dashboard_export,5,48
3866,428,2023-03-01,chat_completion,3,49
3867,220,2023-06-11,data_insights,2,46
3868,463,2023-03-27,dashboard_export,10,42
3869,248,2023-05-20,code_assist,4,47
3870,347,2023-04-11,code_assist,6,49
3871,486,2023-02-02,data_insights,8,27
3872,369,2023-04-17,code_assist,7,23
3873,297,2023-06-06,data_insights,3,45
3874,411,2023-01-14,dashboard_export,4,22
3875,258,2023-06-15,dashboard_export,3,19
3876,482,2023-06-18,data_insights,3,48
3877,168,2023-03-09,dashboard_export,3,21
3878,66,2023-06-18,chat_completion,4,21
3879,151,2023-02-01,dashboard_export,7,27
3880,180,2023-04-17,code_assist,5,40
3881,495,2023-04-27,dashboard_export,4,24
3882,452,2023-05-19,dashboard_export,7,8
3883,138,2023-03-25,code_assist,2,33
3884,449,2023-02-04,dashboard_export,5,4
3885,43,2023-01-17,chat_completion,5,15
3886,177,2023-06-29,data_insights,2,44
3887,378,2023-05-19,data_insights,2,19
3888,116,2023-03-09,chat_completion,6,3
3889,44,2023-02-22,chat_completion,1,1
3890,446,2023-05-14,data_insights,6,22
3891,129,2023-06-18,data_insights,5,24
3892,319,2023-01-22,data_insights,7,15
3893,114,2023-03-25,chat_completion,4,37
3894,460,2023-05-09,dashboard_export,2,4
3895,131,2023-01-15,chat_completion,11,6
3896,266,2023-01-15,chat_completion,5,48
3897,103,2023-02-05,code_assist,8,1
3898,91,2023-02-28,dashboard_export,6,15
3899,386,2023-06-29,code_assist,0,14
3900,157,2023-05-18,code_assist,11,21
3901,75,2023-02-22,chat_completion,4,8
3902,61,2023-06-02,dashboard_export,8,14
3903,207,2023-02-03,chat_completion,7,7
3904,121,2023-06-27,code_assist,7,6
3905,239,2023-05-15,chat_completion,6,2
3906,18,2023-06-16,code_assist,8,48
3907,339,2023-06-05,data_insights,4,16
3908,82,2023-02-27,data_insights,4,10
3909,95,2023-01-20,code_assist,10,34
3910,483,2023-04-13,chat_completion,7,12
3911,292,2023-04-11,dashboard_export,7,39
3912,10,2023-04-09,code_assist,5,35
3913,183,2023-03-31,chat_completion,5,48
3914,311,2023-03-26,code_assist,8,16
3915,117,2023-02-15,chat_completion,5,3
3916,229,2023-03-29,data_insights,4,12
3917,23,2023-03-26,chat_completion,3,29
3918,183,2023-01-23,dashboard_export,3,3
3919,484,2023-02-19,data_insights,1,9
3920,337,2023-05-22,data_insights,1,10
3921,133,2023-06-19,chat_completion,6,27
3922,189,2023-03-07,dashboard_export,4,12
3923,195,2023-05-21,chat_completion,6,39
3924,207,2023-03-19,chat_completion,4,34
3925,16,2023-04-22,data_insights,7,34
3926,60,2023-01-08,code_assist,10,16
3927,365,2023-03-03,dashboard_export,3,43
3928,95,2023-02-25,dashboard_export,4,47
3929,212,2023-01-22,dashboard_export,1,13
3930,494,2023-01-11,code_assist,1,42
3931,406,2023-04-25,chat_completion,6,29
3932,26,2023-05-22,code_assist,7,24
3933,246,2023-01-11,data_insights,6,33
3934,237,2023-02-28,dashboard_export,4,17
3935,31,2023-02-19,data_insights,6,5
3936,389,2023-05-02,chat_completion,3,47
3937,449,2023-05-09,chat_completion,6,14
3938,356,2023-06-03,dashboard_export,4,10
3939,291,2023-06-07,chat_completion,3,14
3940,411,2023-03-10,chat_completion,2,8
3941,106,2023-06-18,dashboard_export,4,43
3942,159,2023-03-11,code_assist,4,38
3943,315,2023-04-11,chat_completion,4,6
3944,255,2023-02-14,chat_completion,7,32
3945,85,2023-06-05,data_insights,6,35
3946,480,2023-03-26,data_insights,4,42
3947,415,2023-05-11,chat_completion,5,21
3948,410,2023-01-17,dashboard_export,5,17
3949,365,2023-04-11,code_assist,12,38
3950,448,2023-06-14,data_insights,9,15
3951,203,2023-02-16,data_insights,8,21
3952,414,2023-01-08,chat_completion,6,47
3953,358,2023-02-20,code_assist,10,23
3954,326,2023-01-25,data_insights,9,14
3955,326,2023-03-29,data_insights,3,12
3956,210,2023-03-22,chat_completion,3,36
3957,126,2023-01-18,data_insights,5,33
3958,148,2023-04-12,data_insights,8,1
3959,157,2023-01-20,code_assist,6,29
3960,380,2023-04-11,chat_completion,7,30
3961,327,2023-04-15,dashboard_export,6,29
3962,95,2023-02-09,data_insights,6,18
3963,393,2023-06-17,chat_completion,3,46
3964,9,2023-04-10,dashboard_export,3,43
3965,360,2023-06-03,data_insights,5,7
3966,296,2023-05-02,data_insights,4,36
3967,237,2023-06-16,dashboard_export,9,33
3968,450,2023-01-31,code_assist,6,17
3969,461,2023-04-16,chat_completion,5,4
3970,7,2023-01-20,chat_completion,9,43
3971,390,2023-01-25,chat_completion,7,9
3972,238,2023-04-30,code_assist,4,8
3973,3,2023-06-04,dashboard_export,4,8
3974,294,2023-02-25,data_insights,3,41
3975,304,2023-01-22,dashboard_export,4,16
3976,33,2023-02-11,code_assist,4,16
3977,460,2023-05-16,dashboard_export,6,20
3978,360,2023-05-31,chat_completion,4,47
3979,206,2023-06-16,data_insights,6,44
3980,9,2023-03-01,data_insights,2,21
3981,195,2023-01-17,data_insights,8,21
3982,284,2023-03-08,chat_completion,6,42
3983,32,2023-01-23,chat_completion,9,21
3984,299,2023-04-09,chat_completion,7,30
3985,31,2023-04-18,dashboard_export,0,25
3986,223,2023-04-05,code_assist,8,14
3987,118,2023-03-13,data_insights,10,40
3988,373,2023-05-17,chat_completion,4,12
3989,460,2023-01-31,code_assist,5,1
3990,91,2023-04-30,chat_completion,5,35
3991,241,2023-01-22,dashboard_export,5,47
3992,161,2023-01-01,dashboard_export,6,28
3993,262,2023-06-21,code_assist,7,12
3994,132,2023-03-30,dashboard_export,6,50
3995,427,2023-06-03,chat_completion,11,10
3996,143,2023-05-29,data_insights,5,41
3997,56,2023-02-25,data_insights,3,18
3998,63,2023-01-03,code_assist,9,32
3999,339,2023-03-27,chat_completion,2,44
4000,464,2023-06-25,chat_completion,5,23
4001,336,2023-03-16,dashboard_export,4,38
4002,496,2023-05-20,dashboard_export,3,28
4003,274,2023-06-20,code_assist,2,16
4004,13,2023-05-23,code_assist,6,43
4005,281,2023-02-17,data_insights,4,12
4006,40,2023-03-10,code_assist,4,47
4007,192,2023-03-27,code_assist,3,39
4008,46,2023-02-10,code_assist,3,36
4009,273,2023-06-20,code_assist,1,28
4010,341,2023-05-21,code_assist,4,18
4011,417,2023-04-19,chat_completion,3,49
4012,126,2023-03-31,code_assist,2,43
4013,231,2023-01-02,dashboard_export,3,34
4014,339,2023-01-31,dashboard_export,4,43
4015,319,2023-05-31,dashboard_export,4,48
4016,220,2023-04-11,code_assist,6,41
4017,405,2023-05-17,data_insights,2,7
4018,275,2023-06-15,code_assist,1,35
4019,401,2023-06-05,code_assist,0,25
4020,218,2023-06-16,code_assist,3,38
4021,85,2023-01-25,data_insights,5,6
4022,310,2023-02-21,data_insights,6,18
4023,2,2023-06-23,code_assist,4,31
4024,288,2023-04-23,chat_completion,3,46
4025,53,2023-05-06,dashboard_export,3,44
4026,490,2023-02-11,data_insights,5,48
4027,141,2023-03-15,data_insights,4,6
4028,11,2023-04-20,code_assist,6,46
4029,6,2023-06-14,data_insights,3,19
4030,395,2023-04-09,chat_completion,6,23
4031,283,2023-02-14,dashboard_export,6,15
4032,240,2023-03-07,code_assist,4,11
4033,23,2023-04-16,chat_completion,3,28
4034,157,2023-02-17,code_assist,2,49
4035,334,2023-05-06,data_insights,5,34
4036,290,2023-05-07,chat_completion,2,22
4037,453,2023-03-17,dashboard_export,5,5
4038,484,2023-05-01,chat_completion,6,41
4039,486,2023-03-02,dashboard_export,5,20
4040,102,2023-01-05,code_assist,5,6
4041,215,2023-06-25,dashboard_export,4,5
4042,254,2023-01-31,dashboard_export,3,25
4043,415,2023-01-23,code_assist,6,15
4044,125,2023-03-18,data_insights,5,8
4045,316,2023-05-17,code_assist,6,9
4046,156,2023-03-07,data_insights,6,29
4047,428,2023-01-04,dashboard_export,5,50
4048,158,2023-03-21,chat_completion,1,4
4049,94,2023-03-14,dashboard_export,10,32
4050,45,2023-05-17,chat_completion,5,17
4051,340,2023-04-21,data_insights,8,10
4052,293,2023-02-08,dashboard_export,2,37
4053,21,2023-03-07,data_insights,2,42
4054,220,2023-05-21,dashboard_export,5,34
4055,458,2023-03-19,code_assist,7,2
4056,169,2023-06-26,dashboard_export,5,6
4057,8,2023-06-05,data_insights,3,26
4058,99,2023-01-17,dashboard_export,3,15
4059,430,2023-05-01,chat_completion,8,1
4060,275,2023-02-20,dashboard_export,4,2
4061,145,2023-01-18,chat_completion,5,19
4062,212,2023-04-17,code_assist,7,1
4063,247,2023-02-02,code_assist,2,49
4064,237,2023-02-23,dashboard_export,3,49
4065,311,2023-03-18,data_insights,6,48
4066,80,2023-04-20,data_insights,3,22
4067,200,2023-02-02,chat_completion,6,23
4068,73,2023-05-06,data_insights,5,10
4069,332,2023-06-27,dashboard_export,7,35
4070,130,2023-03-29,code_assist,6,6
4071,213,2023-02-19,code_assist,7,44
4072,393,2023-02-26,dashboard_export,7,23
4073,467,2023-03-29,dashboard_export,3,16
4074,52,2023-06-27,code_assist,4,29
4075,431,2023-05-23,dashboard_export,3,35
4076,58,2023-01-02,data_insights,2,35
4077,284,2023-05-07,chat_completion,4,21
4078,329,2023-02-25,code_assist,5,28
4079,63,2023-04-16,dashboard_export,8,9
4080,197,2023-02-20,data_insights,5,5
4081,337,2023-03-28,dashboard_export,3,48
4082,436,2023-03-14,chat_completion,4,36
4083,386,2023-02-03,code_assist,7,32
4084,13,2023-04-02,data_insights,5,23
4085,294,2023-02-05,code_assist,2,20
4086,369,2023-01-05,code_assist,4,19
4087,307,2023-04-26,code_assist,6,7
4088,6,2023-04-29,data_insights,3,14
4089,5,2023-05-10,code_assist,5,42
4090,100,2023-03-12,dashboard_export,3,35
4091,39,2023-03-02,dashboard_export,7,50
4092,233,2023-01-06,chat_completion,6,45
4093,260,2023-02-03,code_assist,8,1
4094,346,2023-04-04,chat_completion,7,40
4095,125,2023-01-06,data_insights,2,27
4096,467,2023-02-21,code_assist,3,36
4097,38,2023-06-02,dashboard_export,3,44
4098,19,2023-06-09,code_assist,5,16
4099,159,2023-02-04,dashboard_export,6,14
4100,253,2023-04-10,code_assist,4,31
4101,144,2023-01-07,chat_completion,6,26
4102,476,2023-06-20,code_assist,5,44
4103,194,2023-04-05,data_insights,7,15
4104,380,2023-04-12,code_assist,9,16
4105,409,2023-01-18,code_assist,3,44
4106,468,2023-04-02,dashboard_export,9,17
4107,27,2023-03-28,dashboard_export,5,18
4108,465,2023-06-08,dashboard_export,3,14
4109,38,2023-04-21,data_insights,9,3
4110,407,2023-03-19,code_assist,4,21
4111,80,2023-02-17,chat_completion,7,33
4112,280,2023-01-17,dashboard_export,5,45
4113,67,2023-05-06,chat_completion,7,15
4114,126,2023-05-12,dashboard_export,5,14
4115,410,2023-05-01,chat_completion,6,27
4116,357,2023-06-17,data_insights,2,24
4117,91,2023-02-21,code_assist,7,32
4118,229,2023-04-02,data_insights,4,48
4119,174,2023-04-30,chat_completion,4,49
4120,205,2023-01-06,data_insights,1,21
4121,241,2023-01-23,chat_completion,4,31
4122,494,2023-02-21,code_assist,12,35
4123,403,2023-03-06,chat_completion,9,40
4124,154,2023-01-05,dashboard_export,4,38
4125,297,2023-04-13,code_assist,6,2
4126,65,2023-03-15,chat_completion,6,10
4127,210,2023-05-15,dashboard_export,7,39
4128,398,2023-03-23,data_insights,5,39
4129,213,2023-02-21,dashboard_export,5,48
4130,461,2023-01-10,code_assist,5,35
4131,56,2023-03-19,chat_completion,3,3
4132,418,2023-01-13,code_assist,10,29
4133,222,2023-06-03,dashboard_export,7,33
4134,137,2023-01-19,data_insights,5,6
4135,375,2023-02-06,dashboard_export,7,20
4136,476,2023-03-11,dashboard_export,5,1
4137,322,2023-04-21,data_insights,3,38
4138,354,2023-05-16,dashboard_export,4,29
4139,120,2023-01-21,data_insights,5,49
4140,260,2023-05-03,chat_completion,2,43
4141,68,2023-03-26,chat_completion,5,43
4142,256,2023-03-15,code_assist,9,41
4143,492,2023-03-05,chat_completion,3,32
4144,407,2023-05-23,code_assist,8,30
4145,367,2023-06-29,code_assist,3,39
4146,380,2023-02-15,chat_completion,6,2
4147,141,2023-04-07,chat_completion,8,44
4148,105,2023-05-18,chat_completion,4,17
4149,294,2023-05-22,data_insights,7,34
4150,424,2023-03-29,code_assist,4,23
4151,364,2023-01-22,code_assist,4,25
4152,340,2023-06-12,data_insights,2,26
4153,286,2023-04-09,code_assist,2,37
4154,420,2023-04-20,chat_completion,5,7
4155,26,2023-01-18,data_insights,3,16
4156,79,2023-01-20,code_assist,5,25
4157,381,2023-05-29,code_assist,5,45
4158,96,2023-05-12,data_insights,3,20
4159,32,2023-01-23,data_insights,4,16
4160,87,2023-06-23,data_insights,3,21
4161,3,2023-03-27,dashboard_export,8,20
4162,428,2023-06-01,data_insights,4,11
4163,154,2023-05-18,code_assist,6,40
4164,16,2023-02-09,data_insights,8,10
4165,40,2023-03-25,dashboard_export,2,34
4166,345,2023-04-29,dashboard_export,4,37
4167,88,2023-02-26,chat_completion,4,42
4168,6,2023-02-01,data_insights,4,9
4169,66,2023-05-13,code_assist,5,34
4170,468,2023-06-26,dashboard_export,5,44
4171,33,2023-03-26,dashboard_export,8,29
4172,443,2023-05-12,data_insights,4,35
4173,151,2023-04-04,chat_completion,6,29
4174,290,2023-04-07,dashboard_export,6,50
4175,46,2023-05-29,data_insights,5,14
4176,144,2023-04-13,data_insights,8,11
4177,239,2023-01-24,code_assist,1,37
4178,1,2023-02-10,chat_completion,5,17
4179,403,2023-01-21,data_insights,6,19
4180,92,2023-01-01,code_assist,0,41
4181,312,2023-06-29,dashboard_export,9,23
4182,211,2023-02-22,dashboard_export,7,12
4183,254,2023-06-27,chat_completion,3,5
4184,406,2023-03-26,data_insights,7,18
4185,493,2023-06-05,dashboard_export,7,5
4186,20,2023-03-06,chat_completion,2,49
4187,242,2023-04-18,dashboard_export,4,17
4188,124,2023-02-09,code_assist,3,17
4189,476,2023-01-14,dashboard_export,6,38
4190,460,2023-01-27,chat_completion,5,38
4191,227,2023-02-01,chat_completion,8,11
4192,450,2023-04-19,code_assist,4,13
4193,188,2023-03-25,code_assist,6,21
4194,144,2023-01-08,chat_completion,4,45
4195,86,2023-04-19,data_insights,7,14
4196,82,2023-03-10,code_assist,4,2
4197,157,2023-03-06,code_assist,3,11
4198,175,2023-06-05,dashboard_export,0,45
4199,77,2023-06-17,chat_completion,3,43
4200,155,2023-02-19,dashboard_export,6,1
4201,393,2023-05-21,code_assist,2,39
4202,374,2023-01-26,dashboard_export,10,46
4203,232,2023-02-03,chat_completion,8,48
4204,453,2023-06-21,data_insights,4,38
4205,88,2023-04-27,chat_completion,6,24
4206,14,2023-02-19,dashboard_export,0,8
4207,313,2023-02-08,dashboard_export,6,14
4208,439,2023-05-04,code_assist,8,34
4209,474,2023-03-01,chat_completion,5,16
4210,453,2023-04-02,chat_completion,4,4
4211,316,2023-01-30,data_insights,3,21
4212,205,2023-04-05,data_insights,4,24
4213,176,2023-02-15,code_assist,4,34
4214,187,2023-04-24,chat_completion,6,27
4215,260,2023-03-16,code_assist,2,2
4216,373,2023-06-07,chat_completion,7,5
4217,340,2023-04-28,chat_completion,5,42
4218,16,2023-06-15,data_insights,3,35
4219,21,2023-06-06,data_insights,5,8
4220,397,2023-01-09,chat_completion,8,43
4221,204,2023-01-30,data_insights,9,48
4222,410,2023-02-18,code_assist,5,43
4223,133,2023-04-11,chat_completion,5,19
4224,210,2023-03-11,data_insights,3,49
4225,145,2023-06-01,data_insights,3,1
4226,52,2023-03-22,data_insights,8,12
4227,323,2023-06-05,chat_completion,6,35
4228,134,2023-04-03,code_assist,5,17
4229,200,2023-04-29,dashboard_export,8,2
4230,120,2023-03-29,chat_completion,5,25
4231,288,2023-06-14,code_assist,4,4
4232,262,2023-01-10,chat_completion,4,30
4233,129,2023-02-17,dashboard_export,6,5
4234,27,2023-03-22,chat_completion,10,21
4235,25,2023-05-21,code_assist,7,42
4236,112,2023-05-04,dashboard_export,2,3
4237,463,2023-03-17,data_insights,6,46
4238,389,2023-03-05,chat_completion,6,1
4239,263,2023-06-21,data_insights,3,44
4240,196,2023-03-05,dashboard_export,5,25
4241,386,2023-03-17,code_assist,7,6
4242,403,2023-03-22,code_assist,10,39
4243,200,2023-06-17,data_insights,4,6
4244,478,2023-06-18,dashboard_export,3,37
4245,487,2023-02-18,dashboard_export,2,17
4246,387,2023-03-23,chat_completion,4,50
4247,451,2023-05-20,chat_completion,2,37
4248,39,2023-01-21,chat_completion,6,6
4249,363,2023-05-29,dashboard_export,6,23
4250,351,2023-06-16,code_assist,1,33
4251,344,2023-05-19,code_assist,3,21
4252,122,2023-06-13,dashboard_export,6,48
4253,42,2023-05-16,chat_completion,3,48
4254,409,2023-03-24,dashboard_export,4,27
4255,448,2023-01-27,data_insights,4,45
4256,289,2023-03-26,chat_completion,2,33
4257,251,2023-05-24,dashboard_export,7,13
4258,271,2023-02-22,code_assist,5,25
4259,408,2023-01-16,data_insights,6,34
4260,476,2023-01-05,dashboard_export,2,26
4261,3,2023-03-02,dashboard_export,5,22
4262,359,2023-03-21,chat_completion,3,2
4263,453,2023-02-08,data_insights,6,41
4264,263,2023-02-15,code_assist,3,17
4265,98,2023-04-27,code_assist,3,11
4266,248,2023-03-09,dashboard_export,6,37
4267,203,2023-04-29,chat_completion,6,33
4268,477,2023-06-20,dashboard_export,3,34
4269,100,2023-06-26,code_assist,3,10
4270,46,2023-05-20,code_assist,3,25
4271,37,2023-04-12,code_assist,5,12
4272,250,2023-06-23,data_insights,7,43
4273,431,2023-03-07,dashboard_export,4,20
4274,299,2023-04-21,dashboard_export,3,11
4275,48,2023-02-17,chat_completion,7,42
4276,491,2023-04-21,data_insights,2,26
4277,374,2023-05-06,chat_completion,4,7
4278,83,2023-02-13,dashboard_export,3,17
4279,138,2023-04-17,dashboard_export,6,17
4280,332,2023-01-21,data_insights,8,32
4281,303,2023-04-15,dashboard_export,1,6
4282,358,2023-04-09,code_assist,9,50
4283,424,2023-01-13,dashboard_export,6,20
4284,195,2023-04-18,code_assist,5,24
4285,303,2023-06-12,data_insights,6,33
4286,364,2023-01-25,chat_completion,8,20
4287,403,2023-01-07,dashboard_export,4,46
4288,192,2023-02-08,code_assist,6,20
4289,318,2023-03-01,dashboard_export,7,29
4290,139,2023-02-15,chat_completion,4,27
4291,495,2023-04-14,code_assist,3,44
4292,51,2023-03-05,code_assist,3,43
4293,367,2023-04-19,dashboard_export,7,49
4294,463,2023-01-10,code_assist,3,15
4295,219,2023-04-26,code_assist,3,16
4296,293,2023-05-03,code_assist,4,10
4297,409,2023-01-04,dashboard_export,8,13
4298,321,2023-01-01,chat_completion,6,36
4299,336,2023-01-15,dashboard_export,1,39
4300,382,2023-06-28,code_assist,4,8
4301,336,2023-02-01,dashboard_export,3,27
4302,55,2023-02-07,chat_completion,5,47
4303,391,2023-05-03,data_insights,3,8
4304,180,2023-04-16,dashboard_export,3,27
4305,276,2023-03-02,dashboard_export,9,15
4306,27,2023-06-10,data_insights,2,27
4307,135,2023-05-07,data_insights,4,10
4308,470,2023-01-02,dashboard_export,6,13
4309,437,2023-05-31,chat_completion,4,14
4310,48,2023-01-22,chat_completion,7,4
4311,265,2023-06-05,chat_completion,2,44
4312,85,2023-06-24,data_insights,6,45
4313,259,2023-04-05,chat_completion,4,32
4314,276,2023-03-03,data_insights,5,12
4315,14,2023-01-08,dashboard_export,4,49
4316,405,2023-05-13,code_assist,3,22
4317,435,2023-06-24,data_insights,4,36
4318,411,2023-05-17,code_assist,2,4
4319,425,2023-03-02,dashboard_export,4,43
4320,146,2023-01-19,data_insights,0,50
4321,194,2023-03-06,chat_completion,5,2
4322,62,2023-06-22,code_assist,5,25
4323,490,2023-06-11,chat_completion,4,43
4324,432,2023-01-23,data_insights,10,4
4325,421,2023-01-09,code_assist,3,27
4326,114,2023-03-04,data_insights,4,21
4327,325,2023-03-22,dashboard_export,7,30
4328,481,2023-01-13,data_insights,3,28
4329,27,2023-01-09,chat_completion,8,25
4330,141,2023-06-13,data_insights,7,5
4331,159,2023-01-10,data_insights,4,33
4332,198,2023-05-10,dashboard_export,4,28
4333,178,2023-03-31,data_insights,8,30
4334,106,2023-06-11,dashboard_export,5,2
4335,185,2023-03-14,chat_completion,5,36
4336,266,2023-05-28,data_insights,6,21
4337,231,2023-02-19,dashboard_export,3,25
4338,412,2023-03-19,chat_completion,2,36
4339,390,2023-04-14,dashboard_export,7,6
4340,245,2023-06-20,dashboard_export,10,5
4341,382,2023-05-16,dashboard_export,8,32
4342,280,2023-02-28,chat_completion,6,11
4343,484,2023-02-03,chat_completion,2,28
4344,299,2023-04-17,dashboard_export,3,22
4345,436,2023-06-12,data_insights,6,40
4346,135,2023-02-24,code_assist,9,16
4347,107,2023-06-09,dashboard_export,3,50
4348,377,2023-01-30,dashboard_export,6,26
4349,432,2023-06-04,chat_completion,2,37
4350,392,2023-04-10,chat_completion,7,36
4351,298,2023-04-03,chat_completion,10,8
4352,108,2023-01-19,chat_completion,6,35
4353,215,2023-05-09,chat_completion,3,25
4354,244,2023-01-06,code_assist,6,35
4355,437,2023-04-17,code_assist,7,22
4356,363,2023-01-28,code_assist,5,20
4357,68,2023-04-29,data_insights,4,21
4358,19,2023-04-11,data_insights,4,40
4359,277,2023-03-19,chat_completion,4,43
4360,188,2023-01-11,data_insights,8,44
4361,290,2023-02-13,code_assist,3,30
4362,474,2023-04-20,data_insights,0,2
4363,471,2023-02-21,data_insights,5,34
4364,441,2023-01-29,dashboard_export,7,44
4365,3,2023-03-29,data_insights,4,28
4366,370,2023-06-22,chat_completion,3,12
4367,193,2023-03-15,dashboard_export,4,37
4368,265,2023-05-15,chat_completion,3,28
4369,368,2023-02-10,data_insights,2,8
4370,361,2023-02-09,dashboard_export,2,4
4371,399,2023-04-01,code_assist,6,40
4372,492,2023-06-01,dashboard_export,7,12
4373,340,2023-05-06,data_insights,6,41
4374,105,2023-05-14,code_assist,1,25
4375,284,2023-03-21,chat_completion,6,9
4376,265,2023-04-02,dashboard_export,5,6
4377,324,2023-06-11,code_assist,3,29
4378,332,2023-02-28,code_assist,3,9
4379,158,2023-02-16,dashboard_export,7,29
4380,342,2023-05-11,dashboard_export,4,40
4381,389,2023-06-27,code_assist,8,47
4382,48,2023-04-24,data_insights,4,43
4383,174,2023-03-12,chat_completion,2,13
4384,1,2023-03-07,code_assist,1,38
4385,183,2023-05-05,data_insights,5,43
4386,303,2023-05-08,dashboard_export,5,9
4387,143,2023-04-14,dashboard_export,7,28
4388,71,2023-06-26,dashboard_export,2,9
4389,149,2023-05-17,code_assist,5,11
4390,229,2023-05-20,chat_completion,7,30
4391,307,2023-03-12,dashboard_export,6,34
4392,229,2023-03-07,chat_completion,6,36
4393,302,2023-05-31,data_insights,9,21
4394,399,2023-03-30,data_insights,8,50
4395,274,2023-02-02,code_assist,13,22
4396,439,2023-03-07,chat_completion,2,15
4397,260,2023-02-24,data_insights,5,33
4398,7,2023-01-20,code_assist,2,9
4399,316,2023-01-01,code_assist,2,42
4400,59,2023-01-18,chat_completion,5,40
4401,196,2023-05-28,code_assist,5,39
4402,318,2023-02-06,chat_completion,4,43
4403,289,2023-05-26,data_insights,5,38
4404,144,2023-04-11,dashboard_export,4,50
4405,417,2023-05-25,data_insights,7,11
4406,486,2023-03-01,code_assist,7,21
4407,114,2023-04-30,chat_completion,4,4
4408,161,2023-05-09,chat_completion,2,13
4409,394,2023-05-19,dashboard_export,5,18
4410,51,2023-06-27,code_assist,4,16
4411,387,2023-05-07,chat_completion,3,7
4412,103,2023-05-12,chat_completion,6,26
4413,291,2023-01-20,dashboard_export,8,1
4414,121,2023-05-14,code_assist,4,45
4415,279,2023-03-03,code_assist,6,40
4416,88,2023-05-31,chat_completion,4,9
4417,121,2023-06-09,chat_completion,9,11
4418,207,2023-05-10,data_insights,6,8
4419,330,2023-06-15,chat_completion,7,7
4420,138,2023-04-22,code_assist,0,41
4421,468,2023-02-04,dashboard_export,4,11
4422,266,2023-06-08,dashboard_export,4,37
4423,479,2023-06-03,data_insights,1,2
4424,319,2023-02-21,chat_completion,9,4
4425,470,2023-01-27,code_assist,4,50
4426,8,2023-05-26,code_assist,6,28
4427,213,2023-05-16,dashboard_export,4,48
4428,286,2023-01-22,chat_completion,10,3
4429,222,2023-03-14,code_assist,4,29
4430,12,2023-03-16,data_insights,4,14
4431,48,2023-04-28,chat_completion,4,38
4432,339,2023-06-23,dashboard_export,6,31
4433,321,2023-01-26,chat_completion,9,1
4434,5,2023-04-16,chat_completion,2,44
4435,368,2023-03-24,code_assist,8,3
4436,281,2023-03-16,dashboard_export,3,21
4437,116,2023-03-02,data_insights,3,25
4438,128,2023-03-11,dashboard_export,4,29
4439,180,2023-02-24,dashboard_export,5,26
4440,52,2023-05-16,code_assist,5,6
4441,449,2023-02-04,dashboard_export,3,17
4442,284,2023-04-06,code_assist,6,3
4443,197,2023-03-20,dashboard_export,3,42
4444,251,2023-03-30,code_assist,7,19
4445,191,2023-02-27,chat_completion,3,31
4446,433,2023-04-13,dashboard_export,0,16
4447,214,2023-01-18,dashboard_export,5,3
4448,127,2023-03-01,dashboard_export,5,26
4449,313,2023-04-05,dashboard_export,2,14
4450,331,2023-04-03,chat_completion,5,8
4451,485,2023-02-10,code_assist,4,2
4452,319,2023-06-21,dashboard_export,4,35
4453,428,2023-06-17,dashboard_export,6,45
4454,444,2023-05-02,chat_completion,2,23
4455,154,2023-03-27,code_assist,8,35
4456,203,2023-03-08,code_assist,3,7
4457,74,2023-04-27,dashboard_export,7,22
4458,237,2023-06-03,data_insights,6,25
4459,354,2023-05-26,chat_completion,4,22
4460,445,2023-03-28,code_assist,9,20
4461,54,2023-04-01,data_insights,5,43
4462,209,2023-02-19,code_assist,2,38
4463,281,2023-06-13,dashboard_export,6,18
4464,394,2023-02-20,chat_completion,7,2
4465,423,2023-01-20,data_insights,4,2
4466,448,2023-05-21,data_insights,4,5
4467,475,2023-04-07,code_assist,8,22
4468,362,2023-02-18,chat_completion,5,31
4469,299,2023-04-10,dashboard_export,3,27
4470,461,2023-06-15,code_assist,4,28
4471,149,2023-06-25,data_insights,6,25
4472,187,2023-03-04,data_insights,2,23
4473,249,2023-01-16,chat_completion,3,26
4474,19,2023-01-25,dashboard_export,8,41
4475,344,2023-01-13,chat_completion,4,22
4476,211,2023-05-27,chat_completion,11,3
4477,179,2023-06-11,data_insights,11,38
4478,382,2023-03-03,data_insights,4,3
4479,429,2023-04-13,code_assist,4,30
4480,96,2023-04-04,data_insights,4,42
4481,89,2023-03-16,dashboard_export,5,18
4482,189,2023-03-03,chat_completion,6,35
4483,359,2023-02-27,data_insights,5,43
4484,83,2023-02-08,dashboard_export,3,32
4485,345,2023-01-11,code_assist,5,29
4486,470,2023-02-04,data_insights,5,37
4487,436,2023-05-07,chat_completion,6,7
4488,232,2023-05-11,chat_completion,4,24
4489,445,2023-05-29,chat_completion,9,19
4490,414,2023-06-13,code_assist,15,26
4491,159,2023-05-14,chat_completion,2,2
4492,5,2023-02-17,data_insights,11,3
4493,138,2023-04-04,dashboard_export,9,22
4494,207,2023-01-29,data_insights,10,35
4495,40,2023-03-03,code_assist,6,29
4496,255,2023-03-25,data_insights,5,40
4497,150,2023-04-04,chat_completion,7,24
4498,112,2023-01-07,chat_completion,6,9
4499,231,2023-05-27,data_insights,6,38
4500,426,2023-03-17,code_assist,3,21
4501,156,2023-02-16,dashboard_export,5,24
4502,62,2023-05-03,chat_completion,7,1
4503,14,2023-06-20,code_assist,7,8
4504,232,2023-04-01,data_insights,3,40
4505,174,2023-01-09,chat_completion,4,3
4506,186,2023-02-15,code_assist,2,47
4507,450,2023-02-03,dashboard_export,5,5
4508,350,2023-06-07,chat_completion,9,33
4509,204,2023-02-22,chat_completion,6,45
4510,253,2023-06-14,code_assist,2,32
4511,356,2023-02-16,chat_completion,7,41
4512,409,2023-02-09,dashboard_export,6,13
4513,189,2023-02-10,code_assist,7,32
4514,19,2023-03-30,dashboard_export,5,3
4515,100,2023-05-04,chat_completion,3,39
4516,80,2023-04-14,chat_completion,4,36
4517,404,2023-05-19,dashboard_export,9,9
4518,218,2023-04-25,chat_completion,3,17
4519,241,2023-01-07,code_assist,5,4
4520,38,2023-03-27,dashboard_export,5,2
4521,2,2023-06-28,dashboard_export,2,28
4522,431,2023-03-25,code_assist,3,48
4523,224,2023-06-20,code_assist,6,30
4524,329,2023-01-06,dashboard_export,6,47
4525,121,2023-06-24,chat_completion,5,16
4526,318,2023-05-15,code_assist,4,8
4527,424,2023-02-12,chat_completion,6,11
4528,89,2023-02-25,dashboard_export,4,22
4529,204,2023-01-03,data_insights,2,46
4530,60,2023-06-25,code_assist,5,17
4531,306,2023-02-09,dashboard_export,5,20
4532,33,2023-03-07,data_insights,3,19
4533,178,2023-04-04,chat_completion,4,8
4534,437,2023-05-07,code_assist,5,21
4535,173,2023-04-22,chat_completion,7,4
4536,402,2023-03-22,code_assist,6,41
4537,433,2023-03-21,chat_completion,8,47
4538,336,2023-05-15,code_assist,3,25
4539,393,2023-03-16,code_assist,9,9
4540,425,2023-04-13,data_insights,6,46
4541,454,2023-02-26,data_insights,6,41
4542,227,2023-04-02,data_insights,7,25
4543,148,2023-04-01,dashboard_export,5,30
4544,425,2023-03-01,code_assist,5,6
4545,464,2023-03-28,chat_completion,1,5
4546,423,2023-04-11,data_insights,4,22
4547,194,2023-04-08,chat_completion,6,22
4548,43,2023-02-08,dashboard_export,8,18
4549,181,2023-06-02,code_assist,7,40
4550,112,2023-04-16,dashboard_export,4,32
4551,461,2023-01-25,chat_completion,7,8
4552,120,2023-04-05,chat_completion,2,2
4553,326,2023-05-26,dashboard_export,7,24
4554,432,2023-04-03,code_assist,7,9
4555,60,2023-05-30,code_assist,4,25
4556,260,2023-01-14,chat_completion,10,32
4557,189,2023-05-19,code_assist,5,11
4558,426,2023-06-29,data_insights,5,7
4559,177,2023-02-15,data_insights,6,31
4560,85,2023-02-07,code_assist,4,41
4561,140,2023-01-24,dashboard_export,5,18
4562,30,2023-01-01,data_insights,3,12
4563,363,2023-01-09,data_insights,7,49
4564,63,2023-02-07,data_insights,9,37
4565,9,2023-05-12,data_insights,6,19
4566,418,2023-06-17,dashboard_export,4,5
4567,174,2023-03-01,chat_completion,4,7
4568,391,2023-05-06,chat_completion,5,34
4569,205,2023-01-31,code_assist,3,12
4570,407,2023-06-21,chat_completion,2,4
4571,192,2023-04-10,code_assist,10,35
4572,208,2023-06-03,code_assist,4,45
4573,193,2023-05-07,data_insights,4,48
4574,342,2023-01-05,chat_completion,8,20
4575,339,2023-04-21,chat_completion,4,31
4576,178,2023-02-06,data_insights,3,5
4577,163,2023-05-11,data_insights,3,44
4578,315,2023-05-27,dashboard_export,5,31
4579,320,2023-01-01,data_insights,1,45
4580,311,2023-02-18,data_insights,2,16
4581,389,2023-04-03,data_insights,5,37
4582,370,2023-05-24,chat_completion,3,8
4583,149,2023-05-24,data_insights,3,46
4584,468,2023-01-31,code_assist,6,18
4585,268,2023-04-22,data_insights,6,29
4586,375,2023-01-30,chat_completion,2,27
4587,8,2023-05-07,dashboard_export,3,38
4588,431,2023-02-08,code_assist,3,23
4589,142,2023-05-31,code_assist,4,35
4590,69,2023-02-26,data_insights,8,1
4591,204,2023-04-06,data_insights,4,47
4592,338,2023-04-23,code_assist,5,13
4593,312,2023-05-20,code_assist,7,21
4594,4,2023-05-14,chat_completion,2,47
4595,403,2023-03-08,code_assist,2,23
4596,174,2023-04-24,data_insights,8,20
4597,72,2023-01-30,dashboard_export,3,36
4598,328,2023-01-29,chat_completion,5,14
4599,128,2023-01-25,code_assist,5,43
4600,381,2023-05-04,data_insights,10,37
4601,201,2023-02-05,dashboard_export,5,50
4602,230,2023-05-11,dashboard_export,10,4
4603,454,2023-02-20,chat_completion,4,41
4604,185,2023-06-24,data_insights,6,40
4605,189,2023-05-19,data_insights,3,19
4606,13,2023-06-27,data_insights,6,44
4607,323,2023-03-02,chat_completion,4,31
4608,341,2023-06-03,chat_completion,1,26
4609,209,2023-04-22,chat_completion,5,40
4610,161,2023-03-20,chat_completion,4,26
4611,464,2023-04-10,data_insights,7,20
4612,141,2023-03-19,code_assist,7,21
4613,144,2023-06-27,data_insights,4,11
4614,423,2023-04-25,dashboard_export,1,46
4615,89,2023-04-10,chat_completion,5,32
4616,441,2023-04-05,dashboard_export,5,48
4617,368,2023-03-19,chat_completion,7,49
4618,211,2023-06-13,dashboard_export,7,43
4619,232,2023-05-25,dashboard_export,5,6
4620,361,2023-02-12,data_insights,1,14
4621,202,2023-04-14,dashboard_export,2,6
4622,284,2023-06-24,code_assist,7,49
4623,265,2023-05-28,code_assist,4,18
4624,280,2023-03-12,code_assist,6,19
4625,157,2023-05-29,data_insights,5,26
4626,18,2023-06-16,code_assist,4,49
4627,299,2023-06-09,data_insights,12,14
4628,449,2023-02-10,dashboard_export,2,23
4629,322,2023-01-14,code_assist,8,22
4630,23,2023-06-24,code_assist,6,31
4631,33,2023-02-22,dashboard_export,5,26
4632,94,2023-06-27,dashboard_export,1,48
4633,500,2023-04-03,chat_completion,7,49
4634,309,2023-06-27,code_assist,2,16
4635,208,2023-01-31,chat_completion,5,46
4636,291,2023-04-02,data_insights,6,3
4637,54,2023-02-16,data_insights,6,9
4638,50,2023-05-04,dashboard_export,4,50
4639,100,2023-01-30,dashboard_export,3,16
4640,112,2023-01-04,chat_completion,12,32
4641,476,2023-05-16,dashboard_export,9,32
4642,167,2023-05-22,chat_completion,6,22
4643,334,2023-03-23,code_assist,4,31
4644,278,2023-06-28,chat_completion,8,4
4645,353,2023-06-09,data_insights,5,4
4646,82,2023-02-08,code_assist,4,50
4647,459,2023-01-06,code_assist,10,10
4648,90,2023-06-23,data_insights,10,42
4649,400,2023-03-25,code_assist,6,29
4650,174,2023-01-02,code_assist,9,32
4651,362,2023-01-13,dashboard_export,4,4
4652,494,2023-04-04,chat_completion,4,45
4653,323,2023-04-04,dashboard_export,6,23
4654,331,2023-02-18,code_assist,3,9
4655,460,2023-02-21,chat_completion,6,15
4656,250,2023-02-01,data_insights,4,7
4657,151,2023-06-17,code_assist,9,9
4658,302,2023-05-20,code_assist,3,39
4659,458,2023-03-28,dashboard_export,2,34
4660,377,2023-01-28,data_insights,3,48
4661,302,2023-06-07,chat_completion,3,33
4662,77,2023-01-25,dashboard_export,3,19
4663,352,2023-02-12,chat_completion,8,28
4664,358,2023-02-09,dashboard_export,4,17
4665,485,2023-03-12,chat_completion,2,26
4666,237,2023-05-16,dashboard_export,2,13
4667,51,2023-02-22,data_insights,2,9
4668,232,2023-03-31,code_assist,2,21
4669,156,2023-04-13,dashboard_export,7,7
4670,373,2023-03-20,chat_completion,3,24
4671,360,2023-01-20,data_insights,6,41
4672,311,2023-02-09,dashboard_export,5,37
4673,70,2023-02-03,data_insights,10,15
4674,66,2023-03-10,code_assist,1,23
4675,95,2023-05-20,dashboard_export,7,39
4676,90,2023-02-11,data_insights,7,15
4677,252,2023-03-28,chat_completion,9,35
4678,53,2023-05-18,data_insights,8,35
4679,94,2023-06-17,chat_completion,5,8
4680,199,2023-04-09,chat_completion,6,3
4681,220,2023-01-27,code_assist,6,10
4682,275,2023-01-05,chat_completion,3,19
4683,5,2023-02-15,chat_completion,8,50
4684,98,2023-04-30,code_assist,2,40
4685,14,2023-05-29,chat_completion,5,3
4686,377,2023-01-26,code_assist,3,38
4687,140,2023-06-27,chat_completion,7,11
4688,384,2023-03-09,chat_completion,5,20
4689,406,2023-06-02,chat_completion,7,47
4690,248,2023-06-19,code_assist,6,47
4691,315,2023-05-21,dashboard_export,6,47
4692,316,2023-06-27,data_insights,6,44
4693,16,2023-03-18,dashboard_export,7,8
4694,63,2023-04-20,dashboard_export,9,29
4695,58,2023-01-14,dashboard_export,3,24
4696,129,2023-06-15,chat_completion,6,23
4697,8,2023-04-16,chat_completion,3,35
4698,286,2023-03-23,code_assist,4,39
4699,72,2023-01-23,chat_completion,3,36
4700,377,2023-02-06,dashboard_export,2,14
4701,175,2023-03-30,code_assist,5,15
4702,111,2023-05-28,dashboard_export,4,23
4703,197,2023-01-10,code_assist,6,6
4704,423,2023-04-15,code_assist,6,15
4705,95,2023-03-20,data_insights,6,25
4706,307,2023-05-23,dashboard_export,3,22
4707,445,2023-01-07,code_assist,4,13
4708,258,2023-06-08,dashboard_export,2,33
4709,227,2023-04-03,chat_completion,11,37
4710,499,2023-06-21,chat_completion,4,29
4711,232,2023-02-03,code_assist,7,27
4712,266,2023-04-17,chat_completion,4,20
4713,39,2023-03-17,chat_completion,4,48
4714,144,2023-04-06,code_assist,5,11
4715,410,2023-02-13,dashboard_export,5,45
4716,389,2023-05-15,chat_completion,3,19
4717,462,2023-05-11,code_assist,2,35
4718,465,2023-03-24,data_insights,3,31
4719,86,2023-04-20,dashboard_export,7,4
4720,404,2023-04-27,data_insights,3,11
4721,184,2023-01-06,chat_completion,5,25
4722,402,2023-05-08,data_insights,7,37
4723,180,2023-03-15,data_insights,8,47
4724,303,2023-06-12,chat_completion,6,38
4725,25,2023-02-03,code_assist,12,22
4726,23,2023-05-19,code_assist,8,1
4727,113,2023-04-20,code_assist,10,42
4728,439,2023-02-28,code_assist,2,49
4729,88,2023-01-29,data_insights,4,17
4730,254,2023-06-19,data_insights,3,2
4731,38,2023-03-21,dashboard_export,0,38
4732,269,2023-01-29,chat_completion,2,8
4733,275,2023-04-05,data_insights,3,39
4734,495,2023-01-06,chat_completion,4,8
4735,334,2023-03-11,data_insights,4,49
4736,52,2023-02-04,dashboard_export,4,24
4737,402,2023-05-27,data_insights,5,4
4738,125,2023-02-21,dashboard_export,4,34
4739,293,2023-01-09,chat_completion,5,12
4740,219,2023-04-01,dashboard_export,5,30
4741,22,2023-06-28,data_insights,3,6
4742,320,2023-05-16,data_insights,9,21
4743,399,2023-03-02,dashboard_export,9,17
4744,69,2023-06-19,code_assist,3,11
4745,208,2023-05-10,data_insights,8,8
4746,253,2023-02-17,data_insights,9,10
4747,350,2023-01-01,data_insights,8,40
4748,317,2023-04-24,code_assist,1,20
4749,53,2023-06-09,code_assist,3,13
4750,57,2023-02-03,dashboard_export,3,8
4751,222,2023-04-26,dashboard_export,0,12
4752,277,2023-03-14,code_assist,7,14
4753,413,2023-01-23,dashboard_export,6,10
4754,409,2023-02-19,code_assist,3,9
4755,316,2023-06-02,chat_completion,3,1
4756,365,2023-04-02,dashboard_export,2,31
4757,263,2023-02-22,data_insights,7,39
4758,52,2023-04-24,dashboard_export,4,12
4759,233,2023-06-19,code_assist,3,11
4760,470,2023-06-23,data_insights,4,39
4761,295,2023-01-14,code_assist,8,45
4762,153,2023-04-28,code_assist,4,37
4763,397,2023-05-10,dashboard_export,6,47
4764,420,2023-03-24,code_assist,3,32
4765,460,2023-05-17,code_assist,4,30
4766,209,2023-03-06,dashboard_export,4,15
4767,108,2023-05-05,dashboard_export,5,45
4768,1,2023-02-12,code_assist,3,6
4769,10,2023-02-05,code_assist,3,29
4770,244,2023-06-19,chat_completion,11,8
4771,105,2023-05-15,data_insights,6,29
4772,408,2023-04-30,data_insights,9,7
4773,312,2023-04-29,data_insights,3,19
4774,477,2023-05-10,data_insights,7,30
4775,245,2023-04-29,dashboard_export,5,33
4776,141,2023-01-08,chat_completion,6,17
4777,299,2023-06-27,dashboard_export,5,18
4778,420,2023-04-13,data_insights,3,17
4779,135,2023-05-05,chat_completion,6,21
4780,273,2023-02-28,code_assist,7,22
4781,393,2023-02-11,code_assist,6,47
4782,465,2023-01-07,data_insights,6,4
4783,387,2023-04-13,data_insights,4,8
4784,336,2023-06-17,chat_completion,3,40
4785,150,2023-05-11,data_insights,6,20
4786,337,2023-05-17,chat_completion,1,46
4787,98,2023-01-11,chat_completion,1,49
4788,337,2023-06-04,code_assist,6,46
4789,357,2023-04-25,dashboard_export,7,37
4790,292,2023-03-07,code_assist,5,28
4791,486,2023-02-02,chat_completion,6,23
4792,244,2023-01-30,data_insights,7,6
4793,160,2023-03-14,data_insights,4,44
4794,62,2023-05-03,chat_completion,3,45
4795,442,2023-06-18,code_assist,9,27
4796,340,2023-01-07,data_insights,3,11
4797,263,2023-05-13,code_assist,5,44
4798,153,2023-04-01,code_assist,4,16
4799,424,2023-05-30,chat_completion,5,30
4800,284,2023-03-16,code_assist,13,10
4801,18,2023-01-25,dashboard_export,4,47
4802,51,2023-02-25,code_assist,2,7
4803,1,2023-01-18,chat_completion,8,9
4804,297,2023-03-01,code_assist,2,25
4805,40,2023-01-18,data_insights,3,43
4806,64,2023-06-14,dashboard_export,3,10
4807,76,2023-05-28,data_insights,9,15
4808,224,2023-03-29,data_insights,5,4
4809,210,2023-03-10,dashboard_export,8,14
4810,191,2023-03-29,code_assist,5,15
4811,457,2023-01-15,chat_completion,3,28
4812,473,2023-03-26,dashboard_export,4,41
4813,30,2023-06-23,chat_completion,8,15
4814,163,2023-01-01,chat_completion,7,25
4815,500,2023-06-22,code_assist,7,11
4816,55,2023-04-30,chat_completion,3,27
4817,382,2023-01-22,data_insights,5,29
4818,265,2023-03-10,data_insights,1,14
4819,469,2023-04-23,code_assist,3,12
4820,298,2023-02-24,code_assist,5,42
4821,247,2023-05-03,dashboard_export,4,21
4822,62,2023-04-28,chat_completion,3,9
4823,25,2023-02-10,dashboard_export,9,23
4824,161,2023-02-25,chat_completion,2,3
4825,172,2023-01-15,chat_completion,5,22
4826,330,2023-04-28,dashboard_export,1,35
4827,435,2023-01-07,code_assist,3,27
4828,143,2023-05-22,data_insights,3,44
4829,46,2023-03-24,dashboard_export,9,13
4830,346,2023-02-23,code_assist,5,44
4831,299,2023-03-16,dashboard_export,7,11
4832,423,2023-03-10,dashboard_export,2,25
4833,491,2023-01-18,dashboard_export,3,45
4834,170,2023-06-11,dashboard_export,3,8
4835,216,2023-01-05,chat_completion,2,13
4836,461,2023-03-31,code_assist,6,38
4837,9,2023-05-14,chat_completion,6,48
4838,445,2023-06-13,code_assist,9,36
4839,437,2023-03-31,data_insights,5,20
4840,370,2023-01-10,dashboard_export,7,17
4841,304,2023-03-27,data_insights,4,48
4842,20,2023-04-26,chat_completion,5,21
4843,27,2023-04-01,dashboard_export,7,18
4844,433,2023-02-14,dashboard_export,4,18
4845,73,2023-01-11,code_assist,4,32
4846,112,2023-06-25,data_insights,2,31
4847,196,2023-05-16,chat_completion,10,12
4848,175,2023-06-09,chat_completion,8,45
4849,415,2023-06-22,dashboard_export,9,26
4850,374,2023-01-02,code_assist,5,4
4851,54,2023-05-21,data_insights,4,21
4852,251,2023-01-03,dashboard_export,6,7
4853,485,2023-04-03,dashboard_export,2,25
4854,467,2023-05-27,dashboard_export,4,38
4855,312,2023-03-09,chat_completion,9,21
4856,94,2023-01-04,data_insights,1,47
4857,50,2023-05-13,data_insights,6,18
4858,90,2023-06-20,code_assist,5,37
4859,315,2023-03-09,dashboard_export,4,42
4860,346,2023-01-26,data_insights,3,47
4861,440,2023-03-30,code_assist,6,7
4862,353,2023-03-25,dashboard_export,6,37
4863,331,2023-02-26,data_insights,5,20
4864,470,2023-06-28,chat_completion,7,33
4865,381,2023-05-02,code_assist,7,8
4866,203,2023-01-06,data_insights,7,33
4867,368,2023-03-05,data_insights,4,19
4868,322,2023-02-01,chat_completion,7,38
4869,196,2023-05-07,dashboard_export,9,30
4870,455,2023-06-10,data_insights,2,31
4871,170,2023-03-21,dashboard_export,5,46
4872,362,2023-01-01,code_assist,5,39
4873,313,2023-05-18,dashboard_export,2,29
4874,64,2023-02-23,dashboard_export,6,27
4875,50,2023-05-16,dashboard_export,1,37
4876,283,2023-01-12,data_insights,6,23
4877,68,2023-06-27,chat_completion,6,16
4878,472,2023-06-11,code_assist,6,4
4879,466,2023-02-18,dashboard_export,6,33
4880,190,2023-01-26,data_insights,5,48
4881,410,2023-01-10,data_insights,1,11
4882,298,2023-01-15,dashboard_export,9,17
4883,39,2023-02-10,chat_completion,6,24
4884,176,2023-03-04,chat_completion,11,40
4885,98,2023-06-23,chat_completion,5,42
4886,186,2023-04-11,data_insights,7,22
4887,46,2023-05-17,code_assist,5,26
4888,156,2023-04-08,data_insights,3,14
4889,92,2023-02-09,data_insights,4,50
4890,310,2023-03-30,data_insights,5,20
4891,127,2023-06-13,dashboard_export,7,20
4892,103,2023-02-02,chat_completion,5,32
4893,101,2023-03-23,data_insights,7,18
4894,290,2023-06-26,chat_completion,3,43
4895,453,2023-04-25,code_assist,6,10
4896,54,2023-05-03,data_insights,6,11
4897,28,2023-05-08,data_insights,5,30
4898,203,2023-03-24,code_assist,4,10
4899,137,2023-04-20,code_assist,2,30
4900,483,2023-01-07,data_insights,2,44
4901,315,2023-04-11,chat_completion,9,14
4902,430,2023-01-19,chat_completion,10,48
4903,157,2023-06-28,chat_completion,3,18
4904,296,2023-02-16,data_insights,5,19
4905,104,2023-03-18,chat_completion,3,18
4906,432,2023-02-23,data_insights,5,18
4907,160,2023-03-21,data_insights,5,6
4908,9,2023-01-20,dashboard_export,4,43
4909,301,2023-02-11,chat_completion,4,28
4910,411,2023-02-17,chat_completion,7,43
4911,332,2023-03-13,code_assist,6,32
4912,105,2023-01-27,code_assist,5,1
4913,328,2023-03-04,data_insights,9,19
4914,75,2023-03-14,data_insights,6,34
4915,383,2023-04-21,chat_completion,3,37
4916,162,2023-05-05,chat_completion,4,19
4917,149,2023-02-17,data_insights,6,6
4918,92,2023-05-18,chat_completion,5,17
4919,268,2023-04-19,code_assist,3,6
4920,125,2023-03-10,dashboard_export,4,32
4921,343,2023-06-16,code_assist,5,14
4922,487,2023-01-22,dashboard_export,4,14
4923,466,2023-06-24,dashboard_export,5,44
4924,44,2023-05-24,code_assist,7,5
4925,35,2023-02-26,dashboard_export,4,42
4926,207,2023-02-20,data_insights,7,2
4927,236,2023-03-23,chat_completion,10,19
4928,152,2023-02-06,code_assist,2,28
4929,287,2023-02-02,dashboard_export,4,30
4930,327,2023-05-23,code_assist,7,25
4931,245,2023-02-18,code_assist,9,48
4932,282,2023-06-26,data_insights,6,16
4933,105,2023-04-08,dashboard_export,3,13
4934,422,2023-06-25,chat_completion,0,44
4935,437,2023-03-30,dashboard_export,1,1
4936,93,2023-01-02,code_assist,8,38
4937,496,2023-04-14,code_assist,2,47
4938,201,2023-02-13,chat_completion,4,2
4939,21,2023-05-13,dashboard_export,7,40
4940,282,2023-03-10,dashboard_export,4,7
4941,152,2023-02-04,code_assist,8,44
4942,51,2023-06-21,dashboard_export,3,44
4943,345,2023-03-12,code_assist,5,16
4944,79,2023-02-16,chat_completion,3,11
4945,83,2023-05-08,code_assist,5,50
4946,223,2023-02-02,data_insights,7,3
4947,101,2023-01-27,chat_completion,3,28
4948,363,2023-03-14,dashboard_export,5,47
4949,146,2023-05-13,data_insights,4,29
4950,476,2023-03-25,code_assist,2,28
4951,70,2023-01-26,chat_completion,2,45
4952,352,2023-02-25,dashboard_export,0,49
4953,136,2023-03-25,data_insights,6,32
4954,264,2023-06-29,chat_completion,12,37
4955,58,2023-06-16,data_insights,1,28
4956,64,2023-05-17,data_insights,4,30
4957,431,2023-03-05,code_assist,3,41
4958,429,2023-01-28,code_assist,3,45
4959,296,2023-02-18,data_insights,5,19
4960,306,2023-06-13,chat_completion,4,27
4961,301,2023-01-29,dashboard_export,1,45
4962,191,2023-04-06,code_assist,6,22
4963,267,2023-01-10,dashboard_export,5,45
4964,90,2023-06-14,dashboard_export,2,11
4965,260,2023-02-13,data_insights,0,6
4966,362,2023-06-10,data_insights,4,46
4967,424,2023-01-21,chat_completion,5,22
4968,156,2023-01-21,chat_completion,8,26
4969,364,2023-04-17,code_assist,6,39
4970,470,2023-06-26,data_insights,6,42
4971,96,2023-06-24,dashboard_export,4,11
4972,177,2023-01-01,data_insights,10,24
4973,450,2023-03-08,data_insights,4,34
4974,64,2023-03-03,data_insights,4,36
4975,226,2023-04-21,dashboard_export,2,11
4976,343,2023-06-16,chat_completion,8,30
4977,491,2023-02-24,dashboard_export,3,3
4978,245,2023-01-10,chat_completion,4,19
4979,441,2023-06-06,data_insights,6,38
4980,262,2023-03-11,code_assist,6,25
4981,73,2023-02-05,data_insights,8,1
4982,128,2023-02-10,dashboard_export,5,46
4983,373,2023-04-03,data_insights,5,34
4984,372,2023-02-15,data_insights,1,39
4985,105,2023-03-05,data_insights,1,43
4986,45,2023-06-13,data_insights,4,12
4987,55,2023-02-08,dashboard_export,5,25
4988,92,2023-01-05,dashboard_export,7,5
4989,223,2023-01-19,data_insights,5,1
4990,225,2023-05-09,chat_completion,4,28
4991,304,2023-05-18,code_assist,2,6
4992,42,2023-03-25,data_insights,8,47
4993,273,2023-01-28,data_insights,4,42
4994,213,2023-03-17,chat_completion,3,4
4995,371,2023-01-24,dashboard_export,0,39
4996,361,2023-01-09,chat_completion,3,32
4997,71,2023-01-03,chat_completion,6,50
4998,136,2023-04-25,dashboard_export,6,49
4999,164,2023-03-09,chat_completion,7,35
5000,398,2023-04-01,code_assist,6,4
