usage_id,account_id,feature_name,events_count,active_users,event_date
1,13,code_assist,7,12,2023-05-07
2,51,code_assist,6,37,2023-03-25
3,495,data_insights,5,33,2023-01-29
4,64,dashboard_export,6,40,2023-02-28
5,425,code_assist,5,27,2023-06-10
6,397,dashboard_export,4,18,2023-06-10
7,319,dashboard_export,3,29,2023-02-10
8,294,data_insights,2,35,2023-01-19
9,467,dashboard_export,2,38,2023-05-08
10,257,code_assist,5,4,2023-03-17
11,234,code_assist,7,18,2023-06-23
12,81,chat_completion,7,35,2023-05-19
13,434,code_assist,2,35,2023-02-26
14,205,code_assist,10,7,2023-04-12
15,273,dashboard_export,8,24,2023-03-06
16,251,chat_completion,8,24,2023-04-02
17,416,chat_completion,9,10,2023-04-06
18,21,data_insights,4,47,2023-02-07
19,358,data_insights,6,4,2023-05-15
20,500,chat_completion,7,13,2023-05-10
21,37,dashboard_export,5,26,2023-03-30
22,42,chat_completion,9,25,2023-02-17
23,244,dashboard_export,4,17,2023-03-10
24,15,chat_completion,6,3,2023-02-22
25,343,chat_completion,5,5,2023-01-25
26,77,chat_completion,4,50,2023-01-14
27,153,data_insights,9,36,2023-04-21
28,199,dashboard_export,3,37,2023-05-13
29,252,chat_completion,5,8,2023-04-19
30,173,chat_completion,6,46,2023-05-24
31,24,data_insights,6,6,2023-05-31
32,181,dashboard_export,5,17,2023-04-29
33,270,code_assist,6,30,2023-05-30
34,493,data_insights,8,15,2023-04-13
35,53,code_assist,4,29,2023-02-11
36,45,data_insights,6,34,2023-02-22
37,139,code_assist,7,46,2023-05-01
38,217,code_assist,8,13,2023-03-02
39,11,code_assist,6,15,2023-01-17
40,62,chat_completion,5,33,2023-05-25
41,303,chat_completion,6,1,2023-06-06
42,111,dashboard_export,6,1,2023-03-17
43,33,dashboard_export,4,20,2023-02-28
44,140,chat_completion,7,28,2023-05-02
45,481,dashboard_export,7,28,2023-01-05
46,409,code_assist,1,25,2023-01-29
47,210,chat_completion,7,16,2023-02-17
48,314,dashboard_export,6,15,2023-05-26
49,251,chat_completion,7,50,2023-05-12
50,499,dashboard_export,6,47,2023-02-28
51,17,chat_completion,8,9,2023-03-18
52,117,chat_completion,6,7,2023-06-16
53,474,code_assist,4,11,2023-01-29
54,55,code_assist,6,8,2023-05-14
55,108,code_assist,2,26,2023-06-24
56,469,chat_completion,7,35,2023-01-02
57,393,chat_completion,2,13,2023-06-25
58,171,dashboard_export,4,24,2023-01-25
59,174,chat_completion,1,48,2023-02-06
60,23,chat_completion,2,5,2023-05-21
61,251,data_insights,4,47,2023-06-24
62,37,code_assist,3,9,2023-04-23
63,149,chat_completion,5,41,2023-02-24
64,91,dashboard_export,5,39,2023-01-30
65,183,dashboard_export,7,41,2023-05-06
66,198,code_assist,5,50,2023-03-28
67,380,data_insights,3,30,2023-06-27
68,169,code_assist,3,47,2023-01-07
69,227,data_insights,0,41,2023-05-27
70,85,code_assist,1,22,2023-01-19
71,58,dashboard_export,9,46,2023-01-30
72,489,chat_completion,3,45,2023-03-09
73,447,data_insights,3,36,2023-06-22
74,415,code_assist,5,38,2023-01-29
75,142,code_assist,5,29,2023-05-15
76,434,code_assist,1,8,2023-06-14
77,282,chat_completion,4,35,2023-01-23
78,78,chat_completion,7,42,2023-02-04
79,358,chat_completion,2,28,2023-01-11
80,343,data_insights,6,33,2023-05-12
81,182,dashboard_export,3,38,2023-06-20
82,158,data_insights,4,48,2023-05-24
83,260,dashboard_export,5,13,2023-05-24
84,344,chat_completion,3,12,2023-04-04
85,420,chat_completion,2,30,2023-03-12
86,258,code_assist,2,36,2023-06-14
87,287,dashboard_export,7,45,2023-01-20
88,332,chat_completion,6,26,2023-05-19
89,239,chat_completion,6,2,2023-04-09
90,463,data_insights,4,33,2023-06-10
91,339,code_assist,3,19,2023-04-05
92,383,code_assist,8,13,2023-04-21
93,185,code_assist,2,18,2023-04-16
94,105,data_insights,4,13,2023-02-19
95,338,chat_completion,4,6,2023-02-17
96,485,dashboard_export,6,20,2023-01-20
97,50,chat_completion,6,31,2023-04-11
98,280,chat_completion,2,36,2023-06-13
99,340,data_insights,4,48,2023-04-24
100,367,chat_completion,1,25,2023-05-30
101,370,code_assist,6,45,2023-02-21
102,170,code_assist,3,4,2023-01-08
103,433,data_insights,6,33,2023-04-11
104,221,data_insights,6,42,2023-06-18
105,221,chat_completion,3,47,2023-04-05
106,36,chat_completion,7,40,2023-02-06
107,115,dashboard_export,8,18,2023-06-05
108,326,data_insights,8,19,2023-06-14
109,257,dashboard_export,7,33,2023-01-29
110,298,data_insights,2,22,2023-01-20
111,24,chat_completion,0,32,2023-06-01
112,386,data_insights,7,28,2023-02-26
113,101,code_assist,4,12,2023-01-14
114,409,code_assist,4,38,2023-04-13
115,280,code_assist,6,8,2023-02-10
116,173,data_insights,7,8,2023-05-27
117,95,data_insights,5,11,2023-02-18
118,455,code_assist,5,2,2023-03-10
119,229,code_assist,6,48,2023-05-07
120,75,chat_completion,2,11,2023-03-27
121,242,data_insights,7,3,2023-03-13
122,402,data_insights,5,49,2023-04-13
123,108,data_insights,6,27,2023-01-14
124,114,data_insights,5,42,2023-04-08
125,265,chat_completion,10,19,2023-03-21
126,241,code_assist,2,7,2023-02-19
128,150,dashboard_export,5,20,2023-04-22
129,117,code_assist,2,12,2023-01-05
130,248,data_insights,8,43,2023-04-06
131,497,data_insights,7,37,2023-04-29
132,184,data_insights,2,23,2023-01-11
133,235,chat_completion,3,47,2023-05-21
134,108,dashboard_export,8,4,2023-02-20
135,457,data_insights,5,40,2023-06-15
136,256,data_insights,5,44,2023-04-19
137,130,data_insights,7,40,2023-05-02
138,85,dashboard_export,6,21,2023-04-30
139,498,chat_completion,5,23,2023-03-17
140,287,data_insights,3,23,2023-01-19
141,255,dashboard_export,4,40,2023-01-17
142,216,data_insights,6,29,2023-05-02
143,46,code_assist,6,32,2023-01-10
144,125,chat_completion,3,15,2023-06-23
145,155,chat_completion,6,49,2023-03-14
146,213,dashboard_export,2,6,2023-03-10
147,274,code_assist,3,27,2023-04-05
148,155,chat_completion,5,38,2023-03-16
149,373,code_assist,3,32,2023-02-17
150,323,code_assist,4,39,2023-03-02
151,297,chat_completion,2,2,2023-03-22
152,349,data_insights,2,29,2023-06-15
153,247,data_insights,7,17,2023-03-07
154,122,code_assist,9,29,2023-03-21
155,251,dashboard_export,6,22,2023-06-17
156,142,chat_completion,3,46,2023-02-27
157,177,data_insights,2,38,2023-04-08
158,9,data_insights,6,23,2023-05-08
159,410,chat_completion,6,14,2023-04-21
160,474,chat_completion,3,49,2023-01-02
161,439,dashboard_export,3,19,2023-02-10
162,38,data_insights,4,3,2023-01-15
163,389,chat_completion,6,43,2023-05-17
164,336,code_assist,9,44,2023-01-02
165,191,code_assist,5,18,2023-01-11
166,258,chat_completion,4,32,2023-02-14
167,285,code_assist,5,15,2023-02-06
168,327,dashboard_export,7,3,2023-04-20
169,260,chat_completion,4,26,2023-06-18
170,180,chat_completion,6,14,2023-02-23
171,211,dashboard_export,7,2,2023-06-01
172,397,chat_completion,3,33,2023-04-29
173,179,dashboard_export,5,23,2023-05-11
174,110,code_assist,6,33,2023-06-18
175,232,data_insights,4,33,2023-06-07
176,311,dashboard_export,3,11,2023-03-21
177,485,dashboard_export,7,41,2023-02-10
178,441,chat_completion,2,41,2023-03-06
179,28,dashboard_export,3,38,2023-05-29
180,491,chat_completion,5,49,2023-01-10
181,253,dashboard_export,7,28,2023-03-24
182,383,data_insights,6,48,2023-02-19
183,450,code_assist,5,48,2023-05-16
184,55,dashboard_export,5,39,2023-04-04
185,155,chat_completion,5,14,2023-06-07
186,244,chat_completion,5,9,2023-04-29
187,218,chat_completion,3,6,2023-01-18
188,35,data_insights,4,29,2023-06-21
189,453,dashboard_export,5,31,2023-04-07
190,372,dashboard_export,8,45,2023-02-26
191,500,data_insights,4,41,2023-05-27
192,411,chat_completion,2,4,2023-02-15
193,201,dashboard_export,4,15,2023-04-11
194,75,data_insights,6,33,2023-05-12
195,401,code_assist,7,37,2023-05-27
196,126,code_assist,8,21,2023-03-22
197,82,code_assist,4,23,2023-04-23
198,238,dashboard_export,6,22,2023-04-12
199,280,chat_completion,10,29,2023-05-13
200,455,code_assist,3,10,2023-01-22
201,288,dashboard_export,6,45,2023-03-26
202,112,code_assist,6,25,2023-01-02
203,369,data_insights,6,18,2023-05-19
204,453,chat_completion,4,33,2023-03-14
205,43,dashboard_export,6,26,2023-05-01
206,440,code_assist,2,20,2023-04-15
207,400,code_assist,3,44,2023-04-02
208,350,dashboard_export,6,12,2023-01-04
209,300,code_assist,7,46,2023-04-12
210,104,data_insights,3,20,2023-05-04
211,274,code_assist,4,19,2023-01-06
212,229,code_assist,4,29,2023-01-18
213,139,data_insights,3,16,2023-05-21
214,72,data_insights,7,28,2023-02-10
215,10,dashboard_export,4,40,2023-02-18
216,289,dashboard_export,8,36,2023-02-22
217,82,dashboard_export,6,21,2023-02-05
218,92,data_insights,4,43,2023-02-09
219,453,chat_completion,2,41,2023-04-30
220,51,chat_completion,5,25,2023-01-24
221,500,chat_completion,1,35,2023-01-25
222,447,data_insights,4,18,2023-03-21
223,210,data_insights,4,42,2023-05-09
224,476,chat_completion,5,25,2023-02-03
225,230,dashboard_export,4,19,2023-03-29
226,394,data_insights,6,35,2023-01-29
227,303,chat_completion,5,19,2023-04-13
228,401,dashboard_export,4,7,2023-03-07
229,254,data_insights,4,22,2023-04-25
230,475,chat_completion,8,20,2023-06-16
231,1,chat_completion,3,22,2023-04-13
232,5,data_insights,6,42,2023-01-18
233,138,data_insights,4,28,2023-04-23
234,153,code_assist,4,34,2023-03-11
235,439,code_assist,7,5,2023-02-01
236,52,data_insights,9,39,2023-02-25
237,47,code_assist,4,23,2023-06-02
238,338,chat_completion,3,32,2023-04-14
239,358,data_insights,2,49,2023-03-22
240,436,code_assist,6,48,2023-04-11
241,140,code_assist,7,34,2023-05-29
242,421,code_assist,6,1,2023-03-08
243,340,dashboard_export,2,30,2023-03-31
244,114,code_assist,3,43,2023-03-22
245,17,data_insights,5,3,2023-06-06
246,393,chat_completion,5,15,2023-01-27
247,65,dashboard_export,4,45,2023-06-13
248,223,code_assist,5,49,2023-03-18
249,105,data_insights,6,20,2023-06-02
250,166,chat_completion,10,33,2023-05-08
251,500,chat_completion,7,43,2023-06-07
252,281,chat_completion,7,50,2023-05-07
253,441,chat_completion,7,32,2023-04-22
254,364,code_assist,8,15,2023-04-10
255,327,data_insights,5,37,2023-02-04
256,307,dashboard_export,6,7,2023-02-23
257,270,chat_completion,2,37,2023-03-30
258,190,code_assist,4,24,2023-01-14
259,451,chat_completion,3,21,2023-05-22
260,374,dashboard_export,9,18,2023-03-20
261,320,data_insights,5,13,2023-05-05
262,347,code_assist,3,46,2023-06-06
263,202,data_insights,5,50,2023-02-18
264,423,code_assist,7,6,2023-05-10
265,307,data_insights,4,31,2023-06-27
266,326,code_assist,4,43,2023-06-27
267,458,data_insights,8,29,2023-06-07
268,138,chat_completion,4,45,2023-02-21
269,389,chat_completion,3,34,2023-04-22
270,227,dashboard_export,6,22,2023-01-01
271,210,data_insights,4,23,2023-02-24
272,444,chat_completion,4,22,2023-04-25
273,217,code_assist,5,33,2023-04-04
274,411,chat_completion,6,23,2023-01-26
275,189,dashboard_export,4,42,2023-03-09
276,210,code_assist,4,40,2023-04-12
277,186,dashboard_export,4,19,2023-06-03
278,153,dashboard_export,4,34,2023-01-11
279,134,code_assist,4,27,2023-03-31
280,112,dashboard_export,5,3,2023-05-28
281,173,chat_completion,5,12,2023-06-20
282,485,code_assist,4,22,2023-05-23
283,496,dashboard_export,6,39,2023-01-20
284,479,data_insights,2,39,2023-05-02
285,68,chat_completion,4,3,2023-06-27
286,249,data_insights,2,28,2023-05-09
287,173,dashboard_export,3,35,2023-06-19
288,324,data_insights,5,17,2023-04-29
289,387,code_assist,6,21,2023-06-12
290,423,dashboard_export,5,37,2023-06-27
291,79,code_assist,1,1,2023-03-11
292,312,dashboard_export,3,23,2023-04-05
293,91,data_insights,9,49,2023-04-12
294,59,code_assist,3,38,2023-01-23
295,283,data_insights,4,23,2023-01-25
296,300,code_assist,1,31,2023-03-24
297,140,code_assist,1,50,2023-05-12
298,108,data_insights,9,34,2023-01-09
299,11,code_assist,7,15,2023-04-01
300,408,dashboard_export,5,49,2023-03-18
301,297,dashboard_export,7,5,2023-04-09
302,381,chat_completion,4,44,2023-03-19
303,177,data_insights,3,35,2023-03-06
304,35,code_assist,3,15,2023-02-06
305,169,data_insights,2,30,2023-05-09
306,141,dashboard_export,7,45,2023-04-02
307,200,dashboard_export,5,7,2023-06-08
308,20,chat_completion,8,28,2023-06-21
309,458,dashboard_export,2,38,2023-01-21
310,183,dashboard_export,7,40,2023-05-14
311,412,code_assist,9,6,2023-02-08
312,206,data_insights,5,14,2023-01-23
313,241,code_assist,4,31,2023-04-20
314,488,dashboard_export,4,38,2023-02-02
315,465,code_assist,3,17,2023-02-20
316,443,chat_completion,3,13,2023-04-16
317,476,dashboard_export,7,34,2023-04-12
318,37,data_insights,5,37,2023-01-20
319,432,data_insights,3,15,2023-02-19
320,321,code_assist,5,37,2023-02-05
321,383,chat_completion,3,47,2023-02-22
322,334,data_insights,4,27,2023-03-18
323,320,data_insights,2,43,2023-03-27
324,158,code_assist,6,13,2023-02-24
325,479,data_insights,2,30,2023-03-27
326,479,code_assist,5,41,2023-04-30
327,90,dashboard_export,1,36,2023-04-13
328,166,chat_completion,3,17,2023-03-17
329,218,data_insights,4,42,2023-02-20
330,116,dashboard_export,2,2,2023-05-10
331,69,chat_completion,2,20,2023-04-30
332,327,chat_completion,3,39,2023-02-11
333,419,data_insights,3,39,2023-05-20
334,264,code_assist,6,3,2023-06-01
335,385,code_assist,8,29,2023-04-13
336,308,dashboard_export,8,1,2023-01-07
337,123,dashboard_export,4,34,2023-02-20
338,59,data_insights,7,23,2023-05-17
339,408,code_assist,4,26,2023-05-14
340,427,data_insights,1,23,2023-03-14
341,238,code_assist,5,28,2023-03-20
342,386,dashboard_export,4,15,2023-01-22
343,157,code_assist,6,36,2023-04-11
344,63,dashboard_export,9,8,2023-05-27
345,177,code_assist,7,45,2023-03-24
346,140,dashboard_export,7,26,2023-04-22
347,137,dashboard_export,6,33,2023-01-23
348,353,dashboard_export,5,15,2023-05-11
349,387,code_assist,6,30,2023-02-19
350,43,data_insights,3,39,2023-01-11
351,56,chat_completion,5,44,2023-02-13
352,449,chat_completion,6,49,2023-04-10
353,299,data_insights,4,22,2023-04-11
354,12,code_assist,6,46,2023-03-03
355,345,dashboard_export,2,20,2023-03-12
356,499,code_assist,7,45,2023-03-29
357,326,code_assist,2,3,2023-05-14
358,272,dashboard_export,5,23,2023-06-14
359,96,dashboard_export,5,34,2023-02-18
360,344,data_insights,11,27,2023-04-07
361,20,code_assist,1,39,2023-02-26
362,42,code_assist,6,24,2023-01-17
363,482,chat_completion,8,10,2023-06-08
364,196,dashboard_export,8,1,2023-01-01
365,95,chat_completion,5,4,2023-03-22
366,405,code_assist,5,42,2023-01-23
367,456,chat_completion,2,47,2023-03-22
368,19,chat_completion,3,40,2023-04-13
369,85,data_insights,3,34,2023-03-06
370,228,dashboard_export,4,40,2023-06-10
371,349,data_insights,5,28,2023-03-07
372,351,data_insights,9,44,2023-03-23
373,416,data_insights,4,5,2023-06-22
374,316,code_assist,8,21,2023-04-01
375,243,dashboard_export,5,5,2023-02-08
376,234,chat_completion,4,18,2023-06-02
377,318,dashboard_export,4,44,2023-06-22
378,216,chat_completion,1,15,2023-05-17
379,432,data_insights,5,38,2023-01-30
380,449,dashboard_export,5,31,2023-01-16
381,437,dashboard_export,8,3,2023-04-05
382,96,chat_completion,5,25,2023-04-09
383,431,chat_completion,6,12,2023-02-12
384,422,data_insights,2,3,2023-04-30
385,198,dashboard_export,5,36,2023-01-23
386,327,data_insights,5,11,2023-05-14
387,439,dashboard_export,3,20,2023-01-30
388,466,code_assist,4,50,2023-04-05
389,144,chat_completion,5,34,2023-04-20
390,126,code_assist,9,36,2023-04-18
391,66,chat_completion,7,47,2023-01-21
392,466,dashboard_export,4,16,2023-06-15
393,226,code_assist,6,29,2023-03-18
394,485,data_insights,2,41,2023-04-30
395,450,code_assist,5,40,2023-02-11
396,16,chat_completion,6,16,2023-05-06
397,296,chat_completion,1,17,2023-03-28
398,174,dashboard_export,2,2,2023-04-14
399,23,code_assist,4,47,2023-01-19
400,227,code_assist,4,41,2023-03-24
401,247,chat_completion,4,15,2023-01-27
402,307,code_assist,3,44,2023-04-20
403,58,chat_completion,6,20,2023-01-19
404,140,dashboard_export,9,38,2023-05-08
405,346,data_insights,4,8,2023-06-23
406,184,code_assist,7,49,2023-04-17
407,298,dashboard_export,5,28,2023-01-22
408,132,chat_completion,5,46,2023-04-14
409,175,code_assist,4,37,2023-03-24
410,243,data_insights,7,2,2023-04-14
411,279,chat_completion,4,39,2023-04-15
412,251,code_assist,4,41,2023-03-03
413,79,chat_completion,8,18,2023-02-20
414,270,data_insights,6,17,2023-01-15
415,489,chat_completion,3,48,2023-06-18
416,12,code_assist,5,24,2023-06-26
417,259,data_insights,5,3,2023-01-03
418,139,dashboard_export,8,5,2023-03-10
419,252,chat_completion,4,5,2023-04-17
420,42,data_insights,7,8,2023-06-24
421,138,chat_completion,4,45,2023-06-19
422,215,chat_completion,7,31,2023-05-16
423,257,dashboard_export,6,22,2023-06-02
424,392,data_insights,6,27,2023-05-02
425,451,code_assist,6,16,2023-04-10
426,40,data_insights,7,34,2023-06-23
427,189,chat_completion,4,31,2023-05-01
428,4,chat_completion,9,4,2023-01-30
429,224,chat_completion,11,22,2023-05-27
430,61,dashboard_export,2,31,2023-01-21
431,162,chat_completion,4,28,2023-01-25
432,48,code_assist,3,1,2023-03-08
433,127,dashboard_export,2,40,2023-03-25
434,300,dashboard_export,5,47,2023-04-28
435,412,data_insights,3,33,2023-03-27
436,466,dashboard_export,3,23,2023-02-26
437,439,code_assist,10,13,2023-03-10
438,196,dashboard_export,6,22,2023-02-11
439,330,dashboard_export,5,20,2023-01-31
440,275,dashboard_export,8,14,2023-06-15
441,400,data_insights,7,20,2023-05-07
442,132,chat_completion,7,24,2023-05-28
443,328,data_insights,9,20,2023-06-05
444,463,dashboard_export,5,11,2023-02-16
445,380,dashboard_export,6,7,2023-04-21
446,465,code_assist,12,14,2023-04-23
447,76,code_assist,3,28,2023-04-30
448,236,chat_completion,8,46,2023-05-13
449,170,code_assist,5,8,2023-04-12
450,385,dashboard_export,5,10,2023-04-16
451,319,dashboard_export,5,14,2023-02-21
452,487,chat_completion,2,14,2023-05-08
453,348,data_insights,2,35,2023-05-03
454,299,chat_completion,4,3,2023-03-31
455,453,data_insights,4,44,2023-04-01
456,144,data_insights,8,16,2023-01-09
457,215,code_assist,6,38,2023-03-23
458,485,code_assist,4,41,2023-02-08
459,424,dashboard_export,6,43,2023-06-22
460,205,data_insights,3,5,2023-04-17
461,157,chat_completion,6,42,2023-01-15
462,155,data_insights,7,14,2023-02-24
463,120,chat_completion,3,25,2023-04-14
464,124,dashboard_export,3,35,2023-03-13
465,429,dashboard_export,2,47,2023-05-30
466,23,dashboard_export,6,35,2023-06-09
467,255,code_assist,1,26,2023-02-01
469,135,code_assist,5,35,2023-03-02
470,42,dashboard_export,5,18,2023-01-09
471,74,code_assist,3,45,2023-02-11
472,348,data_insights,6,31,2023-06-04
473,207,data_insights,5,22,2023-06-02
474,373,data_insights,3,2,2023-05-24
475,125,code_assist,6,11,2023-05-06
476,131,chat_completion,11,16,2023-01-14
477,4,data_insights,8,32,2023-03-15
478,236,code_assist,4,46,2023-03-24
479,344,dashboard_export,6,12,2023-06-09
480,306,data_insights,7,48,2023-04-08
481,167,chat_completion,7,48,2023-03-13
482,478,code_assist,6,13,2023-02-07
483,64,code_assist,8,44,2023-05-15
484,341,data_insights,3,17,2023-01-17
485,4,data_insights,6,22,2023-02-01
486,389,data_insights,4,12,2023-04-25
487,220,code_assist,4,20,2023-03-23
488,274,chat_completion,5,33,2023-06-27
489,154,chat_completion,3,28,2023-03-18
490,402,data_insights,10,29,2023-01-16
491,165,data_insights,7,1,2023-04-27
492,8,code_assist,7,17,2023-05-19
493,209,chat_completion,9,27,2023-06-29
494,154,dashboard_export,6,23,2023-01-17
495,281,chat_completion,5,34,2023-04-23
496,402,code_assist,6,48,2023-01-02
497,201,code_assist,8,37,2023-03-16
498,476,data_insights,9,43,2023-05-29
499,210,data_insights,4,7,2023-01-06
500,228,chat_completion,6,41,2023-06-26
501,235,code_assist,2,35,2023-03-28
502,95,code_assist,7,18,2023-04-29
503,360,chat_completion,9,26,2023-03-18
504,67,data_insights,2,32,2023-01-22
505,316,code_assist,2,10,2023-06-21
506,20,code_assist,3,15,2023-03-25
507,217,data_insights,7,23,2023-03-16
508,118,code_assist,6,23,2023-04-02
509,29,code_assist,5,42,2023-03-17
510,81,data_insights,3,30,2023-05-14
511,321,dashboard_export,5,16,2023-04-22
512,336,code_assist,5,5,2023-04-24
513,499,dashboard_export,5,30,2023-06-15
514,374,data_insights,0,9,2023-01-04
515,325,code_assist,6,44,2023-01-25
516,390,data_insights,7,48,2023-02-21
517,263,dashboard_export,2,45,2023-01-07
518,98,dashboard_export,3,22,2023-05-31
519,249,code_assist,6,36,2023-05-05
520,249,data_insights,4,44,2023-05-15
521,155,data_insights,3,21,2023-04-10
522,131,code_assist,3,33,2023-02-24
523,415,chat_completion,5,45,2023-04-17
524,371,data_insights,5,20,2023-03-17
525,251,dashboard_export,6,1,2023-05-03
526,303,chat_completion,5,13,2023-01-23
527,470,chat_completion,2,23,2023-06-06
528,484,code_assist,5,2,2023-01-27
529,291,dashboard_export,6,31,2023-01-25
530,371,chat_completion,9,15,2023-05-29
531,176,data_insights,3,15,2023-04-21
532,443,dashboard_export,8,29,2023-05-28
533,382,chat_completion,3,6,2023-05-14
534,229,dashboard_export,4,28,2023-02-06
535,356,code_assist,6,31,2023-05-20
536,462,code_assist,9,7,2023-01-19
537,185,code_assist,3,47,2023-02-01
538,200,dashboard_export,9,3,2023-06-15
539,129,data_insights,6,19,2023-03-24
540,80,code_assist,7,27,2023-05-07
541,351,chat_completion,4,14,2023-02-18
542,63,dashboard_export,4,22,2023-06-28
543,413,chat_completion,2,45,2023-04-18
544,157,data_insights,4,6,2023-06-13
545,356,dashboard_export,4,26,2023-05-08
546,290,chat_completion,5,19,2023-03-04
547,480,code_assist,7,35,2023-04-21
548,106,chat_completion,5,8,2023-03-05
549,187,code_assist,9,20,2023-04-21
550,412,dashboard_export,5,16,2023-06-17
551,364,data_insights,6,49,2023-06-06
552,213,data_insights,4,23,2023-03-18
553,346,data_insights,8,48,2023-05-11
554,287,code_assist,7,18,2023-01-11
555,12,data_insights,3,39,2023-04-21
556,158,dashboard_export,4,30,2023-04-13
557,377,code_assist,3,26,2023-02-02
558,419,code_assist,5,45,2023-06-16
559,41,chat_completion,9,37,2023-01-21
560,195,dashboard_export,5,46,2023-06-18
561,52,chat_completion,8,23,2023-02-15
562,207,data_insights,8,48,2023-05-26
563,165,chat_completion,8,18,2023-02-19
564,469,code_assist,4,37,2023-02-07
565,352,chat_completion,4,41,2023-03-17
566,148,data_insights,6,19,2023-05-28
567,248,data_insights,3,18,2023-03-19
568,235,code_assist,5,8,2023-05-09
569,275,code_assist,7,39,2023-03-05
570,11,dashboard_export,2,3,2023-04-05
571,288,dashboard_export,9,6,2023-02-16
572,450,code_assist,3,14,2023-01-18
573,232,code_assist,5,23,2023-04-25
574,430,data_insights,5,38,2023-01-20
575,263,data_insights,4,41,2023-01-21
576,215,data_insights,7,32,2023-01-06
577,291,chat_completion,4,3,2023-01-09
578,154,dashboard_export,5,14,2023-05-26
579,216,chat_completion,5,12,2023-03-19
580,230,code_assist,6,26,2023-06-05
581,250,dashboard_export,3,26,2023-02-26
582,75,data_insights,8,26,2023-06-10
583,240,chat_completion,8,36,2023-04-28
584,249,data_insights,4,18,2023-04-13
585,351,data_insights,1,22,2023-02-13
586,79,data_insights,4,37,2023-02-01
587,284,dashboard_export,3,25,2023-06-01
588,369,data_insights,7,41,2023-06-17
589,14,dashboard_export,4,25,2023-02-24
590,431,data_insights,3,47,2023-04-13
591,292,dashboard_export,4,26,2023-04-17
592,225,code_assist,4,24,2023-01-24
593,359,dashboard_export,3,4,2023-05-17
594,498,code_assist,5,18,2023-06-27
595,168,dashboard_export,7,8,2023-06-27
596,397,data_insights,4,44,2023-06-22
597,59,chat_completion,5,34,2023-03-13
598,236,code_assist,5,18,2023-02-12
599,181,chat_completion,7,39,2023-03-13
600,283,dashboard_export,5,24,2023-04-17
601,270,dashboard_export,4,13,2023-03-12
602,286,code_assist,9,47,2023-02-14
603,371,dashboard_export,4,29,2023-02-17
604,24,code_assist,3,19,2023-02-12
605,398,data_insights,2,44,2023-01-06
606,38,data_insights,8,7,2023-03-31
607,33,data_insights,3,40,2023-05-14
608,188,chat_completion,5,23,2023-01-22
609,87,data_insights,2,23,2023-05-09
610,469,chat_completion,4,37,2023-05-25
611,150,chat_completion,2,22,2023-01-18
612,233,code_assist,2,31,2023-06-27
613,73,chat_completion,5,10,2023-05-18
614,477,chat_completion,8,44,2023-01-07
615,155,dashboard_export,3,14,2023-04-21
616,75,code_assist,2,43,2023-06-28
617,239,dashboard_export,6,47,2023-06-21
618,260,code_assist,5,8,2023-05-18
619,404,chat_completion,5,30,2023-01-12
620,475,chat_completion,3,35,2023-06-22
621,55,data_insights,4,49,2023-06-21
622,126,data_insights,5,49,2023-04-09
623,65,dashboard_export,8,48,2023-04-13
624,362,dashboard_export,3,44,2023-04-24
625,410,code_assist,6,35,2023-05-20
626,343,dashboard_export,7,40,2023-03-05
627,6,dashboard_export,4,8,2023-05-08
628,234,data_insights,2,2,2023-03-13
629,206,chat_completion,6,8,2023-01-29
630,250,code_assist,7,22,2023-05-08
631,58,code_assist,9,48,2023-03-18
632,257,chat_completion,9,47,2023-04-29
633,362,dashboard_export,8,15,2023-04-15
634,185,data_insights,4,45,2023-03-20
635,322,data_insights,2,5,2023-05-04
636,481,chat_completion,4,35,2023-04-09
637,167,code_assist,4,1,2023-04-18
638,491,data_insights,4,11,2023-02-27
639,159,chat_completion,6,43,2023-04-04
640,186,data_insights,7,10,2023-01-12
641,302,chat_completion,5,39,2023-03-08
642,198,data_insights,8,41,2023-06-17
643,224,data_insights,10,41,2023-04-25
644,243,data_insights,6,37,2023-03-21
645,284,dashboard_export,6,3,2023-02-08
646,7,code_assist,10,7,2023-04-07
647,421,data_insights,5,17,2023-04-28
648,428,chat_completion,3,8,2023-06-15
649,361,data_insights,4,7,2023-02-19
650,488,data_insights,4,11,2023-06-14
651,37,code_assist,6,4,2023-01-10
652,445,data_insights,6,29,2023-02-07
653,155,data_insights,5,15,2023-02-21
654,27,data_insights,5,38,2023-06-28
655,215,data_insights,4,42,2023-04-23
656,374,dashboard_export,8,16,2023-03-09
657,104,dashboard_export,7,22,2023-06-06
658,37,data_insights,4,36,2023-04-24
659,17,dashboard_export,5,46,2023-03-16
660,396,data_insights,3,13,2023-03-19
661,489,data_insights,5,44,2023-06-16
662,87,code_assist,2,39,2023-05-24
663,443,chat_completion,8,40,2023-03-23
664,118,dashboard_export,4,45,2023-05-10
665,34,chat_completion,7,35,2023-05-27
666,496,dashboard_export,4,14,2023-01-28
667,71,code_assist,5,32,2023-05-21
668,131,chat_completion,4,50,2023-04-08
669,405,dashboard_export,5,13,2023-06-11
670,40,dashboard_export,5,38,2023-02-16
671,276,data_insights,3,8,2023-03-27
672,470,code_assist,5,9,2023-06-11
673,80,data_insights,2,30,2023-03-10
674,230,data_insights,3,30,2023-05-20
675,463,chat_completion,5,50,2023-02-03
676,150,data_insights,5,10,2023-02-03
677,291,code_assist,6,38,2023-04-01
678,379,data_insights,4,29,2023-05-28
679,7,dashboard_export,3,27,2023-03-18
680,19,dashboard_export,7,42,2023-01-29
681,121,code_assist,3,19,2023-04-25
682,468,data_insights,6,36,2023-04-13
683,46,code_assist,8,34,2023-01-22
684,335,dashboard_export,7,18,2023-02-26
685,118,code_assist,8,37,2023-04-28
686,212,code_assist,5,15,2023-02-14
687,278,code_assist,5,24,2023-01-21
688,337,chat_completion,3,31,2023-04-09
689,470,chat_completion,3,19,2023-06-12
690,273,data_insights,4,3,2023-01-10
691,222,dashboard_export,2,17,2023-05-27
692,38,chat_completion,9,14,2023-06-17
693,211,dashboard_export,5,32,2023-01-27
694,370,chat_completion,4,6,2023-06-19
695,412,dashboard_export,4,44,2023-03-17
696,337,data_insights,3,16,2023-03-21
697,2,chat_completion,3,13,2023-01-19
698,104,data_insights,4,28,2023-02-02
699,190,code_assist,5,46,2023-05-10
700,226,code_assist,3,47,2023-03-24
701,433,chat_completion,9,12,2023-03-10
703,197,dashboard_export,4,1,2023-06-09
704,199,data_insights,5,17,2023-04-02
705,307,code_assist,3,25,2023-02-22
706,292,chat_completion,6,29,2023-03-16
707,381,data_insights,4,30,2023-01-06
708,496,dashboard_export,5,3,2023-06-28
709,189,chat_completion,6,49,2023-06-02
710,162,chat_completion,2,37,2023-02-20
711,403,code_assist,5,35,2023-05-07
712,403,chat_completion,4,2,2023-04-01
713,423,chat_completion,1,16,2023-01-23
714,440,code_assist,10,49,2023-04-06
715,100,dashboard_export,2,27,2023-04-27
716,200,dashboard_export,2,1,2023-01-20
717,3,code_assist,8,43,2023-03-15
718,13,code_assist,9,32,2023-05-28
719,52,dashboard_export,5,12,2023-05-20
720,488,code_assist,4,38,2023-06-15
721,306,chat_completion,4,21,2023-01-31
722,277,chat_completion,3,42,2023-06-20
723,211,chat_completion,5,47,2023-02-09
724,377,code_assist,3,17,2023-05-20
725,273,data_insights,7,25,2023-05-25
726,467,data_insights,6,32,2023-06-27
727,270,chat_completion,6,33,2023-04-03
728,86,data_insights,4,45,2023-05-09
729,269,code_assist,7,10,2023-02-22
730,419,chat_completion,4,28,2023-06-04
731,66,code_assist,10,34,2023-04-02
732,250,chat_completion,8,14,2023-02-07
733,157,dashboard_export,7,34,2023-01-26
734,136,chat_completion,8,43,2023-06-03
735,162,dashboard_export,3,24,2023-04-11
736,30,chat_completion,4,39,2023-03-11
737,221,data_insights,6,22,2023-06-26
738,94,data_insights,2,17,2023-05-19
739,20,data_insights,4,40,2023-03-15
740,145,chat_completion,6,2,2023-01-28
741,249,chat_completion,3,10,2023-03-06
742,428,dashboard_export,6,13,2023-06-22
743,321,chat_completion,4,46,2023-04-29
744,450,dashboard_export,9,30,2023-05-20
745,421,data_insights,5,3,2023-04-12
746,289,data_insights,8,45,2023-05-20
747,340,chat_completion,6,11,2023-05-19
748,19,data_insights,5,32,2023-06-08
749,210,data_insights,7,41,2023-05-20
750,94,code_assist,5,3,2023-01-20
751,209,code_assist,8,14,2023-03-19
752,337,dashboard_export,4,27,2023-06-27
753,311,chat_completion,7,2,2023-04-13
754,411,chat_completion,5,22,2023-03-22
755,313,data_insights,9,28,2023-06-20
756,37,chat_completion,2,49,2023-04-27
757,104,chat_completion,5,25,2023-03-03
758,299,dashboard_export,4,42,2023-03-08
759,479,code_assist,2,6,2023-02-25
760,113,data_insights,5,41,2023-03-11
761,149,chat_completion,3,9,2023-05-12
762,283,data_insights,4,2,2023-06-26
763,311,dashboard_export,4,12,2023-02-11
764,434,chat_completion,5,37,2023-04-26
765,484,dashboard_export,5,47,2023-01-22
766,477,data_insights,2,1,2023-03-27
767,370,data_insights,4,48,2023-01-30
768,341,dashboard_export,3,49,2023-02-02
769,307,data_insights,7,39,2023-04-22
770,99,data_insights,3,30,2023-04-05
771,31,dashboard_export,5,27,2023-04-18
772,214,dashboard_export,3,45,2023-03-15
773,480,chat_completion,8,26,2023-01-22
774,485,chat_completion,7,3,2023-03-11
775,258,data_insights,6,41,2023-06-14
776,334,chat_completion,6,39,2023-05-13
777,417,code_assist,4,49,2023-05-26
778,246,chat_completion,5,26,2023-05-05
779,333,dashboard_export,3,30,2023-04-16
780,189,dashboard_export,4,3,2023-05-15
781,467,data_insights,3,3,2023-05-10
782,186,chat_completion,7,46,2023-02-14
783,308,code_assist,3,36,2023-04-30
784,450,dashboard_export,6,43,2023-04-01
785,246,data_insights,5,41,2023-01-23
786,32,data_insights,8,50,2023-03-31
787,344,code_assist,6,4,2023-06-26
788,104,code_assist,2,21,2023-01-29
790,374,code_assist,5,27,2023-01-18
791,10,chat_completion,2,35,2023-05-07
792,173,data_insights,6,15,2023-03-05
793,141,code_assist,6,3,2023-05-14
794,389,dashboard_export,1,19,2023-04-04
795,282,dashboard_export,6,41,2023-06-21
796,413,data_insights,5,49,2023-04-30
797,155,chat_completion,2,15,2023-05-29
798,70,chat_completion,5,39,2023-02-04
799,297,data_insights,5,36,2023-01-05
800,240,code_assist,9,4,2023-02-07
801,198,data_insights,5,7,2023-03-19
802,132,code_assist,7,17,2023-06-15
803,356,dashboard_export,3,4,2023-05-12
804,121,code_assist,7,43,2023-06-07
805,482,data_insights,7,14,2023-01-17
806,101,chat_completion,6,36,2023-03-07
807,434,data_insights,5,37,2023-06-23
808,428,dashboard_export,6,39,2023-03-16
809,495,chat_completion,6,14,2023-04-03
810,448,data_insights,2,40,2023-01-15
811,431,data_insights,5,2,2023-01-27
812,294,data_insights,4,46,2023-03-08
813,284,code_assist,4,21,2023-06-06
814,327,code_assist,5,3,2023-05-18
815,61,dashboard_export,5,23,2023-04-06
816,226,data_insights,2,19,2023-04-04
817,335,data_insights,2,15,2023-05-02
818,276,dashboard_export,3,25,2023-06-19
819,460,code_assist,7,30,2023-02-19
820,136,data_insights,5,34,2023-05-04
821,317,code_assist,3,18,2023-04-02
822,29,code_assist,7,3,2023-05-06
823,253,dashboard_export,6,39,2023-05-19
824,350,code_assist,6,5,2023-06-02
825,52,dashboard_export,7,29,2023-06-13
826,417,data_insights,10,29,2023-02-12
827,320,dashboard_export,5,18,2023-01-04
828,431,code_assist,4,6,2023-03-05
829,154,data_insights,6,43,2023-04-11
830,129,chat_completion,1,16,2023-06-26
831,464,code_assist,3,41,2023-04-10
832,214,chat_completion,5,24,2023-02-05
833,362,chat_completion,3,1,2023-05-13
834,3,code_assist,6,33,2023-03-26
835,130,data_insights,4,13,2023-03-05
836,32,dashboard_export,5,8,2023-05-21
837,382,code_assist,5,15,2023-01-11
838,116,chat_completion,2,18,2023-01-07
839,339,dashboard_export,8,19,2023-03-02
840,474,code_assist,4,25,2023-05-16
841,34,chat_completion,8,12,2023-03-27
842,445,dashboard_export,4,35,2023-01-21
843,37,code_assist,4,24,2023-01-26
844,338,data_insights,8,39,2023-01-10
845,110,chat_completion,3,18,2023-06-04
846,226,chat_completion,3,37,2023-05-10
847,89,code_assist,5,1,2023-05-14
848,273,code_assist,9,23,2023-03-08
849,492,code_assist,8,25,2023-05-14
850,40,code_assist,7,28,2023-05-31
851,347,dashboard_export,4,2,2023-01-23
852,76,data_insights,3,15,2023-01-15
853,432,chat_completion,3,7,2023-02-18
854,169,data_insights,4,42,2023-04-16
855,142,dashboard_export,5,36,2023-04-06
856,120,data_insights,3,48,2023-03-22
857,300,chat_completion,6,44,2023-04-11
858,168,code_assist,4,35,2023-04-03
859,404,data_insights,1,2,2023-06-10
860,69,chat_completion,6,40,2023-03-28
861,418,data_insights,5,30,2023-02-10
862,70,chat_completion,3,6,2023-04-08
863,212,chat_completion,5,26,2023-06-22
864,442,code_assist,5,35,2023-03-18
865,35,chat_completion,3,42,2023-03-20
866,413,code_assist,9,9,2023-01-17
867,450,code_assist,11,12,2023-03-21
868,283,data_insights,5,44,2023-01-13
869,253,chat_completion,4,24,2023-02-21
870,339,data_insights,12,39,2023-04-22
871,413,data_insights,5,30,2023-06-27
872,467,data_insights,11,24,2023-03-22
873,474,code_assist,6,47,2023-06-04
874,84,dashboard_export,9,29,2023-06-09
875,59,chat_completion,6,21,2023-03-03
876,352,data_insights,5,19,2023-01-04
877,120,chat_completion,5,13,2023-03-29
878,341,chat_completion,2,16,2023-05-12
879,424,chat_completion,7,2,2023-02-08
880,499,data_insights,3,37,2023-05-06
881,292,chat_completion,5,45,2023-05-20
882,384,data_insights,7,36,2023-04-07
883,447,chat_completion,6,28,2023-05-04
884,4,data_insights,5,6,2023-03-30
885,293,dashboard_export,7,36,2023-01-05
886,40,code_assist,7,47,2023-06-28
887,427,data_insights,2,25,2023-01-02
888,322,dashboard_export,6,8,2023-05-10
889,139,chat_completion,4,10,2023-04-24
890,164,data_insights,3,25,2023-05-02
891,70,data_insights,1,37,2023-01-04
892,306,data_insights,2,16,2023-06-23
893,445,chat_completion,3,4,2023-01-03
894,65,data_insights,5,2,2023-02-28
895,100,data_insights,6,10,2023-03-02
896,129,data_insights,9,39,2023-05-30
897,121,dashboard_export,8,27,2023-06-03
898,467,dashboard_export,9,15,2023-03-16
899,263,code_assist,2,45,2023-04-16
900,140,code_assist,4,46,2023-04-05
901,36,code_assist,5,28,2023-03-28
902,421,data_insights,3,33,2023-06-20
903,315,dashboard_export,4,39,2023-02-05
904,185,data_insights,6,42,2023-05-15
905,47,code_assist,5,9,2023-01-31
906,500,code_assist,5,19,2023-05-03
907,269,data_insights,4,15,2023-06-29
908,198,chat_completion,3,49,2023-01-24
909,411,data_insights,3,2,2023-01-15
910,230,dashboard_export,5,28,2023-02-16
911,33,dashboard_export,2,22,2023-03-17
912,215,dashboard_export,12,7,2023-01-17
913,349,data_insights,6,36,2023-04-16
914,36,code_assist,5,16,2023-04-23
915,396,chat_completion,7,50,2023-04-06
916,412,data_insights,3,13,2023-01-28
917,8,code_assist,3,16,2023-06-21
918,214,data_insights,8,35,2023-02-02
919,484,data_insights,7,19,2023-03-12
920,402,dashboard_export,5,46,2023-06-24
921,159,chat_completion,3,25,2023-02-06
922,477,chat_completion,4,8,2023-05-11
923,273,data_insights,1,30,2023-01-01
924,119,chat_completion,4,15,2023-05-26
925,495,chat_completion,2,49,2023-06-08
926,422,dashboard_export,7,21,2023-06-16
927,497,dashboard_export,4,2,2023-06-29
928,475,data_insights,5,26,2023-04-28
929,247,chat_completion,4,3,2023-01-09
930,316,data_insights,6,30,2023-03-23
931,346,dashboard_export,6,9,2023-05-31
932,75,data_insights,8,7,2023-03-30
933,492,dashboard_export,3,24,2023-04-07
934,96,dashboard_export,4,3,2023-06-24
935,168,chat_completion,9,37,2023-02-09
936,163,data_insights,3,7,2023-01-11
937,44,code_assist,7,28,2023-06-08
938,270,data_insights,5,34,2023-04-29
939,436,chat_completion,7,38,2023-05-20
940,147,data_insights,6,24,2023-01-16
941,2,dashboard_export,4,29,2023-01-28
942,468,chat_completion,5,24,2023-01-11
943,419,chat_completion,4,47,2023-03-21
944,78,data_insights,6,18,2023-02-14
945,458,dashboard_export,0,6,2023-01-12
946,453,chat_completion,2,20,2023-06-15
947,115,chat_completion,2,6,2023-05-10
948,440,code_assist,2,37,2023-04-15
949,351,code_assist,0,6,2023-01-14
950,198,chat_completion,5,17,2023-06-04
951,409,chat_completion,1,9,2023-02-25
952,429,chat_completion,4,34,2023-02-18
953,214,data_insights,3,41,2023-05-26
954,171,chat_completion,7,1,2023-02-14
955,314,dashboard_export,4,17,2023-01-14
956,418,data_insights,4,12,2023-05-09
957,130,chat_completion,3,34,2023-02-18
958,225,code_assist,4,29,2023-04-25
959,81,data_insights,5,21,2023-03-20
960,222,code_assist,4,42,2023-04-21
961,2,dashboard_export,8,10,2023-03-07
962,236,chat_completion,4,2,2023-02-03
963,293,dashboard_export,4,25,2023-04-28
964,248,chat_completion,5,32,2023-04-16
965,60,dashboard_export,8,25,2023-04-12
966,406,code_assist,7,6,2023-03-24
967,408,data_insights,12,30,2023-04-09
968,69,data_insights,3,43,2023-05-18
969,257,chat_completion,5,5,2023-05-30
971,396,data_insights,5,37,2023-02-16
972,287,dashboard_export,4,6,2023-01-29
973,124,dashboard_export,3,17,2023-01-19
974,427,dashboard_export,4,2,2023-03-13
975,47,dashboard_export,6,42,2023-04-04
977,295,data_insights,7,22,2023-03-23
978,490,dashboard_export,5,49,2023-06-24
979,454,code_assist,4,27,2023-02-11
980,388,chat_completion,3,14,2023-03-15
981,207,data_insights,8,35,2023-05-04
982,108,dashboard_export,7,12,2023-03-10
983,327,chat_completion,0,26,2023-03-03
984,358,chat_completion,1,47,2023-05-21
985,253,code_assist,6,45,2023-01-16
986,432,code_assist,5,45,2023-06-03
987,323,dashboard_export,6,18,2023-01-13
988,14,data_insights,4,5,2023-01-02
989,400,code_assist,7,30,2023-02-13
990,105,code_assist,5,47,2023-01-30
991,31,data_insights,8,36,2023-03-09
992,451,code_assist,8,33,2023-04-24
993,375,chat_completion,6,48,2023-06-17
994,278,chat_completion,5,11,2023-03-09
995,447,dashboard_export,3,50,2023-01-04
996,470,chat_completion,9,42,2023-03-03
997,392,code_assist,6,14,2023-05-19
998,200,data_insights,4,26,2023-03-28
999,475,code_assist,7,46,2023-04-09
1000,452,chat_completion,3,48,2023-02-08
1001,188,code_assist,3,19,2023-01-24
1002,129,data_insights,4,3,2023-05-10
1003,227,chat_completion,4,3,2023-04-23
1004,454,chat_completion,8,12,2023-01-15
1005,372,code_assist,5,26,2023-01-28
1006,203,chat_completion,7,31,2023-01-18
1007,97,data_insights,4,4,2023-04-07
1008,468,dashboard_export,2,40,2023-06-16
1009,113,dashboard_export,5,12,2023-04-06
1010,225,code_assist,6,13,2023-05-21
1011,223,chat_completion,4,20,2023-04-21
1012,221,dashboard_export,4,31,2023-03-13
1013,273,data_insights,0,4,2023-02-01
1014,417,data_insights,5,44,2023-01-31
1015,356,code_assist,4,47,2023-02-25
1016,466,dashboard_export,4,38,2023-04-25
1017,159,code_assist,6,1,2023-02-12
1018,186,dashboard_export,6,12,2023-05-04
1019,243,dashboard_export,8,15,2023-01-16
1020,59,dashboard_export,8,40,2023-06-12
1021,158,code_assist,5,4,2023-04-15
1022,380,dashboard_export,3,50,2023-03-26
1023,169,dashboard_export,5,45,2023-06-29
1024,381,data_insights,3,29,2023-06-28
1025,16,chat_completion,7,3,2023-01-27
1026,487,chat_completion,6,18,2023-01-17
1027,404,chat_completion,5,39,2023-05-19
1028,215,code_assist,2,23,2023-03-15
1029,327,chat_completion,6,22,2023-01-17
1030,233,chat_completion,5,4,2023-06-29
1031,308,data_insights,6,25,2023-04-04
1032,213,dashboard_export,2,38,2023-05-23
1033,227,chat_completion,2,11,2023-06-25
1034,229,chat_completion,4,22,2023-04-22
1035,332,code_assist,6,2,2023-01-26
1036,267,data_insights,4,15,2023-06-17
1037,114,code_assist,2,25,2023-04-04
1038,91,dashboard_export,4,16,2023-04-06
1039,203,code_assist,6,42,2023-02-23
1040,133,chat_completion,2,40,2023-04-05
1041,32,chat_completion,7,30,2023-03-31
1042,205,data_insights,4,48,2023-02-08
1043,20,dashboard_export,5,15,2023-05-21
1044,134,chat_completion,3,14,2023-06-16
1045,4,dashboard_export,3,11,2023-06-23
1046,125,dashboard_export,6,30,2023-03-12
1047,220,data_insights,3,17,2023-04-08
1048,461,code_assist,8,36,2023-06-12
1049,479,dashboard_export,4,37,2023-01-02
1050,321,code_assist,3,34,2023-06-12
1051,55,data_insights,6,20,2023-05-18
1052,95,dashboard_export,0,38,2023-02-21
1053,348,data_insights,7,1,2023-03-09
1054,331,code_assist,6,21,2023-06-05
1055,46,dashboard_export,7,6,2023-05-10
1056,79,data_insights,6,27,2023-06-20
1057,358,chat_completion,4,42,2023-02-13
1058,348,dashboard_export,6,41,2023-02-13
1059,480,code_assist,7,17,2023-03-18
1060,71,dashboard_export,9,35,2023-02-10
1061,318,chat_completion,7,23,2023-01-25
1062,372,data_insights,2,17,2023-05-16
1063,63,dashboard_export,2,41,2023-05-22
1064,15,data_insights,5,25,2023-02-28
1065,449,data_insights,5,17,2023-01-24
1066,369,dashboard_export,5,18,2023-05-24
1067,173,chat_completion,3,16,2023-01-23
1068,293,code_assist,6,43,2023-04-16
1069,147,dashboard_export,6,48,2023-05-11
1070,125,code_assist,3,22,2023-06-03
1071,43,code_assist,7,10,2023-06-25
1072,419,code_assist,4,6,2023-05-21
1073,253,code_assist,3,7,2023-01-14
1074,307,chat_completion,4,29,2023-04-18
1075,175,dashboard_export,4,15,2023-01-09
1076,53,chat_completion,8,9,2023-06-28
1077,416,chat_completion,4,33,2023-04-17
1078,297,dashboard_export,6,38,2023-06-16
1079,12,code_assist,9,9,2023-01-07
1080,494,dashboard_export,2,6,2023-01-16
1081,138,dashboard_export,4,21,2023-03-09
1082,120,data_insights,5,45,2023-01-13
1083,439,dashboard_export,6,29,2023-03-23
1084,252,data_insights,4,21,2023-02-15
1085,176,dashboard_export,4,27,2023-04-16
1086,452,code_assist,7,49,2023-04-11
1087,391,chat_completion,3,31,2023-04-20
1088,406,data_insights,6,22,2023-04-19
1089,460,data_insights,7,13,2023-06-09
1090,98,dashboard_export,3,19,2023-06-14
1091,280,chat_completion,4,45,2023-01-24
1092,400,chat_completion,3,25,2023-04-03
1093,379,data_insights,9,6,2023-03-18
1094,181,code_assist,7,36,2023-05-01
1095,317,code_assist,4,22,2023-04-25
1096,490,code_assist,4,29,2023-04-19
1097,211,code_assist,2,50,2023-01-08
1098,229,dashboard_export,4,24,2023-02-13
1099,20,data_insights,4,11,2023-06-05
1100,78,dashboard_export,8,17,2023-05-14
1101,52,chat_completion,10,26,2023-02-24
1102,61,data_insights,3,23,2023-04-29
1103,315,dashboard_export,3,25,2023-02-03
1104,68,data_insights,7,24,2023-06-24
1105,177,data_insights,5,34,2023-05-31
1106,257,data_insights,4,18,2023-01-11
1107,143,dashboard_export,3,27,2023-02-28
1108,409,data_insights,2,8,2023-04-08
1109,457,data_insights,3,44,2023-03-14
1110,282,data_insights,4,44,2023-04-21
1111,322,chat_completion,1,27,2023-05-15
1112,484,dashboard_export,5,50,2023-02-26
1113,417,code_assist,3,20,2023-06-04
1114,196,chat_completion,8,36,2023-06-14
1115,42,chat_completion,4,41,2023-03-23
1116,18,chat_completion,5,12,2023-01-07
1117,105,dashboard_export,5,21,2023-01-08
1118,459,chat_completion,8,22,2023-04-08
1119,151,chat_completion,5,8,2023-06-20
1120,270,chat_completion,1,12,2023-02-26
1121,352,dashboard_export,5,21,2023-01-30
1122,139,chat_completion,6,1,2023-06-27
1123,404,dashboard_export,5,38,2023-06-06
1124,145,chat_completion,6,45,2023-01-17
1125,255,chat_completion,5,19,2023-04-09
1126,265,data_insights,2,36,2023-01-02
1127,374,code_assist,5,7,2023-01-04
1128,349,chat_completion,7,34,2023-05-06
1129,316,chat_completion,6,7,2023-04-04
1130,434,chat_completion,7,50,2023-04-03
1131,217,code_assist,6,19,2023-03-19
1132,263,code_assist,0,38,2023-02-14
1133,470,code_assist,2,29,2023-04-25
1134,492,dashboard_export,4,22,2023-04-08
1135,496,data_insights,7,37,2023-05-01
1136,14,dashboard_export,7,46,2023-03-01
1137,324,dashboard_export,5,7,2023-06-06
1138,395,code_assist,4,8,2023-06-18
1139,53,dashboard_export,7,24,2023-04-08
1140,479,code_assist,5,10,2023-05-11
1141,281,dashboard_export,2,36,2023-01-31
1142,12,code_assist,5,25,2023-03-29
1143,345,code_assist,9,28,2023-06-18
1144,254,dashboard_export,3,3,2023-02-13
1145,311,data_insights,6,49,2023-03-02
1146,346,code_assist,6,38,2023-02-13
1147,223,chat_completion,6,42,2023-03-12
1148,438,data_insights,6,4,2023-05-17
1149,234,code_assist,6,21,2023-05-19
1150,318,chat_completion,9,15,2023-04-17
1151,376,data_insights,7,39,2023-06-04
1152,323,code_assist,5,45,2023-02-25
1153,463,code_assist,4,24,2023-04-28
1154,56,chat_completion,3,37,2023-03-23
1155,64,data_insights,5,7,2023-01-05
1156,135,data_insights,7,26,2023-04-28
1157,305,code_assist,4,24,2023-06-11
1158,256,code_assist,5,48,2023-02-15
1159,306,dashboard_export,8,41,2023-04-09
1160,499,code_assist,4,20,2023-05-15
1161,63,chat_completion,4,49,2023-06-17
1162,297,data_insights,5,42,2023-06-14
1163,11,chat_completion,6,3,2023-01-17
1164,420,data_insights,6,17,2023-01-18
1165,97,data_insights,7,5,2023-05-31
1166,28,dashboard_export,5,42,2023-06-15
1167,413,data_insights,6,10,2023-04-27
1168,305,code_assist,5,35,2023-04-29
1169,351,data_insights,8,2,2023-04-30
1170,442,chat_completion,10,11,2023-04-07
1171,410,data_insights,0,23,2023-01-24
1172,109,chat_completion,3,7,2023-06-06
1173,253,chat_completion,3,2,2023-03-11
1174,10,data_insights,5,20,2023-04-20
1175,127,code_assist,3,7,2023-04-01
1176,395,code_assist,6,48,2023-04-12
1177,494,code_assist,8,6,2023-02-28
1178,98,chat_completion,4,11,2023-05-31
1179,499,code_assist,5,1,2023-01-05
1180,2,dashboard_export,6,21,2023-02-21
1181,139,chat_completion,1,27,2023-05-23
1182,51,code_assist,5,33,2023-04-04
1183,154,code_assist,7,19,2023-03-12
1184,492,dashboard_export,3,13,2023-01-11
1185,493,dashboard_export,5,29,2023-05-29
1186,364,dashboard_export,3,29,2023-02-06
1187,457,data_insights,2,8,2023-04-04
1188,473,dashboard_export,6,42,2023-02-13
1189,129,code_assist,6,33,2023-03-24
1190,394,code_assist,5,36,2023-04-10
1191,427,dashboard_export,6,14,2023-04-03
1192,213,chat_completion,2,31,2023-02-03
1193,495,code_assist,3,8,2023-06-27
1194,283,chat_completion,4,15,2023-01-19
1195,413,chat_completion,4,50,2023-02-12
1196,193,dashboard_export,6,43,2023-02-28
1197,34,chat_completion,5,31,2023-01-11
1198,302,chat_completion,7,11,2023-03-05
1199,237,chat_completion,5,37,2023-05-18
1200,394,chat_completion,5,15,2023-05-17
1201,408,chat_completion,5,32,2023-02-27
1202,13,code_assist,3,14,2023-02-17
1203,10,code_assist,7,2,2023-03-23
1204,8,code_assist,9,50,2023-01-01
1205,363,chat_completion,4,6,2023-03-20
1206,254,chat_completion,7,50,2023-06-25
1207,290,code_assist,3,47,2023-06-06
1208,189,chat_completion,6,6,2023-05-14
1209,282,dashboard_export,5,36,2023-02-07
1210,238,data_insights,3,13,2023-06-08
1211,275,dashboard_export,7,40,2023-01-16
1212,492,code_assist,4,16,2023-03-05
1213,269,data_insights,0,33,2023-01-15
1214,302,data_insights,8,2,2023-02-02
1215,230,dashboard_export,3,33,2023-02-06
1216,416,data_insights,7,32,2023-02-09
1217,21,data_insights,7,15,2023-01-02
1218,380,code_assist,8,49,2023-01-15
1219,390,chat_completion,5,1,2023-04-24
1220,33,dashboard_export,2,48,2023-06-01
1221,83,data_insights,6,42,2023-02-14
1222,342,data_insights,8,34,2023-01-05
1223,230,data_insights,6,29,2023-05-01
1224,498,data_insights,6,25,2023-06-14
1225,433,dashboard_export,5,19,2023-04-17
1226,338,data_insights,5,8,2023-06-27
1227,148,dashboard_export,8,1,2023-02-04
1228,251,code_assist,8,29,2023-06-07
1229,296,dashboard_export,8,46,2023-05-27
1230,364,code_assist,9,46,2023-03-21
1231,298,code_assist,6,26,2023-03-19
1232,58,data_insights,7,32,2023-01-01
1233,458,dashboard_export,5,6,2023-04-12
1234,305,chat_completion,9,11,2023-03-03
1235,24,data_insights,12,7,2023-02-16
1236,201,code_assist,4,49,2023-04-29
1237,289,chat_completion,10,30,2023-05-05
1238,281,chat_completion,3,48,2023-05-06
1239,285,data_insights,2,30,2023-01-22
1240,496,chat_completion,9,23,2023-02-02
1241,85,chat_completion,3,36,2023-04-06
1242,266,data_insights,4,22,2023-05-10
1243,170,dashboard_export,8,21,2023-03-01
1244,165,dashboard_export,6,2,2023-04-18
1245,267,chat_completion,5,31,2023-05-30
1246,50,chat_completion,8,12,2023-03-13
1247,185,chat_completion,4,15,2023-02-13
1248,351,code_assist,5,27,2023-05-04
1249,276,dashboard_export,6,5,2023-03-16
1250,77,code_assist,8,41,2023-03-05
1251,447,code_assist,4,10,2023-04-19
1252,278,chat_completion,3,43,2023-01-16
1253,342,chat_completion,8,23,2023-05-11
1254,73,code_assist,3,27,2023-03-05
1255,118,dashboard_export,2,23,2023-02-22
1256,219,dashboard_export,8,21,2023-02-17
1257,169,data_insights,4,39,2023-06-28
1258,263,chat_completion,10,3,2023-03-14
1259,191,chat_completion,1,44,2023-04-23
1260,164,dashboard_export,8,10,2023-03-16
1261,136,chat_completion,8,27,2023-04-09
1262,10,dashboard_export,6,9,2023-04-15
1263,391,chat_completion,4,41,2023-03-08
1264,148,data_insights,4,11,2023-01-08
1265,311,dashboard_export,4,29,2023-05-05
1266,390,data_insights,3,33,2023-04-03
1267,137,dashboard_export,5,12,2023-02-01
1268,285,code_assist,4,47,2023-06-03
1269,429,dashboard_export,9,29,2023-03-11
1270,300,chat_completion,6,36,2023-05-15
1271,246,code_assist,7,31,2023-02-18
1272,137,code_assist,3,33,2023-03-19
1273,273,code_assist,4,37,2023-05-13
1274,314,dashboard_export,4,43,2023-06-22
1275,63,dashboard_export,2,19,2023-02-13
1276,311,dashboard_export,2,44,2023-05-21
1277,136,data_insights,4,49,2023-02-25
1278,97,code_assist,7,17,2023-05-24
1279,477,code_assist,4,40,2023-03-08
1280,411,chat_completion,8,34,2023-04-26
1281,264,chat_completion,3,23,2023-01-10
1282,131,data_insights,5,40,2023-05-03
1283,482,dashboard_export,5,28,2023-03-12
1284,217,dashboard_export,7,49,2023-03-04
1285,357,code_assist,3,43,2023-01-22
1286,6,data_insights,4,37,2023-06-13
1287,382,data_insights,3,22,2023-03-08
1288,416,dashboard_export,5,28,2023-06-15
1289,403,code_assist,6,24,2023-05-08
1290,470,dashboard_export,6,12,2023-04-09
1291,23,code_assist,6,30,2023-02-18
1292,98,dashboard_export,6,17,2023-01-14
1293,160,chat_completion,9,32,2023-03-20
1294,83,dashboard_export,6,31,2023-03-08
1295,378,chat_completion,4,48,2023-02-27
1296,278,dashboard_export,11,37,2023-01-21
1297,358,dashboard_export,5,15,2023-04-21
1298,293,chat_completion,6,2,2023-06-03
1299,497,dashboard_export,7,38,2023-06-06
1300,169,dashboard_export,7,13,2023-06-07
1301,385,code_assist,4,33,2023-03-14
1302,208,chat_completion,1,29,2023-01-10
1303,448,code_assist,5,10,2023-04-05
1304,58,data_insights,6,40,2023-05-16
1305,156,dashboard_export,6,50,2023-06-08
1306,73,chat_completion,7,49,2023-05-01
1307,206,chat_completion,13,16,2023-05-04
1308,264,data_insights,3,45,2023-06-14
1309,304,data_insights,6,28,2023-03-24
1310,241,chat_completion,5,27,2023-01-29
1311,405,data_insights,2,43,2023-04-21
1312,180,chat_completion,3,14,2023-06-02
1313,274,code_assist,6,16,2023-03-29
1314,93,dashboard_export,7,48,2023-03-04
1315,331,dashboard_export,4,1,2023-03-27
1316,189,chat_completion,4,40,2023-05-08
1317,341,code_assist,5,35,2023-03-01
1318,167,code_assist,0,22,2023-02-08
1319,151,data_insights,2,22,2023-02-02
1320,180,code_assist,11,13,2023-03-19
1321,322,data_insights,6,42,2023-03-01
1322,246,chat_completion,4,26,2023-04-28
1323,276,data_insights,8,18,2023-05-25
1324,290,code_assist,3,29,2023-01-15
1325,267,code_assist,5,27,2023-01-31
1326,474,dashboard_export,3,43,2023-02-01
1327,2,dashboard_export,6,25,2023-06-27
1328,231,dashboard_export,5,2,2023-02-02
1329,293,code_assist,3,15,2023-05-17
1330,67,dashboard_export,7,45,2023-05-15
1331,418,chat_completion,6,7,2023-02-16
1332,459,chat_completion,3,23,2023-05-25
1333,370,data_insights,5,21,2023-03-01
1334,465,data_insights,2,22,2023-02-15
1335,461,chat_completion,7,5,2023-01-12
1336,424,dashboard_export,4,18,2023-02-18
1337,286,code_assist,7,8,2023-06-13
1338,396,code_assist,6,20,2023-04-28
1339,329,code_assist,5,47,2023-06-11
1341,49,chat_completion,3,17,2023-03-12
1342,9,chat_completion,1,18,2023-02-07
1343,466,code_assist,4,48,2023-04-20
1344,334,dashboard_export,3,27,2023-03-26
1345,374,data_insights,9,23,2023-05-21
1346,91,dashboard_export,3,48,2023-06-18
1347,133,chat_completion,5,18,2023-02-14
1348,179,dashboard_export,3,1,2023-02-15
1349,28,code_assist,5,24,2023-01-17
1350,479,dashboard_export,6,37,2023-02-20
1351,284,code_assist,3,22,2023-02-16
1352,430,chat_completion,7,12,2023-03-23
1353,2,data_insights,4,18,2023-04-28
1354,417,data_insights,5,40,2023-05-16
1355,34,dashboard_export,4,17,2023-04-20
1356,29,dashboard_export,7,30,2023-04-18
1357,76,chat_completion,4,49,2023-01-27
1358,105,dashboard_export,8,42,2023-01-02
1359,241,data_insights,8,18,2023-03-31
1360,3,dashboard_export,3,36,2023-03-31
1361,307,dashboard_export,7,48,2023-02-15
1362,393,chat_completion,4,7,2023-06-18
1363,274,chat_completion,6,46,2023-05-30
1364,358,data_insights,7,32,2023-01-22
1365,444,code_assist,9,2,2023-01-17
1366,325,code_assist,6,43,2023-05-15
1367,462,dashboard_export,5,8,2023-03-11
1368,491,code_assist,5,7,2023-06-02
1369,289,dashboard_export,7,36,2023-06-15
1370,455,chat_completion,0,15,2023-02-23
1371,203,code_assist,7,42,2023-05-01
1372,93,chat_completion,10,39,2023-06-05
1373,370,code_assist,4,47,2023-06-16
1374,103,chat_completion,6,32,2023-01-17
1375,10,chat_completion,5,31,2023-05-10
1376,359,data_insights,6,6,2023-01-04
1377,471,chat_completion,3,10,2023-06-24
1378,221,code_assist,3,22,2023-01-26
1379,322,chat_completion,1,30,2023-01-09
1380,341,dashboard_export,4,39,2023-05-10
1381,19,chat_completion,3,23,2023-03-24
1382,110,chat_completion,1,3,2023-05-15
1383,419,data_insights,4,43,2023-02-08
1384,401,data_insights,2,29,2023-06-23
1385,55,code_assist,6,1,2023-05-23
1386,212,dashboard_export,4,22,2023-03-04
1387,412,data_insights,7,31,2023-03-15
1388,233,dashboard_export,2,34,2023-05-31
1389,463,code_assist,2,11,2023-04-02
1390,205,code_assist,5,39,2023-06-11
1391,439,data_insights,5,44,2023-06-04
1392,136,chat_completion,0,10,2023-05-14
1393,174,data_insights,3,22,2023-01-07
1394,191,code_assist,10,19,2023-05-29
1395,175,code_assist,7,43,2023-06-28
1396,417,dashboard_export,0,36,2023-01-23
1397,317,data_insights,4,37,2023-04-23
1398,341,code_assist,3,13,2023-06-13
1399,450,data_insights,5,8,2023-01-19
1400,306,chat_completion,7,22,2023-04-24
1401,355,dashboard_export,4,3,2023-01-22
1402,427,data_insights,5,17,2023-06-12
1403,46,chat_completion,5,9,2023-01-15
1404,421,code_assist,6,15,2023-03-08
1405,252,chat_completion,5,12,2023-03-15
1406,47,chat_completion,4,48,2023-06-07
1407,98,chat_completion,5,50,2023-02-24
1408,366,dashboard_export,5,3,2023-01-13
1409,287,data_insights,5,45,2023-02-26
1410,419,dashboard_export,5,23,2023-04-19
1411,131,data_insights,5,31,2023-01-21
1412,435,data_insights,10,27,2023-06-21
1413,216,chat_completion,0,43,2023-06-12
1414,45,chat_completion,2,43,2023-01-16
1415,308,chat_completion,3,36,2023-06-04
1416,146,data_insights,8,14,2023-01-04
1417,91,chat_completion,7,1,2023-02-13
1418,388,data_insights,2,23,2023-02-10
1419,427,dashboard_export,7,2,2023-06-14
1420,321,code_assist,5,21,2023-02-15
1421,148,dashboard_export,4,39,2023-03-01
1422,335,dashboard_export,0,17,2023-04-09
1423,414,chat_completion,4,22,2023-02-02
1424,491,dashboard_export,5,49,2023-02-16
1425,71,code_assist,4,2,2023-01-29
1426,421,chat_completion,7,33,2023-02-01
1427,357,code_assist,3,2,2023-01-03
1428,417,dashboard_export,3,8,2023-04-04
1429,398,dashboard_export,5,14,2023-05-01
1430,49,dashboard_export,2,5,2023-05-02
1431,36,code_assist,6,32,2023-03-21
1432,376,data_insights,4,17,2023-05-10
1433,269,data_insights,5,10,2023-05-04
1434,55,data_insights,2,20,2023-06-03
1435,442,code_assist,3,18,2023-01-07
1436,377,code_assist,7,10,2023-06-05
1438,90,chat_completion,2,23,2023-03-22
1439,67,dashboard_export,6,28,2023-05-12
1440,320,code_assist,7,38,2023-02-22
1441,128,data_insights,5,12,2023-02-20
1442,414,code_assist,4,2,2023-02-15
1443,78,data_insights,6,11,2023-03-04
1444,264,code_assist,4,21,2023-02-19
1445,10,code_assist,4,21,2023-05-18
1446,242,code_assist,5,4,2023-06-03
1447,155,data_insights,5,48,2023-03-14
1448,308,dashboard_export,4,40,2023-06-01
1449,116,data_insights,5,7,2023-03-10
1450,345,code_assist,6,32,2023-02-22
1451,366,code_assist,7,41,2023-01-25
1452,40,code_assist,6,9,2023-02-16
1453,313,chat_completion,3,5,2023-02-11
1454,177,data_insights,4,45,2023-06-22
1455,100,data_insights,0,46,2023-03-02
1456,262,dashboard_export,7,14,2023-05-23
1457,333,chat_completion,6,35,2023-01-23
1458,425,data_insights,2,28,2023-04-12
1459,69,chat_completion,5,2,2023-06-20
1460,50,dashboard_export,5,27,2023-06-06
1461,29,data_insights,5,8,2023-06-12
1462,167,code_assist,4,13,2023-01-31
1463,287,code_assist,3,8,2023-05-19
1464,427,chat_completion,5,46,2023-03-29
1465,80,code_assist,1,34,2023-03-12
1466,75,chat_completion,3,31,2023-01-25
1467,430,dashboard_export,2,40,2023-04-28
1468,277,data_insights,5,41,2023-03-01
1469,174,data_insights,3,30,2023-06-16
1470,371,data_insights,4,28,2023-04-06
1471,195,dashboard_export,4,7,2023-01-25
1472,225,chat_completion,4,8,2023-06-27
1473,99,chat_completion,11,18,2023-04-17
1474,15,chat_completion,3,27,2023-02-27
1475,451,chat_completion,5,24,2023-01-27
1476,309,dashboard_export,7,25,2023-05-06
1477,281,dashboard_export,4,11,2023-05-17
1478,456,data_insights,8,9,2023-04-21
1479,314,data_insights,5,18,2023-04-09
1480,318,chat_completion,5,40,2023-04-14
1481,127,chat_completion,3,8,2023-01-13
1482,193,chat_completion,4,26,2023-02-22
1483,216,code_assist,6,11,2023-05-10
1484,30,dashboard_export,4,7,2023-03-26
1485,152,dashboard_export,0,15,2023-02-28
1486,480,dashboard_export,2,43,2023-02-15
1487,351,chat_completion,4,12,2023-04-23
1488,176,data_insights,2,29,2023-06-24
1489,41,code_assist,3,18,2023-05-28
1490,137,chat_completion,3,3,2023-04-07
1491,468,chat_completion,1,28,2023-02-24
1492,56,data_insights,5,31,2023-01-21
1493,104,chat_completion,2,7,2023-06-07
1494,110,data_insights,5,8,2023-01-14
1495,147,data_insights,7,32,2023-02-24
1496,157,data_insights,6,22,2023-03-21
1497,382,chat_completion,3,43,2023-04-14
1498,361,chat_completion,6,1,2023-03-07
1499,75,dashboard_export,4,30,2023-02-26
1500,471,dashboard_export,5,10,2023-05-16
1501,20,dashboard_export,4,8,2023-05-09
1502,286,data_insights,2,16,2023-04-02
1503,105,dashboard_export,7,18,2023-06-24
1504,293,chat_completion,6,32,2023-05-14
1505,326,dashboard_export,9,7,2023-06-16
1506,46,code_assist,11,23,2023-02-06
1507,44,chat_completion,3,4,2023-03-03
1508,188,dashboard_export,10,38,2023-02-11
1509,469,data_insights,9,30,2023-01-06
1510,291,chat_completion,5,39,2023-06-16
1511,393,data_insights,3,17,2023-06-21
1512,94,dashboard_export,2,26,2023-04-06
1513,469,code_assist,4,27,2023-04-09
1514,149,data_insights,4,35,2023-06-22
1515,132,data_insights,2,22,2023-01-20
1516,229,code_assist,3,30,2023-03-27
1517,220,code_assist,3,17,2023-06-01
1518,344,dashboard_export,1,24,2023-02-18
1519,233,data_insights,2,32,2023-05-09
1520,431,code_assist,4,43,2023-04-22
1521,123,data_insights,8,28,2023-01-02
1522,445,dashboard_export,5,32,2023-01-06
1523,464,data_insights,10,47,2023-04-08
1524,34,data_insights,3,46,2023-06-27
1525,446,chat_completion,5,13,2023-01-18
1526,28,data_insights,5,30,2023-06-25
1527,361,dashboard_export,3,14,2023-05-17
1528,82,data_insights,3,26,2023-03-20
1529,399,chat_completion,2,46,2023-02-26
1530,299,code_assist,7,43,2023-05-01
1531,297,code_assist,5,21,2023-06-03
1532,96,dashboard_export,3,17,2023-01-21
1533,361,chat_completion,4,15,2023-04-06
1534,275,chat_completion,6,49,2023-06-12
1535,488,data_insights,6,19,2023-05-29
1536,360,code_assist,4,50,2023-05-26
1537,72,code_assist,3,29,2023-05-11
1538,191,code_assist,2,12,2023-02-19
1539,88,data_insights,9,16,2023-04-27
1540,405,code_assist,8,1,2023-04-01
1541,396,dashboard_export,10,16,2023-05-29
1542,78,code_assist,2,40,2023-01-26
1543,6,code_assist,1,37,2023-02-16
1544,180,code_assist,4,29,2023-02-16
1545,43,chat_completion,5,4,2023-02-23
1546,350,dashboard_export,3,35,2023-03-02
1547,376,data_insights,1,33,2023-01-09
1548,7,chat_completion,6,31,2023-06-26
1549,118,data_insights,2,23,2023-05-06
1550,245,data_insights,6,42,2023-04-14
1551,385,code_assist,2,34,2023-03-11
1552,60,dashboard_export,6,17,2023-02-06
1553,206,data_insights,4,37,2023-04-27
1554,34,code_assist,2,18,2023-04-07
1555,264,dashboard_export,2,33,2023-04-22
1556,403,dashboard_export,5,44,2023-02-14
1557,429,dashboard_export,5,20,2023-01-29
1558,149,data_insights,5,49,2023-04-24
1559,201,data_insights,9,18,2023-03-15
1560,477,chat_completion,5,47,2023-05-16
1561,283,dashboard_export,5,16,2023-02-12
1562,346,dashboard_export,7,40,2023-02-13
1563,288,code_assist,4,41,2023-02-11
1564,29,code_assist,5,27,2023-05-08
1565,251,chat_completion,6,16,2023-05-22
1566,156,data_insights,5,5,2023-06-24
1567,106,dashboard_export,4,39,2023-06-06
1568,59,dashboard_export,2,33,2023-04-01
1569,489,data_insights,6,49,2023-04-13
1570,107,chat_completion,8,49,2023-03-14
1571,35,data_insights,5,40,2023-02-28
1572,433,code_assist,6,20,2023-03-27
1573,468,dashboard_export,9,43,2023-01-26
1574,196,dashboard_export,3,31,2023-02-01
1575,154,chat_completion,3,19,2023-04-28
1576,23,chat_completion,1,20,2023-05-14
1577,59,data_insights,6,23,2023-05-14
1578,162,code_assist,5,41,2023-02-04
1579,179,chat_completion,6,5,2023-03-06
1580,342,chat_completion,5,2,2023-06-18
1581,458,dashboard_export,4,23,2023-04-02
1582,164,dashboard_export,5,25,2023-02-08
1583,325,chat_completion,6,29,2023-02-02
1584,102,chat_completion,4,29,2023-02-02
1585,369,data_insights,7,1,2023-04-28
1586,234,dashboard_export,4,22,2023-01-28
1587,69,chat_completion,4,19,2023-01-23
1588,283,dashboard_export,3,37,2023-05-14
1589,368,chat_completion,6,35,2023-05-04
1590,127,chat_completion,5,42,2023-04-02
1591,28,code_assist,7,9,2023-04-24
1592,196,data_insights,5,1,2023-03-12
1593,363,code_assist,3,46,2023-06-02
1594,315,dashboard_export,1,9,2023-01-04
1595,462,code_assist,8,47,2023-05-13
1596,441,data_insights,6,49,2023-03-25
1597,139,data_insights,5,12,2023-06-27
1598,450,code_assist,4,47,2023-06-20
1599,374,chat_completion,5,45,2023-03-22
1600,364,code_assist,4,5,2023-02-01
1601,3,code_assist,5,16,2023-05-02
1602,184,code_assist,3,3,2023-01-14
1603,367,data_insights,9,3,2023-01-22
1604,286,code_assist,2,10,2023-06-26
1605,418,code_assist,6,40,2023-05-15
1606,231,code_assist,2,23,2023-02-23
1607,31,dashboard_export,7,17,2023-06-27
1608,154,code_assist,5,4,2023-06-28
1609,289,dashboard_export,8,23,2023-06-24
1610,168,data_insights,8,7,2023-06-26
1611,91,dashboard_export,4,48,2023-06-19
1612,279,data_insights,8,33,2023-01-20
1613,347,code_assist,3,33,2023-04-14
1614,487,dashboard_export,6,16,2023-04-10
1615,153,data_insights,5,19,2023-05-23
1616,93,data_insights,3,18,2023-01-01
1617,234,data_insights,2,26,2023-02-23
1618,202,chat_completion,3,7,2023-06-27
1619,274,data_insights,4,45,2023-04-11
1620,487,code_assist,4,14,2023-03-15
1621,127,data_insights,5,47,2023-03-24
1622,110,dashboard_export,3,23,2023-04-04
1623,382,data_insights,4,39,2023-04-28
1624,305,data_insights,0,19,2023-01-22
1625,6,dashboard_export,4,16,2023-06-11
1626,188,chat_completion,4,28,2023-06-23
1627,36,chat_completion,3,25,2023-05-16
1628,175,data_insights,4,46,2023-04-13
1629,130,data_insights,5,50,2023-04-28
1630,353,dashboard_export,4,3,2023-01-31
1631,190,code_assist,2,14,2023-02-03
1632,63,dashboard_export,3,49,2023-05-05
1633,294,code_assist,7,38,2023-04-09
1634,262,dashboard_export,6,2,2023-02-26
1635,291,data_insights,6,45,2023-01-10
1636,334,code_assist,5,45,2023-06-23
1637,149,code_assist,5,1,2023-04-29
1638,332,data_insights,6,8,2023-03-30
1639,419,chat_completion,7,30,2023-02-16
1640,469,chat_completion,6,31,2023-06-24
1641,167,chat_completion,8,23,2023-04-30
1642,75,dashboard_export,3,7,2023-01-14
1643,228,dashboard_export,3,1,2023-04-20
1644,44,chat_completion,2,21,2023-02-12
1645,83,chat_completion,3,34,2023-05-22
1646,229,code_assist,5,41,2023-03-24
1647,101,dashboard_export,7,2,2023-03-17
1648,397,dashboard_export,4,36,2023-02-10
1649,386,chat_completion,5,48,2023-02-14
1650,444,dashboard_export,4,33,2023-03-23
1651,152,code_assist,5,13,2023-06-09
1652,241,dashboard_export,12,32,2023-05-02
1653,83,chat_completion,1,39,2023-04-20
1654,450,chat_completion,9,48,2023-06-09
1655,313,chat_completion,4,36,2023-04-29
1656,271,data_insights,8,48,2023-05-04
1657,101,dashboard_export,4,22,2023-01-17
1658,452,chat_completion,5,28,2023-01-05
1659,303,code_assist,6,4,2023-05-02
1660,359,dashboard_export,3,46,2023-02-25
1661,344,data_insights,4,20,2023-01-22
1662,443,dashboard_export,9,7,2023-05-06
1663,294,data_insights,5,31,2023-06-11
1664,160,dashboard_export,8,33,2023-05-24
1665,268,dashboard_export,5,43,2023-05-22
1666,74,data_insights,8,29,2023-03-29
1667,500,code_assist,7,15,2023-04-04
1668,29,dashboard_export,7,27,2023-03-01
1669,74,chat_completion,5,10,2023-04-04
1670,411,chat_completion,6,12,2023-04-24
1671,79,chat_completion,4,18,2023-06-18
1672,283,chat_completion,5,46,2023-04-20
1673,422,chat_completion,6,4,2023-03-19
1674,456,dashboard_export,3,20,2023-04-25
1675,12,chat_completion,4,20,2023-03-07
1676,391,chat_completion,5,4,2023-03-23
1677,17,data_insights,7,28,2023-03-19
1678,226,code_assist,3,1,2023-05-10
1679,232,chat_completion,3,23,2023-02-14
1680,113,code_assist,4,33,2023-06-10
1681,178,chat_completion,1,14,2023-05-22
1682,406,dashboard_export,4,29,2023-04-22
1683,67,code_assist,5,31,2023-01-25
1684,284,data_insights,4,40,2023-03-21
1685,265,data_insights,7,26,2023-06-09
1686,256,dashboard_export,2,8,2023-02-13
1687,363,code_assist,3,42,2023-03-26
1688,180,data_insights,3,47,2023-05-21
1689,159,code_assist,3,34,2023-04-29
1690,174,chat_completion,6,39,2023-01-26
1691,387,chat_completion,6,26,2023-02-02
1692,314,chat_completion,3,28,2023-03-28
1693,280,dashboard_export,3,25,2023-06-01
1694,17,data_insights,7,40,2023-06-21
1695,365,dashboard_export,1,3,2023-06-11
1696,163,dashboard_export,0,50,2023-05-06
1697,108,dashboard_export,3,30,2023-03-04
1698,294,dashboard_export,4,41,2023-01-11
1699,238,chat_completion,3,5,2023-03-31
1700,154,code_assist,1,17,2023-04-19
1701,143,dashboard_export,7,17,2023-03-31
1702,195,code_assist,10,46,2023-02-04
1703,17,dashboard_export,6,41,2023-03-27
1704,27,dashboard_export,5,9,2023-01-10
1705,80,dashboard_export,6,42,2023-06-18
1706,200,data_insights,6,9,2023-05-17
1707,109,dashboard_export,4,11,2023-05-30
1708,306,data_insights,7,6,2023-06-18
1709,97,code_assist,2,14,2023-06-25
1710,194,code_assist,4,25,2023-03-17
1711,220,dashboard_export,5,14,2023-05-29
1712,163,chat_completion,6,40,2023-06-26
1713,293,data_insights,6,5,2023-03-20
1714,377,code_assist,4,22,2023-04-01
1715,459,data_insights,3,13,2023-02-25
1716,157,data_insights,12,17,2023-04-12
1717,41,data_insights,5,28,2023-05-04
1718,179,dashboard_export,3,20,2023-06-08
1719,112,dashboard_export,5,32,2023-05-09
1720,205,data_insights,8,3,2023-05-25
1721,209,chat_completion,3,15,2023-02-22
1722,197,data_insights,5,4,2023-04-30
1723,280,dashboard_export,10,41,2023-03-25
1724,406,data_insights,3,45,2023-02-08
1725,457,code_assist,3,10,2023-01-29
1726,390,dashboard_export,2,40,2023-05-22
1727,475,data_insights,6,47,2023-06-06
1728,373,dashboard_export,7,13,2023-01-17
1729,31,dashboard_export,6,14,2023-03-19
1730,390,dashboard_export,3,17,2023-02-07
1731,357,code_assist,3,25,2023-05-26
1732,113,code_assist,7,17,2023-06-23
1733,228,dashboard_export,3,21,2023-06-17
1734,453,chat_completion,5,34,2023-06-04
1735,24,dashboard_export,6,13,2023-01-04
1736,400,dashboard_export,4,2,2023-04-12
1737,459,chat_completion,3,38,2023-04-30
1738,416,code_assist,5,33,2023-01-05
1739,275,chat_completion,2,39,2023-02-09
1740,419,data_insights,5,36,2023-02-08
1741,485,chat_completion,5,27,2023-04-02
1742,293,data_insights,4,18,2023-04-17
1743,210,dashboard_export,5,22,2023-03-21
1744,318,code_assist,8,50,2023-02-27
1745,25,dashboard_export,2,36,2023-05-31
1746,222,data_insights,6,25,2023-05-20
1747,26,data_insights,5,46,2023-03-07
1748,412,chat_completion,5,45,2023-03-19
1749,381,chat_completion,2,23,2023-05-09
1750,242,data_insights,4,18,2023-06-23
1751,361,dashboard_export,3,36,2023-06-25
1752,47,dashboard_export,4,3,2023-01-28
1753,139,dashboard_export,2,9,2023-05-09
1754,452,chat_completion,4,49,2023-03-23
1755,29,code_assist,6,2,2023-04-12
1756,320,data_insights,7,42,2023-04-30
1757,54,data_insights,5,8,2023-06-29
1758,157,chat_completion,3,30,2023-03-02
1759,15,data_insights,4,37,2023-01-28
1760,417,data_insights,3,40,2023-06-11
1761,27,dashboard_export,6,38,2023-02-12
1762,204,data_insights,0,38,2023-04-09
1763,91,dashboard_export,4,32,2023-03-02
1764,332,code_assist,9,24,2023-02-02
1765,280,chat_completion,1,40,2023-01-29
1766,289,dashboard_export,5,26,2023-04-04
1767,430,dashboard_export,4,5,2023-01-26
1768,313,dashboard_export,7,2,2023-03-11
1769,23,code_assist,4,32,2023-02-16
1770,47,code_assist,5,31,2023-01-11
1771,321,dashboard_export,3,41,2023-02-13
1772,324,dashboard_export,2,29,2023-03-16
1773,289,code_assist,4,5,2023-01-26
1774,384,chat_completion,4,31,2023-02-08
1775,240,code_assist,1,37,2023-01-14
1776,360,data_insights,4,41,2023-03-30
1777,62,data_insights,5,4,2023-05-01
1778,404,chat_completion,7,48,2023-05-21
1779,212,data_insights,5,24,2023-05-12
1780,66,code_assist,2,39,2023-05-31
1781,26,chat_completion,5,49,2023-04-14
1782,64,data_insights,2,42,2023-06-27
1783,149,chat_completion,4,48,2023-06-10
1784,178,data_insights,2,2,2023-03-04
1785,490,data_insights,3,50,2023-03-21
1786,207,code_assist,7,18,2023-01-13
1787,107,data_insights,6,26,2023-01-22
1788,284,chat_completion,7,45,2023-06-18
1789,273,chat_completion,2,17,2023-02-20
1790,434,dashboard_export,2,13,2023-02-18
1791,203,dashboard_export,0,14,2023-01-25
1792,88,code_assist,8,43,2023-03-24
1793,301,data_insights,7,23,2023-01-26
1794,436,code_assist,5,28,2023-03-10
1795,103,code_assist,7,17,2023-05-17
1796,317,code_assist,1,1,2023-06-12
1797,216,data_insights,7,28,2023-01-23
1798,417,data_insights,7,29,2023-02-02
1799,102,dashboard_export,9,43,2023-03-03
1800,430,chat_completion,8,29,2023-01-09
1801,191,data_insights,13,34,2023-01-26
1802,244,data_insights,2,25,2023-03-25
1803,29,data_insights,10,29,2023-05-05
1804,120,dashboard_export,4,44,2023-06-17
1805,38,dashboard_export,6,26,2023-02-02
1806,67,data_insights,5,28,2023-04-01
1807,150,data_insights,4,2,2023-05-21
1808,183,code_assist,4,3,2023-03-28
1809,9,chat_completion,4,18,2023-04-07
1810,32,data_insights,3,44,2023-02-02
1811,77,code_assist,3,24,2023-05-31
1812,12,code_assist,5,42,2023-05-07
1813,489,chat_completion,1,10,2023-06-02
1814,110,data_insights,2,48,2023-04-07
1815,396,data_insights,6,18,2023-01-06
1816,172,dashboard_export,2,41,2023-05-16
1817,393,code_assist,5,3,2023-03-28
1818,131,dashboard_export,6,21,2023-02-04
1819,34,chat_completion,6,22,2023-05-27
1820,294,data_insights,6,6,2023-04-22
1821,463,code_assist,2,23,2023-04-25
1822,196,data_insights,3,44,2023-04-05
1823,386,dashboard_export,6,10,2023-06-03
1824,243,dashboard_export,4,30,2023-05-20
1825,101,code_assist,3,34,2023-05-26
1826,17,chat_completion,8,9,2023-02-13
1827,141,chat_completion,6,5,2023-01-15
1828,292,chat_completion,7,46,2023-02-22
1829,295,chat_completion,0,43,2023-04-02
1830,472,code_assist,3,45,2023-02-27
1831,182,chat_completion,3,43,2023-01-08
1832,303,dashboard_export,4,19,2023-04-24
1833,65,chat_completion,7,42,2023-06-09
1834,175,code_assist,5,40,2023-01-02
1835,314,chat_completion,2,15,2023-03-15
1836,75,dashboard_export,7,13,2023-03-30
1837,67,data_insights,3,48,2023-03-15
1838,496,dashboard_export,6,31,2023-04-22
1839,166,code_assist,3,38,2023-02-10
1840,131,chat_completion,2,26,2023-05-18
1841,456,code_assist,6,1,2023-06-26
1842,395,data_insights,5,16,2023-04-21
1843,461,data_insights,5,1,2023-02-24
1844,340,data_insights,2,24,2023-04-17
1845,20,chat_completion,7,31,2023-06-28
1846,446,code_assist,4,46,2023-01-17
1847,270,dashboard_export,4,18,2023-01-18
1848,209,chat_completion,6,1,2023-05-06
1849,155,chat_completion,4,11,2023-02-02
1850,424,chat_completion,11,10,2023-04-11
1851,25,data_insights,5,3,2023-01-02
1852,178,data_insights,4,35,2023-06-10
1853,280,dashboard_export,5,33,2023-01-18
1854,63,code_assist,3,28,2023-04-07
1855,268,data_insights,2,9,2023-03-22
1856,54,data_insights,6,15,2023-05-23
1857,13,dashboard_export,2,5,2023-01-03
1858,5,dashboard_export,4,1,2023-04-19
1859,360,chat_completion,5,6,2023-01-27
1860,208,dashboard_export,7,15,2023-04-26
1861,216,dashboard_export,9,13,2023-02-21
1862,104,chat_completion,3,19,2023-01-28
1863,500,dashboard_export,4,9,2023-06-12
1864,182,code_assist,7,42,2023-05-26
1865,99,code_assist,7,38,2023-06-18
1866,86,chat_completion,5,34,2023-06-18
1867,258,dashboard_export,4,24,2023-03-15
1868,321,chat_completion,3,5,2023-05-28
1869,406,data_insights,4,27,2023-03-02
1870,182,code_assist,4,42,2023-03-30
1871,168,code_assist,7,41,2023-03-14
1872,450,chat_completion,10,23,2023-05-09
1873,75,code_assist,5,11,2023-01-11
1874,227,dashboard_export,4,16,2023-04-02
1875,346,dashboard_export,10,25,2023-01-12
1876,31,code_assist,7,3,2023-01-22
1877,439,code_assist,4,50,2023-03-11
1878,406,code_assist,5,13,2023-01-12
1879,339,data_insights,8,14,2023-03-19
1880,466,chat_completion,6,22,2023-04-09
1881,405,code_assist,6,34,2023-02-19
1882,490,dashboard_export,5,12,2023-04-16
1883,252,dashboard_export,6,25,2023-04-18
1884,244,data_insights,8,27,2023-05-15
1885,253,chat_completion,6,4,2023-01-27
1886,157,dashboard_export,6,46,2023-02-04
1887,223,code_assist,5,41,2023-03-01
1888,35,code_assist,1,44,2023-04-16
1889,466,code_assist,3,36,2023-02-14
1890,412,chat_completion,0,3,2023-06-05
1891,55,code_assist,4,13,2023-05-14
1892,37,data_insights,3,33,2023-06-11
1893,69,dashboard_export,2,38,2023-05-20
1894,427,dashboard_export,6,42,2023-01-11
1895,206,dashboard_export,4,8,2023-04-13
1896,290,dashboard_export,4,11,2023-02-09
1897,197,chat_completion,6,47,2023-04-07
1898,335,chat_completion,6,1,2023-01-10
1899,498,dashboard_export,3,41,2023-02-19
1900,448,code_assist,8,9,2023-01-03
1901,239,dashboard_export,7,38,2023-05-08
1902,478,code_assist,4,22,2023-05-11
1903,338,data_insights,7,47,2023-05-06
1904,397,code_assist,6,17,2023-02-02
1905,422,code_assist,13,48,2023-03-26
1906,346,data_insights,4,28,2023-03-20
1907,20,dashboard_export,7,27,2023-02-01
1908,136,chat_completion,4,49,2023-06-15
1909,245,data_insights,4,23,2023-03-04
1910,40,dashboard_export,10,47,2023-04-26
1911,332,dashboard_export,6,29,2023-06-27
1912,246,dashboard_export,10,11,2023-02-23
1913,69,data_insights,3,6,2023-03-31
1914,190,dashboard_export,4,49,2023-05-29
1915,294,chat_completion,3,11,2023-06-06
1916,482,code_assist,6,5,2023-01-02
1917,474,data_insights,4,35,2023-03-28
1918,276,data_insights,8,16,2023-04-12
1919,284,dashboard_export,1,27,2023-05-28
1920,101,chat_completion,5,47,2023-06-09
1921,333,code_assist,8,26,2023-02-13
1922,356,code_assist,2,42,2023-06-18
1923,250,data_insights,6,44,2023-04-03
1924,119,dashboard_export,6,7,2023-03-20
1925,69,dashboard_export,3,32,2023-04-21
1926,280,chat_completion,2,47,2023-01-07
1927,93,data_insights,7,48,2023-03-20
1928,25,code_assist,5,27,2023-02-13
1929,34,code_assist,4,3,2023-02-21
1930,95,chat_completion,8,21,2023-04-07
1931,445,dashboard_export,4,17,2023-06-01
1932,325,data_insights,5,36,2023-01-06
1933,141,data_insights,2,44,2023-03-09
1934,444,chat_completion,8,33,2023-01-14
1935,47,chat_completion,5,25,2023-01-23
1936,90,code_assist,4,47,2023-05-07
1937,44,data_insights,5,39,2023-04-11
1938,445,code_assist,1,6,2023-02-20
1939,33,data_insights,6,6,2023-06-10
1940,187,dashboard_export,3,44,2023-03-03
1941,266,data_insights,5,28,2023-06-19
1942,123,data_insights,4,49,2023-05-22
1943,12,code_assist,5,7,2023-04-12
1944,291,chat_completion,3,38,2023-04-05
1945,203,code_assist,5,16,2023-01-03
1946,202,code_assist,6,1,2023-03-05
1947,303,dashboard_export,4,24,2023-02-15
1948,42,chat_completion,5,49,2023-03-09
1949,110,code_assist,7,9,2023-01-20
1950,430,chat_completion,5,48,2023-04-16
1951,296,data_insights,5,21,2023-04-05
1952,220,code_assist,7,8,2023-04-10
1953,395,data_insights,2,12,2023-05-27
1954,312,code_assist,6,17,2023-02-20
1955,193,code_assist,4,25,2023-04-01
1956,113,code_assist,5,38,2023-04-06
1957,239,code_assist,1,35,2023-03-11
1958,261,data_insights,9,42,2023-03-18
1959,128,data_insights,4,24,2023-05-26
1960,349,chat_completion,4,5,2023-02-01
1961,350,data_insights,6,12,2023-03-01
1962,100,chat_completion,5,31,2023-05-01
1963,284,chat_completion,3,4,2023-04-21
1964,292,data_insights,3,47,2023-04-16
1965,126,chat_completion,2,33,2023-06-12
1966,366,chat_completion,6,3,2023-01-05
1967,363,code_assist,5,20,2023-06-05
1968,306,data_insights,5,1,2023-03-19
1969,78,chat_completion,3,43,2023-03-01
1970,92,data_insights,5,33,2023-02-08
1971,236,data_insights,4,29,2023-02-19
1972,401,chat_completion,5,47,2023-01-14
1973,259,code_assist,9,12,2023-04-07
1974,453,code_assist,4,6,2023-02-26
1975,268,chat_completion,9,8,2023-04-20
1976,47,chat_completion,7,6,2023-05-12
1977,75,dashboard_export,1,45,2023-03-22
1978,400,dashboard_export,5,31,2023-03-29
1979,170,dashboard_export,10,39,2023-01-14
1980,242,code_assist,4,34,2023-04-03
1981,457,code_assist,4,38,2023-04-28
1982,477,dashboard_export,5,34,2023-05-12
1983,130,dashboard_export,6,9,2023-01-21
1984,254,code_assist,4,49,2023-02-25
1985,184,data_insights,6,50,2023-05-05
1986,250,data_insights,4,46,2023-02-21
1987,181,dashboard_export,7,36,2023-03-15
1988,500,chat_completion,7,28,2023-05-08
1989,159,code_assist,5,40,2023-02-27
1990,2,code_assist,0,24,2023-03-12
1991,59,data_insights,6,31,2023-03-24
1992,171,chat_completion,2,46,2023-04-01
1993,242,data_insights,6,11,2023-06-10
1994,52,chat_completion,3,24,2023-02-19
1995,14,code_assist,3,26,2023-01-08
1996,154,chat_completion,3,42,2023-01-09
1997,308,chat_completion,9,21,2023-02-13
1998,12,dashboard_export,8,32,2023-04-27
1999,153,code_assist,5,11,2023-06-09
2000,340,code_assist,1,33,2023-06-24
2001,470,data_insights,3,19,2023-06-10
2002,95,chat_completion,1,23,2023-05-07
2003,184,data_insights,4,1,2023-02-14
2004,157,dashboard_export,7,19,2023-04-01
2005,140,code_assist,3,50,2023-06-29
2006,140,dashboard_export,9,32,2023-06-23
2007,401,data_insights,7,11,2023-02-03
2008,238,code_assist,3,44,2023-04-14
2009,106,chat_completion,5,16,2023-05-03
2010,155,code_assist,6,37,2023-03-17
2011,482,data_insights,3,43,2023-03-06
2012,130,code_assist,7,34,2023-05-12
2013,15,chat_completion,3,35,2023-04-29
2014,183,dashboard_export,0,6,2023-02-28
2015,139,dashboard_export,2,23,2023-05-25
2016,378,dashboard_export,2,25,2023-04-06
2017,368,data_insights,4,10,2023-06-11
2018,115,code_assist,5,29,2023-04-12
2019,4,data_insights,4,14,2023-01-05
2020,418,dashboard_export,6,27,2023-04-20
2021,218,dashboard_export,11,21,2023-04-17
2022,238,chat_completion,13,39,2023-02-24
2023,468,dashboard_export,2,25,2023-05-22
2024,13,code_assist,5,8,2023-05-02
2025,291,dashboard_export,7,15,2023-05-05
2026,467,code_assist,5,25,2023-05-27
2027,225,data_insights,8,40,2023-04-26
2028,4,dashboard_export,8,12,2023-04-16
2029,326,dashboard_export,4,13,2023-01-10
2030,153,data_insights,5,17,2023-01-18
2031,160,data_insights,6,9,2023-01-08
2032,35,code_assist,3,48,2023-05-12
2033,208,data_insights,7,47,2023-02-16
2034,40,chat_completion,6,46,2023-05-02
2035,244,data_insights,5,48,2023-06-24
2036,111,dashboard_export,3,8,2023-03-29
2037,72,dashboard_export,7,40,2023-04-08
2038,149,code_assist,11,19,2023-05-05
2039,93,dashboard_export,2,40,2023-04-18
2040,424,dashboard_export,4,43,2023-01-26
2041,487,data_insights,7,12,2023-04-24
2042,106,chat_completion,7,22,2023-02-11
2043,18,code_assist,6,37,2023-03-05
2044,331,code_assist,2,39,2023-06-14
2045,98,data_insights,3,49,2023-06-03
2046,379,dashboard_export,7,20,2023-05-07
2047,372,code_assist,5,18,2023-05-02
2048,454,code_assist,6,8,2023-05-08
2050,353,chat_completion,4,28,2023-01-28
2051,495,dashboard_export,4,23,2023-01-13
2052,51,data_insights,4,47,2023-06-27
2053,15,code_assist,6,44,2023-06-17
2054,86,dashboard_export,6,9,2023-06-22
2055,199,code_assist,6,48,2023-02-26
2056,377,chat_completion,4,29,2023-05-10
2057,21,chat_completion,6,16,2023-01-15
2058,490,code_assist,7,19,2023-01-29
2059,281,code_assist,5,37,2023-06-21
2060,290,code_assist,4,38,2023-02-06
2061,53,data_insights,9,2,2023-01-30
2062,377,data_insights,4,28,2023-04-27
2063,302,dashboard_export,5,31,2023-03-27
2064,397,chat_completion,7,8,2023-01-12
2065,341,chat_completion,4,22,2023-02-12
2066,32,chat_completion,4,31,2023-02-01
2067,197,chat_completion,5,37,2023-06-14
2068,4,code_assist,8,22,2023-02-02
2069,212,data_insights,2,46,2023-01-03
2070,376,dashboard_export,6,49,2023-03-01
2071,392,chat_completion,6,24,2023-02-23
2072,409,dashboard_export,7,28,2023-05-11
2073,81,code_assist,4,29,2023-01-18
2074,338,data_insights,3,14,2023-01-29
2075,485,code_assist,4,17,2023-06-16
2076,217,dashboard_export,4,41,2023-01-20
2077,283,data_insights,4,39,2023-05-23
2078,448,dashboard_export,6,2,2023-06-09
2079,451,chat_completion,2,35,2023-05-23
2080,491,data_insights,5,5,2023-02-25
2081,483,dashboard_export,3,11,2023-02-20
2082,86,data_insights,4,3,2023-05-25
2083,291,code_assist,2,39,2023-06-19
2084,433,data_insights,10,39,2023-05-11
2085,238,data_insights,9,29,2023-02-06
2086,142,chat_completion,3,6,2023-01-18
2087,41,data_insights,4,21,2023-03-16
2089,76,chat_completion,6,31,2023-05-06
2090,397,dashboard_export,6,22,2023-03-08
2091,484,code_assist,6,47,2023-01-30
2092,356,dashboard_export,8,46,2023-01-06
2093,32,chat_completion,5,28,2023-05-06
2094,79,chat_completion,3,42,2023-06-05
2095,234,dashboard_export,6,21,2023-06-24
2096,475,code_assist,5,16,2023-05-30
2097,368,code_assist,4,48,2023-02-10
2098,1,dashboard_export,6,29,2023-03-25
2099,245,data_insights,5,45,2023-06-08
2100,211,data_insights,4,20,2023-06-23
2101,10,code_assist,5,48,2023-03-14
2102,348,dashboard_export,4,5,2023-04-26
2103,319,chat_completion,7,19,2023-05-22
2104,6,chat_completion,4,37,2023-04-13
2105,62,data_insights,9,9,2023-02-26
2106,276,dashboard_export,7,28,2023-06-08
2107,245,code_assist,5,10,2023-01-25
2108,324,dashboard_export,8,23,2023-04-13
2109,100,data_insights,7,20,2023-04-08
2110,155,dashboard_export,6,14,2023-03-26
2111,185,code_assist,5,32,2023-03-13
2112,315,code_assist,4,26,2023-05-23
2113,493,dashboard_export,5,36,2023-03-17
2114,61,code_assist,12,8,2023-05-05
2115,3,dashboard_export,1,40,2023-06-20
2116,426,code_assist,7,2,2023-04-02
2117,75,chat_completion,2,17,2023-02-25
2118,132,dashboard_export,2,19,2023-01-20
2119,34,code_assist,2,8,2023-01-21
2120,244,code_assist,8,9,2023-06-20
2121,479,code_assist,4,40,2023-05-11
2122,287,chat_completion,4,41,2023-06-04
2123,283,dashboard_export,3,15,2023-04-11
2124,440,dashboard_export,7,3,2023-03-11
2125,281,data_insights,4,33,2023-05-28
2126,115,data_insights,7,47,2023-06-17
2127,61,data_insights,5,29,2023-01-14
2128,384,dashboard_export,9,18,2023-03-02
2129,36,dashboard_export,4,27,2023-02-04
2130,255,chat_completion,6,9,2023-01-17
2131,225,dashboard_export,3,48,2023-03-14
2132,378,chat_completion,11,14,2023-02-23
2133,471,code_assist,8,43,2023-01-04
2134,131,data_insights,2,37,2023-05-20
2135,444,chat_completion,5,19,2023-03-30
2136,418,code_assist,4,14,2023-02-02
2137,58,dashboard_export,3,44,2023-05-26
2138,28,chat_completion,7,8,2023-01-05
2139,108,dashboard_export,5,21,2023-05-03
2140,188,chat_completion,5,9,2023-05-18
2141,140,chat_completion,3,28,2023-01-20
2142,82,code_assist,5,3,2023-02-12
2143,321,chat_completion,8,24,2023-02-24
2144,25,data_insights,2,4,2023-01-25
2145,402,code_assist,9,47,2023-02-16
2146,482,dashboard_export,5,32,2023-05-05
2147,219,dashboard_export,3,10,2023-02-19
2148,10,chat_completion,12,5,2023-06-02
2149,127,code_assist,4,7,2023-03-17
2150,306,chat_completion,10,27,2023-03-22
2151,204,code_assist,5,16,2023-03-16
2152,260,code_assist,3,20,2023-03-17
2153,215,chat_completion,7,8,2023-02-26
2154,259,data_insights,9,25,2023-06-07
2155,40,code_assist,6,35,2023-03-15
2156,112,chat_completion,5,48,2023-06-14
2157,2,code_assist,5,24,2023-03-11
2158,271,chat_completion,4,37,2023-05-31
2159,158,dashboard_export,8,2,2023-02-07
2160,85,code_assist,6,47,2023-05-16
2161,485,data_insights,4,39,2023-01-23
2162,490,chat_completion,3,45,2023-04-01
2163,228,chat_completion,5,5,2023-03-22
2164,157,dashboard_export,6,30,2023-02-06
2165,73,data_insights,5,18,2023-02-25
2166,463,dashboard_export,4,34,2023-02-10
2167,5,chat_completion,5,8,2023-01-18
2168,191,code_assist,6,24,2023-01-03
2169,382,dashboard_export,9,14,2023-01-31
2170,335,dashboard_export,6,48,2023-06-11
2171,13,dashboard_export,2,22,2023-03-24
2172,302,chat_completion,4,28,2023-06-12
2173,284,dashboard_export,3,45,2023-02-02
2174,201,dashboard_export,5,20,2023-04-02
2175,479,code_assist,9,37,2023-05-02
2176,413,chat_completion,3,40,2023-05-10
2177,490,chat_completion,4,21,2023-05-06
2178,411,data_insights,3,38,2023-01-17
2179,192,chat_completion,4,18,2023-06-18
2180,135,code_assist,7,20,2023-02-13
2181,98,data_insights,3,17,2023-01-17
2182,215,code_assist,7,32,2023-01-06
2183,85,dashboard_export,4,2,2023-03-12
2184,84,data_insights,2,7,2023-03-22
2185,333,chat_completion,8,18,2023-02-25
2186,75,data_insights,5,26,2023-05-31
2187,150,code_assist,1,22,2023-02-09
2188,407,code_assist,7,17,2023-01-29
2189,43,chat_completion,9,31,2023-04-23
2190,494,chat_completion,4,16,2023-04-11
2191,346,data_insights,5,3,2023-04-14
2192,249,code_assist,3,16,2023-02-02
2193,77,data_insights,6,32,2023-01-30
2194,499,dashboard_export,4,3,2023-04-28
2195,323,code_assist,2,43,2023-05-10
2196,1,data_insights,4,28,2023-01-14
2197,322,dashboard_export,8,48,2023-03-24
2198,231,dashboard_export,4,23,2023-03-14
2199,161,chat_completion,3,21,2023-04-15
2200,144,code_assist,9,38,2023-02-12
2201,451,dashboard_export,1,8,2023-01-28
2202,287,data_insights,1,19,2023-03-09
2203,97,chat_completion,3,18,2023-04-30
2204,151,code_assist,8,1,2023-02-10
2205,366,code_assist,6,2,2023-05-07
2206,194,dashboard_export,4,48,2023-06-29
2207,12,data_insights,3,23,2023-04-29
2208,29,code_assist,4,42,2023-05-22
2209,17,data_insights,10,15,2023-02-24
2210,146,chat_completion,7,13,2023-03-07
2211,396,dashboard_export,5,45,2023-05-15
2212,14,dashboard_export,3,29,2023-05-10
2213,249,chat_completion,5,24,2023-06-11
2214,342,code_assist,5,17,2023-05-02
2215,88,dashboard_export,0,1,2023-03-17
2216,157,code_assist,4,30,2023-06-10
2217,231,code_assist,8,40,2023-03-25
2218,63,dashboard_export,6,30,2023-03-04
2219,213,data_insights,4,4,2023-03-28
2220,407,code_assist,7,23,2023-01-20
2221,1,chat_completion,5,49,2023-05-15
2222,299,dashboard_export,8,41,2023-04-26
2223,353,chat_completion,3,29,2023-02-03
2224,142,chat_completion,2,26,2023-04-20
2225,69,chat_completion,1,21,2023-06-11
2226,248,dashboard_export,6,37,2023-04-26
2227,448,dashboard_export,9,36,2023-01-25
2228,170,chat_completion,8,39,2023-02-06
2229,233,code_assist,8,11,2023-05-13
2230,392,dashboard_export,6,38,2023-06-18
2231,302,chat_completion,6,40,2023-05-08
2232,418,dashboard_export,6,19,2023-03-01
2233,51,dashboard_export,2,5,2023-03-01
2234,263,data_insights,3,24,2023-04-09
2235,17,data_insights,7,14,2023-06-19
2236,243,data_insights,5,27,2023-03-13
2237,184,dashboard_export,3,50,2023-05-26
2238,500,chat_completion,6,44,2023-01-20
2239,313,chat_completion,3,13,2023-06-18
2240,9,code_assist,4,45,2023-02-15
2241,75,chat_completion,4,15,2023-06-14
2242,183,data_insights,3,46,2023-02-17
2243,155,chat_completion,5,8,2023-03-03
2244,329,code_assist,6,29,2023-03-31
2245,162,dashboard_export,4,34,2023-03-18
2246,146,chat_completion,5,26,2023-05-12
2247,345,chat_completion,6,16,2023-01-04
2248,85,code_assist,5,3,2023-04-08
2249,151,chat_completion,7,10,2023-02-05
2250,69,data_insights,5,38,2023-06-29
2251,138,dashboard_export,3,8,2023-04-26
2252,10,dashboard_export,5,41,2023-01-10
2253,170,chat_completion,5,44,2023-06-17
2254,230,chat_completion,5,25,2023-03-02
2255,348,dashboard_export,7,34,2023-05-06
2256,139,code_assist,4,48,2023-06-04
2257,312,dashboard_export,4,5,2023-04-26
2258,344,data_insights,4,26,2023-05-06
2259,56,data_insights,8,3,2023-04-13
2260,392,dashboard_export,2,7,2023-02-09
2261,463,code_assist,8,23,2023-01-05
2262,224,code_assist,5,25,2023-05-24
2263,168,code_assist,5,2,2023-02-26
2264,170,data_insights,3,30,2023-04-15
2265,433,data_insights,5,48,2023-02-02
2266,376,data_insights,4,18,2023-03-16
2267,313,data_insights,6,49,2023-03-01
2268,111,dashboard_export,3,9,2023-06-12
2269,186,code_assist,2,19,2023-04-07
2270,123,dashboard_export,3,5,2023-01-22
2271,180,code_assist,3,8,2023-04-29
2272,129,chat_completion,7,28,2023-03-03
2273,282,dashboard_export,8,15,2023-04-10
2274,255,data_insights,7,32,2023-06-18
2275,470,dashboard_export,8,47,2023-02-10
2276,144,chat_completion,4,38,2023-05-26
2277,474,code_assist,5,11,2023-03-06
2278,220,data_insights,1,15,2023-04-29
2279,410,data_insights,7,20,2023-04-06
2280,305,chat_completion,5,11,2023-03-15
2281,251,chat_completion,4,35,2023-03-29
2282,108,chat_completion,6,43,2023-01-19
2283,330,code_assist,7,42,2023-04-11
2284,186,data_insights,5,1,2023-03-10
2285,137,chat_completion,4,14,2023-05-12
2286,147,data_insights,3,21,2023-06-11
2287,34,dashboard_export,4,10,2023-06-20
2288,361,code_assist,5,7,2023-03-29
2289,173,dashboard_export,4,3,2023-05-08
2290,436,dashboard_export,5,24,2023-02-12
2291,36,chat_completion,8,35,2023-03-09
2292,13,dashboard_export,10,39,2023-02-07
2293,475,code_assist,2,5,2023-04-08
2294,244,data_insights,6,37,2023-06-02
2295,14,chat_completion,4,29,2023-05-22
2296,287,chat_completion,4,18,2023-06-01
2297,69,code_assist,7,36,2023-04-11
2298,146,code_assist,3,28,2023-05-01
2299,173,data_insights,9,3,2023-03-10
2300,450,code_assist,4,37,2023-03-08
2301,263,data_insights,6,7,2023-01-06
2302,458,dashboard_export,8,2,2023-05-12
2303,326,code_assist,4,25,2023-03-17
2304,92,chat_completion,4,10,2023-03-02
2305,429,code_assist,7,42,2023-03-17
2306,416,code_assist,2,45,2023-03-19
2307,406,data_insights,6,50,2023-06-15
2308,172,code_assist,5,20,2023-05-11
2309,494,data_insights,3,25,2023-05-06
2310,367,data_insights,1,9,2023-01-22
2311,499,dashboard_export,6,28,2023-05-04
2312,339,chat_completion,1,11,2023-01-17
2313,405,data_insights,5,19,2023-06-16
2314,225,chat_completion,10,19,2023-03-08
2315,242,chat_completion,4,21,2023-06-26
2316,305,dashboard_export,2,25,2023-05-29
2317,128,code_assist,4,38,2023-06-06
2318,307,data_insights,2,50,2023-06-25
2319,233,data_insights,2,49,2023-02-06
2320,286,code_assist,5,38,2023-05-04
2321,414,data_insights,6,26,2023-01-11
2322,256,dashboard_export,8,45,2023-03-31
2323,224,data_insights,10,13,2023-01-31
2324,435,data_insights,8,17,2023-05-20
2325,88,chat_completion,8,35,2023-01-14
2326,256,data_insights,4,1,2023-05-06
2327,162,data_insights,6,10,2023-06-11
2328,153,data_insights,6,38,2023-01-13
2329,275,dashboard_export,3,1,2023-04-05
2330,43,dashboard_export,5,3,2023-04-09
2331,64,dashboard_export,3,2,2023-06-20
2332,477,chat_completion,5,10,2023-06-11
2333,409,data_insights,10,33,2023-04-28
2334,224,code_assist,0,10,2023-01-14
2335,329,code_assist,4,24,2023-03-07
2336,395,chat_completion,3,8,2023-05-10
2337,173,data_insights,8,8,2023-03-04
2338,173,code_assist,2,17,2023-06-02
2339,227,dashboard_export,1,1,2023-01-17
2340,260,code_assist,4,2,2023-02-19
2341,7,dashboard_export,4,43,2023-02-14
2342,481,dashboard_export,3,36,2023-06-29
2343,97,data_insights,3,46,2023-03-03
2344,303,data_insights,8,23,2023-03-05
2345,54,chat_completion,4,35,2023-04-05
2346,469,data_insights,8,38,2023-03-03
2347,340,dashboard_export,3,36,2023-05-10
2348,244,dashboard_export,4,3,2023-03-14
2349,393,dashboard_export,5,8,2023-04-06
2350,217,code_assist,7,42,2023-06-27
2351,114,dashboard_export,2,26,2023-03-01
2352,378,data_insights,5,4,2023-05-27
2353,338,dashboard_export,6,50,2023-02-01
2354,127,code_assist,3,1,2023-01-08
2355,22,chat_completion,9,42,2023-05-10
2356,305,code_assist,6,39,2023-06-23
2357,381,dashboard_export,6,44,2023-05-15
2358,19,chat_completion,9,45,2023-01-22
2359,452,data_insights,4,10,2023-01-16
2360,401,chat_completion,3,50,2023-02-16
2361,188,dashboard_export,5,32,2023-06-24
2362,15,code_assist,2,11,2023-01-17
2363,91,dashboard_export,3,17,2023-02-01
2364,29,data_insights,10,36,2023-02-17
2365,428,chat_completion,13,36,2023-02-10
2366,7,chat_completion,6,34,2023-04-21
2367,373,chat_completion,1,32,2023-03-10
2368,365,code_assist,7,21,2023-04-12
2369,398,chat_completion,5,39,2023-06-11
2370,9,chat_completion,8,14,2023-01-15
2371,346,dashboard_export,2,1,2023-03-05
2372,447,data_insights,7,13,2023-02-03
2373,3,chat_completion,4,35,2023-01-31
2374,387,code_assist,10,34,2023-01-19
2375,357,dashboard_export,4,27,2023-06-20
2376,217,data_insights,1,29,2023-03-08
2377,250,code_assist,4,6,2023-02-17
2378,13,code_assist,1,28,2023-02-27
2379,298,chat_completion,3,13,2023-03-06
2380,389,chat_completion,6,47,2023-02-08
2381,361,dashboard_export,1,36,2023-01-17
2382,7,chat_completion,7,31,2023-04-16
2383,35,data_insights,6,34,2023-06-09
2384,11,chat_completion,5,42,2023-05-15
2385,437,data_insights,6,18,2023-01-04
2386,144,dashboard_export,6,47,2023-04-25
2387,361,data_insights,6,45,2023-04-30
2388,296,dashboard_export,3,37,2023-03-29
2389,428,code_assist,6,10,2023-05-19
2390,368,data_insights,5,21,2023-05-19
2391,458,code_assist,6,12,2023-04-05
2392,428,chat_completion,7,41,2023-05-03
2393,392,code_assist,9,31,2023-04-14
2394,339,chat_completion,6,8,2023-03-30
2395,483,data_insights,5,42,2023-01-28
2396,424,chat_completion,5,6,2023-04-03
2397,143,data_insights,6,26,2023-05-27
2398,427,dashboard_export,6,18,2023-06-21
2399,456,code_assist,5,29,2023-02-24
2400,160,code_assist,2,42,2023-01-01
2401,213,code_assist,7,16,2023-01-30
2402,183,data_insights,6,9,2023-03-10
2403,306,dashboard_export,3,9,2023-01-05
2404,57,dashboard_export,4,30,2023-02-17
2405,406,code_assist,3,48,2023-05-22
2406,332,chat_completion,8,38,2023-01-09
2407,271,dashboard_export,8,46,2023-01-30
2408,425,code_assist,3,38,2023-06-11
2409,41,dashboard_export,11,43,2023-05-16
2410,190,chat_completion,5,18,2023-01-08
2411,434,data_insights,5,1,2023-01-30
2412,276,dashboard_export,3,11,2023-04-27
2413,221,data_insights,0,42,2023-05-27
2414,474,data_insights,5,42,2023-04-20
2415,338,code_assist,4,9,2023-03-03
2416,149,dashboard_export,3,1,2023-01-11
2417,83,data_insights,2,20,2023-04-16
2418,122,chat_completion,4,24,2023-06-15
2419,418,chat_completion,6,39,2023-04-12
2420,225,data_insights,7,47,2023-02-15
2421,11,chat_completion,6,40,2023-04-17
2422,475,chat_completion,1,9,2023-04-19
2423,380,code_assist,3,7,2023-03-07
2424,462,code_assist,5,39,2023-05-22
2425,422,dashboard_export,0,9,2023-04-13
2426,119,dashboard_export,5,38,2023-06-13
2427,196,code_assist,4,48,2023-01-28
2428,282,code_assist,5,24,2023-04-14
2429,383,data_insights,7,29,2023-01-08
2430,200,data_insights,3,43,2023-05-17
2431,3,dashboard_export,6,48,2023-04-17
2432,216,code_assist,8,24,2023-02-20
2433,421,dashboard_export,6,3,2023-04-01
2434,29,code_assist,7,1,2023-05-05
2435,60,data_insights,4,18,2023-04-24
2436,424,data_insights,3,3,2023-04-27
2437,232,chat_completion,8,19,2023-06-29
2438,75,data_insights,9,11,2023-02-23
2439,90,data_insights,5,13,2023-04-11
2440,377,data_insights,4,45,2023-01-20
2441,453,data_insights,7,13,2023-05-20
2442,283,data_insights,6,41,2023-02-15
2443,4,chat_completion,3,34,2023-02-17
2444,98,data_insights,8,10,2023-02-26
2445,149,data_insights,3,1,2023-02-06
2446,458,dashboard_export,1,10,2023-06-01
2447,238,data_insights,7,6,2023-01-15
2448,235,data_insights,3,42,2023-02-16
2449,82,dashboard_export,7,45,2023-03-19
2450,456,code_assist,1,41,2023-04-24
2451,70,code_assist,4,15,2023-06-08
2452,205,data_insights,3,25,2023-01-09
2453,66,dashboard_export,4,13,2023-01-09
2454,261,code_assist,3,50,2023-05-18
2455,132,data_insights,5,48,2023-05-03
2456,484,chat_completion,7,21,2023-05-05
2457,461,dashboard_export,3,10,2023-02-07
2458,380,chat_completion,3,38,2023-06-11
2459,311,data_insights,3,10,2023-04-03
2460,152,code_assist,5,28,2023-06-19
2461,82,data_insights,7,36,2023-02-22
2462,264,code_assist,6,45,2023-03-24
2463,290,chat_completion,5,12,2023-05-22
2464,192,code_assist,9,29,2023-03-11
2465,309,chat_completion,7,24,2023-01-19
2466,411,data_insights,5,32,2023-01-02
2467,117,code_assist,4,29,2023-03-05
2468,102,dashboard_export,3,10,2023-05-18
2469,408,data_insights,6,25,2023-05-27
2470,138,data_insights,7,29,2023-03-23
2471,204,data_insights,4,20,2023-01-11
2472,206,chat_completion,4,48,2023-05-22
2473,263,data_insights,5,42,2023-04-26
2474,112,dashboard_export,4,1,2023-04-23
2475,201,code_assist,12,19,2023-05-03
2476,391,chat_completion,6,24,2023-01-26
2477,446,chat_completion,5,29,2023-01-25
2478,442,chat_completion,3,40,2023-03-28
2479,91,data_insights,3,12,2023-06-12
2480,430,dashboard_export,4,46,2023-01-11
2481,328,code_assist,6,15,2023-04-27
2482,158,chat_completion,6,33,2023-02-16
2483,182,data_insights,4,35,2023-05-21
2484,303,chat_completion,4,47,2023-03-11
2485,162,dashboard_export,3,49,2023-02-06
2486,10,data_insights,5,13,2023-05-24
2487,386,dashboard_export,6,48,2023-02-14
2488,230,dashboard_export,4,40,2023-04-22
2489,244,code_assist,8,3,2023-02-28
2490,87,code_assist,6,49,2023-04-14
2491,48,data_insights,3,34,2023-03-24
2492,392,dashboard_export,4,17,2023-06-14
2493,190,data_insights,5,3,2023-03-10
2494,32,chat_completion,5,23,2023-02-05
2495,442,code_assist,3,36,2023-02-02
2496,268,code_assist,8,34,2023-02-28
2497,354,dashboard_export,4,12,2023-04-12
2498,293,dashboard_export,5,6,2023-06-28
2499,30,code_assist,2,11,2023-04-19
2500,21,data_insights,5,2,2023-01-23
2501,199,code_assist,11,31,2023-01-06
2502,125,code_assist,2,14,2023-05-07
2503,127,chat_completion,5,9,2023-04-29
2504,337,chat_completion,4,32,2023-01-30
2505,114,dashboard_export,4,13,2023-06-16
2506,439,chat_completion,4,45,2023-05-30
2507,32,code_assist,8,1,2023-02-06
2508,443,chat_completion,4,35,2023-05-26
2509,79,code_assist,7,27,2023-02-24
2510,314,chat_completion,2,26,2023-01-25
2511,172,dashboard_export,6,14,2023-06-02
2512,245,dashboard_export,2,15,2023-03-01
2513,358,data_insights,3,37,2023-03-10
2514,252,data_insights,10,30,2023-04-08
2515,57,chat_completion,0,39,2023-01-27
2516,109,dashboard_export,6,40,2023-02-27
2517,460,chat_completion,4,46,2023-05-09
2518,51,data_insights,4,32,2023-05-26
2519,261,code_assist,5,19,2023-04-06
2520,116,dashboard_export,2,47,2023-05-04
2521,381,code_assist,8,43,2023-05-09
2522,243,dashboard_export,2,40,2023-05-27
2523,166,dashboard_export,8,24,2023-05-17
2524,76,code_assist,5,15,2023-01-23
2525,384,dashboard_export,8,12,2023-06-12
2526,365,code_assist,8,41,2023-05-13
2527,451,data_insights,3,44,2023-03-27
2528,222,chat_completion,7,40,2023-06-28
2529,51,code_assist,1,10,2023-06-27
2530,119,data_insights,2,36,2023-03-31
2531,186,data_insights,6,40,2023-01-11
2532,299,code_assist,10,26,2023-05-06
2533,337,code_assist,2,12,2023-03-13
2534,452,chat_completion,2,15,2023-02-07
2535,464,code_assist,1,41,2023-06-28
2536,345,chat_completion,2,25,2023-05-20
2537,245,chat_completion,3,6,2023-06-18
2538,466,dashboard_export,3,7,2023-04-08
2539,327,code_assist,6,7,2023-01-01
2540,279,code_assist,6,33,2023-06-21
2541,204,dashboard_export,4,1,2023-03-29
2542,246,chat_completion,10,29,2023-02-12
2543,306,chat_completion,6,35,2023-06-07
2544,141,chat_completion,10,3,2023-03-04
2545,285,data_insights,3,48,2023-04-17
2546,5,chat_completion,6,29,2023-05-26
2547,468,code_assist,2,20,2023-03-11
2548,78,code_assist,1,23,2023-01-01
2549,311,code_assist,4,26,2023-06-24
2550,7,data_insights,3,37,2023-04-15
2551,84,chat_completion,9,35,2023-02-12
2552,70,dashboard_export,4,7,2023-03-20
2553,253,code_assist,4,50,2023-05-27
2554,484,data_insights,3,24,2023-01-30
2555,472,chat_completion,1,13,2023-05-08
2556,184,data_insights,4,46,2023-04-06
2557,353,chat_completion,2,39,2023-02-07
2558,173,dashboard_export,4,9,2023-04-05
2559,134,chat_completion,6,22,2023-05-16
2560,213,dashboard_export,6,48,2023-05-08
2561,406,dashboard_export,3,29,2023-05-31
2562,446,dashboard_export,5,42,2023-01-21
2563,338,dashboard_export,9,17,2023-04-12
2564,5,chat_completion,10,24,2023-01-04
2565,204,code_assist,1,15,2023-02-25
2566,66,data_insights,5,29,2023-06-04
2567,48,chat_completion,1,35,2023-04-09
2568,368,data_insights,4,47,2023-02-09
2569,19,code_assist,3,13,2023-03-25
2570,9,data_insights,7,24,2023-04-25
2571,493,code_assist,10,24,2023-03-17
2572,161,data_insights,4,8,2023-01-03
2573,313,code_assist,4,21,2023-01-18
2574,63,code_assist,2,34,2023-05-27
2575,108,code_assist,9,7,2023-03-24
2576,4,code_assist,6,22,2023-05-24
2577,134,code_assist,14,45,2023-04-05
2578,312,chat_completion,5,10,2023-04-27
2579,140,code_assist,6,30,2023-04-05
2580,391,data_insights,4,26,2023-06-21
2581,358,data_insights,7,21,2023-02-17
2582,432,code_assist,6,12,2023-05-29
2583,163,dashboard_export,7,9,2023-01-10
2584,189,data_insights,6,34,2023-02-15
2585,379,data_insights,4,43,2023-01-18
2586,225,code_assist,3,34,2023-03-07
2587,452,code_assist,10,43,2023-03-17
2588,283,chat_completion,5,21,2023-05-31
2589,271,code_assist,2,37,2023-03-20
2590,75,dashboard_export,7,27,2023-06-20
2591,17,chat_completion,8,27,2023-02-07
2592,303,dashboard_export,2,10,2023-02-03
2593,416,dashboard_export,5,2,2023-05-20
2594,268,dashboard_export,10,9,2023-04-03
2595,276,chat_completion,6,2,2023-04-10
2596,30,data_insights,4,45,2023-01-20
2597,75,code_assist,5,2,2023-02-11
2598,379,chat_completion,4,29,2023-03-19
2599,141,dashboard_export,3,17,2023-04-17
2600,352,code_assist,6,24,2023-05-01
2601,127,chat_completion,2,35,2023-01-17
2602,105,dashboard_export,3,33,2023-03-26
2603,347,chat_completion,4,26,2023-01-15
2604,490,data_insights,5,31,2023-05-08
2605,308,dashboard_export,5,37,2023-05-03
2606,210,code_assist,2,21,2023-04-21
2607,451,dashboard_export,2,26,2023-02-14
2608,326,chat_completion,2,35,2023-01-18
2609,217,dashboard_export,6,42,2023-01-18
2610,438,data_insights,6,10,2023-05-25
2611,110,dashboard_export,5,31,2023-05-25
2612,413,chat_completion,7,38,2023-06-15
2613,89,code_assist,4,48,2023-02-17
2614,118,chat_completion,4,39,2023-01-17
2615,214,dashboard_export,4,39,2023-04-26
2616,308,dashboard_export,1,8,2023-01-22
2617,269,code_assist,3,29,2023-01-06
2618,115,data_insights,4,28,2023-04-01
2619,177,dashboard_export,5,19,2023-02-02
2620,313,dashboard_export,9,10,2023-05-06
2621,366,chat_completion,4,11,2023-02-04
2622,97,code_assist,6,20,2023-06-28
2623,102,code_assist,5,43,2023-01-14
2624,409,code_assist,3,24,2023-02-03
2625,210,data_insights,10,12,2023-05-22
2626,252,chat_completion,3,23,2023-01-26
2627,334,dashboard_export,5,16,2023-05-18
2628,152,dashboard_export,6,35,2023-05-10
2629,8,chat_completion,8,9,2023-02-03
2630,432,dashboard_export,4,13,2023-04-22
2631,477,data_insights,4,42,2023-05-06
2632,392,data_insights,5,13,2023-02-24
2633,305,data_insights,9,46,2023-03-13
2634,372,data_insights,5,31,2023-02-20
2635,77,dashboard_export,3,35,2023-04-23
2636,188,code_assist,4,7,2023-02-17
2637,36,data_insights,7,28,2023-06-11
2638,270,data_insights,3,4,2023-05-17
2639,147,code_assist,5,44,2023-05-25
2640,18,code_assist,3,11,2023-04-11
2641,256,chat_completion,7,38,2023-05-07
2642,214,code_assist,6,16,2023-06-03
2643,486,dashboard_export,2,25,2023-04-22
2644,443,code_assist,5,27,2023-03-29
2645,460,dashboard_export,3,15,2023-03-31
2646,291,chat_completion,3,33,2023-06-25
2647,12,data_insights,4,44,2023-06-22
2648,124,code_assist,7,16,2023-05-28
2649,408,code_assist,5,12,2023-06-18
2650,422,code_assist,4,13,2023-03-26
2651,317,code_assist,7,34,2023-04-18
2652,302,dashboard_export,4,5,2023-05-17
2653,484,code_assist,3,14,2023-03-26
2654,493,dashboard_export,2,31,2023-02-20
2655,66,data_insights,4,43,2023-03-15
2656,88,code_assist,3,35,2023-03-12
2657,149,data_insights,5,3,2023-02-10
2658,178,dashboard_export,6,20,2023-02-22
2659,87,code_assist,2,8,2023-03-07
2660,334,chat_completion,9,20,2023-01-03
2661,291,chat_completion,1,19,2023-01-29
2662,70,dashboard_export,4,23,2023-06-07
2663,24,data_insights,4,11,2023-04-27
2664,491,chat_completion,4,18,2023-01-25
2665,496,dashboard_export,2,22,2023-05-06
2666,69,dashboard_export,3,10,2023-05-14
2667,41,code_assist,3,46,2023-02-02
2668,1,code_assist,4,35,2023-06-08
2669,115,chat_completion,5,48,2023-05-08
2670,59,dashboard_export,3,6,2023-05-10
2671,128,chat_completion,11,20,2023-05-31
2672,116,chat_completion,5,47,2023-01-23
2673,355,chat_completion,7,38,2023-01-06
2674,73,chat_completion,4,34,2023-04-02
2675,217,chat_completion,5,24,2023-04-14
2676,2,dashboard_export,6,1,2023-03-14
2677,172,chat_completion,7,34,2023-02-25
2678,366,chat_completion,2,34,2023-03-18
2679,105,data_insights,2,41,2023-04-02
2680,290,data_insights,6,18,2023-03-02
2681,53,data_insights,5,42,2023-02-27
2682,484,chat_completion,7,21,2023-05-21
2683,107,chat_completion,5,15,2023-02-04
2684,471,data_insights,4,16,2023-04-11
2685,95,chat_completion,8,47,2023-06-25
2686,429,data_insights,4,38,2023-01-05
2687,304,data_insights,10,45,2023-01-03
2688,393,dashboard_export,3,22,2023-06-08
2689,325,chat_completion,8,8,2023-04-17
2690,130,dashboard_export,8,3,2023-04-18
2691,399,code_assist,8,1,2023-01-19
2692,472,code_assist,2,41,2023-06-19
2693,52,code_assist,9,24,2023-06-12
2694,465,data_insights,5,28,2023-02-23
2695,136,chat_completion,6,18,2023-03-14
2696,95,data_insights,12,38,2023-01-15
2697,120,chat_completion,3,27,2023-02-04
2698,469,data_insights,6,47,2023-02-21
2699,250,chat_completion,2,32,2023-04-10
2700,100,data_insights,4,34,2023-04-12
2701,108,data_insights,2,47,2023-03-18
2702,471,chat_completion,0,9,2023-05-10
2703,111,code_assist,6,24,2023-02-16
2704,487,code_assist,5,42,2023-04-10
2705,56,chat_completion,3,38,2023-01-25
2706,269,data_insights,3,46,2023-04-26
2707,14,data_insights,8,38,2023-02-15
2708,32,data_insights,5,26,2023-01-06
2709,355,dashboard_export,5,20,2023-05-10
2710,475,code_assist,4,7,2023-04-20
2711,343,data_insights,4,15,2023-06-29
2712,315,code_assist,4,7,2023-02-02
2713,410,data_insights,6,23,2023-01-01
2714,406,dashboard_export,2,40,2023-02-07
2715,185,data_insights,4,29,2023-01-06
2716,64,data_insights,3,31,2023-06-12
2717,425,code_assist,9,34,2023-06-09
2718,205,chat_completion,4,23,2023-01-21
2719,280,data_insights,8,15,2023-05-19
2720,318,chat_completion,6,32,2023-05-20
2721,313,code_assist,10,37,2023-04-10
2722,249,dashboard_export,8,20,2023-06-14
2723,166,chat_completion,9,29,2023-04-27
2724,51,chat_completion,8,20,2023-02-02
2725,101,data_insights,5,20,2023-01-10
2726,308,data_insights,6,48,2023-06-11
2727,450,data_insights,3,7,2023-02-06
2728,358,data_insights,4,34,2023-06-06
2729,391,chat_completion,4,1,2023-04-02
2730,230,chat_completion,1,34,2023-05-01
2731,276,code_assist,9,15,2023-03-12
2732,68,data_insights,5,3,2023-02-15
2733,164,code_assist,5,3,2023-04-15
2734,408,chat_completion,4,11,2023-05-08
2735,355,chat_completion,4,24,2023-06-06
2736,157,code_assist,7,30,2023-01-04
2737,395,chat_completion,11,39,2023-06-09
2738,373,chat_completion,6,18,2023-03-05
2739,83,dashboard_export,2,33,2023-05-13
2740,47,chat_completion,7,31,2023-04-05
2741,272,chat_completion,5,41,2023-05-27
2742,70,data_insights,2,2,2023-04-20
2743,206,dashboard_export,0,9,2023-04-21
2744,124,code_assist,10,33,2023-01-25
2745,368,chat_completion,3,21,2023-04-09
2746,175,data_insights,10,16,2023-05-12
2747,287,code_assist,4,4,2023-02-03
2748,265,code_assist,7,21,2023-02-26
2749,141,chat_completion,8,37,2023-02-24
2750,427,data_insights,2,10,2023-03-12
2751,24,chat_completion,8,2,2023-03-20
2752,103,data_insights,3,22,2023-03-14
2753,330,chat_completion,4,18,2023-01-11
2754,306,code_assist,3,35,2023-06-25
2755,170,data_insights,8,27,2023-03-26
2756,159,dashboard_export,3,14,2023-06-07
2757,249,code_assist,5,11,2023-03-10
2758,270,dashboard_export,8,21,2023-02-01
2759,144,data_insights,3,28,2023-04-24
2760,333,data_insights,7,25,2023-05-13
2761,282,code_assist,4,27,2023-05-15
2762,200,code_assist,7,5,2023-01-30
2763,152,dashboard_export,4,8,2023-02-13
2764,380,code_assist,4,45,2023-06-02
2765,203,code_assist,6,40,2023-05-16
2766,246,code_assist,5,3,2023-06-14
2767,18,data_insights,5,8,2023-06-22
2768,105,code_assist,6,10,2023-04-01
2769,258,chat_completion,7,38,2023-06-29
2770,234,code_assist,3,45,2023-04-12
2771,375,chat_completion,4,31,2023-02-02
2772,189,code_assist,5,20,2023-03-03
2773,478,chat_completion,6,47,2023-06-29
2774,61,data_insights,2,37,2023-03-08
2775,364,dashboard_export,7,4,2023-01-26
2776,312,dashboard_export,7,30,2023-06-15
2777,315,chat_completion,1,49,2023-05-28
2778,1,dashboard_export,2,44,2023-06-25
2779,256,chat_completion,5,3,2023-01-20
2780,326,code_assist,3,33,2023-02-23
2781,11,chat_completion,2,43,2023-04-25
2782,194,code_assist,6,21,2023-01-05
2783,142,code_assist,1,24,2023-04-23
2784,479,code_assist,3,9,2023-06-23
2785,98,data_insights,5,26,2023-03-02
2786,353,data_insights,4,4,2023-03-22
2787,160,chat_completion,6,27,2023-06-25
2788,179,chat_completion,5,47,2023-04-21
2789,334,dashboard_export,5,38,2023-03-01
2790,134,data_insights,6,49,2023-04-10
2791,42,dashboard_export,0,47,2023-03-11
2792,292,dashboard_export,2,36,2023-05-02
2793,119,dashboard_export,4,10,2023-01-10
2794,97,data_insights,5,48,2023-06-26
2795,204,data_insights,5,11,2023-02-21
2796,281,data_insights,5,17,2023-04-11
2797,459,chat_completion,6,41,2023-02-16
2798,376,code_assist,2,29,2023-06-29
2799,259,dashboard_export,6,32,2023-01-15
2800,75,dashboard_export,3,9,2023-04-11
2801,342,chat_completion,7,14,2023-05-23
2802,317,code_assist,5,4,2023-01-20
2803,422,dashboard_export,5,32,2023-01-30
2804,351,dashboard_export,4,41,2023-02-19
2805,396,code_assist,8,22,2023-02-14
2806,150,chat_completion,5,43,2023-01-08
2807,111,dashboard_export,5,36,2023-06-20
2808,26,data_insights,5,6,2023-05-05
2809,107,chat_completion,2,13,2023-03-29
2810,429,code_assist,5,18,2023-03-08
2811,52,data_insights,3,1,2023-06-20
2812,435,data_insights,5,27,2023-04-17
2813,458,chat_completion,3,30,2023-01-13
2814,76,chat_completion,7,46,2023-01-28
2815,363,dashboard_export,6,44,2023-03-22
2816,412,dashboard_export,6,42,2023-04-07
2817,499,dashboard_export,6,12,2023-03-23
2818,441,dashboard_export,5,37,2023-01-06
2819,117,code_assist,7,19,2023-01-27
2820,132,dashboard_export,4,15,2023-01-16
2821,297,dashboard_export,4,7,2023-01-17
2822,173,data_insights,7,7,2023-05-29
2823,260,data_insights,7,19,2023-06-21
2824,441,code_assist,3,34,2023-04-03
2825,99,code_assist,2,31,2023-06-03
2826,246,dashboard_export,12,9,2023-04-15
2827,216,code_assist,2,5,2023-02-06
2828,161,chat_completion,8,18,2023-03-29
2829,119,code_assist,2,39,2023-03-15
2830,111,code_assist,5,15,2023-04-03
2831,100,chat_completion,4,40,2023-03-30
2832,24,data_insights,5,5,2023-01-21
2833,449,chat_completion,6,33,2023-04-03
2834,125,data_insights,8,42,2023-01-24
2835,274,code_assist,8,39,2023-05-09
2836,472,code_assist,10,5,2023-03-11
2837,19,data_insights,10,23,2023-06-02
2838,349,dashboard_export,8,40,2023-06-15
2839,475,data_insights,9,29,2023-05-30
2840,351,chat_completion,5,15,2023-02-03
2841,32,chat_completion,3,32,2023-04-07
2842,42,dashboard_export,4,28,2023-05-13
2843,158,code_assist,7,6,2023-06-18
2844,302,data_insights,6,27,2023-01-17
2845,444,data_insights,6,40,2023-02-23
2846,275,chat_completion,4,10,2023-01-23
2847,127,dashboard_export,4,1,2023-02-14
2848,168,code_assist,5,43,2023-01-04
2849,105,code_assist,3,21,2023-05-02
2850,26,code_assist,2,24,2023-01-18
2851,485,data_insights,7,30,2023-04-15
2852,397,chat_completion,2,18,2023-06-15
2853,143,dashboard_export,7,23,2023-01-24
2854,469,code_assist,6,44,2023-01-24
2855,42,data_insights,4,37,2023-05-30
2856,208,dashboard_export,4,1,2023-02-19
2857,145,code_assist,2,22,2023-02-15
2858,425,code_assist,8,40,2023-06-09
2859,326,chat_completion,5,33,2023-02-04
2860,358,code_assist,5,27,2023-02-01
2861,296,dashboard_export,9,31,2023-04-25
2862,116,dashboard_export,2,21,2023-04-16
2863,271,data_insights,5,25,2023-06-28
2864,461,data_insights,4,46,2023-01-28
2865,40,chat_completion,5,50,2023-01-26
2866,219,dashboard_export,3,29,2023-03-24
2867,115,data_insights,6,48,2023-04-21
2868,7,dashboard_export,3,14,2023-04-07
2869,301,chat_completion,5,26,2023-02-06
2870,266,data_insights,4,21,2023-04-19
2871,55,data_insights,7,38,2023-06-22
2872,57,dashboard_export,3,32,2023-05-28
2873,338,chat_completion,4,40,2023-02-18
2874,220,chat_completion,7,21,2023-03-19
2875,200,dashboard_export,3,49,2023-04-25
2876,497,dashboard_export,5,4,2023-06-23
2877,378,dashboard_export,5,50,2023-01-09
2878,373,data_insights,4,23,2023-02-11
2879,55,chat_completion,1,34,2023-02-25
2880,100,dashboard_export,5,1,2023-02-16
2881,473,code_assist,4,6,2023-05-16
2882,28,code_assist,7,1,2023-03-02
2883,94,code_assist,4,12,2023-01-30
2884,155,code_assist,5,9,2023-03-10
2885,157,chat_completion,2,24,2023-03-17
2886,355,dashboard_export,3,21,2023-05-18
2887,57,data_insights,4,11,2023-02-05
2888,197,data_insights,8,43,2023-04-27
2889,390,data_insights,3,22,2023-03-23
2890,384,data_insights,9,45,2023-05-08
2891,483,dashboard_export,2,15,2023-06-14
2892,197,code_assist,1,38,2023-02-08
2893,344,chat_completion,7,2,2023-06-18
2894,482,data_insights,6,16,2023-01-18
2895,410,data_insights,4,48,2023-05-30
2896,474,dashboard_export,5,10,2023-05-24
2897,332,chat_completion,6,14,2023-02-09
2898,104,chat_completion,2,11,2023-02-18
2899,176,data_insights,11,28,2023-05-11
2900,397,dashboard_export,6,23,2023-02-07
2901,414,data_insights,6,21,2023-01-12
2902,287,data_insights,5,38,2023-04-13
2903,302,chat_completion,3,14,2023-05-06
2904,204,chat_completion,6,12,2023-04-14
2905,202,dashboard_export,6,36,2023-02-12
2906,266,dashboard_export,4,15,2023-04-04
2907,376,code_assist,3,13,2023-05-30
2908,379,dashboard_export,7,10,2023-06-18
2909,271,dashboard_export,7,8,2023-05-14
2910,157,dashboard_export,3,17,2023-06-17
2911,390,dashboard_export,6,4,2023-05-21
2912,195,data_insights,3,35,2023-01-15
2913,391,data_insights,6,11,2023-01-08
2914,342,chat_completion,5,25,2023-04-18
2915,73,code_assist,7,8,2023-02-23
2916,71,chat_completion,3,38,2023-06-14
2917,267,dashboard_export,4,4,2023-06-29
2918,277,code_assist,9,45,2023-04-09
2919,268,data_insights,5,2,2023-05-28
2920,348,code_assist,6,46,2023-02-02
2921,182,dashboard_export,4,13,2023-06-28
2922,336,code_assist,4,16,2023-01-27
2923,399,data_insights,3,17,2023-02-12
2924,248,code_assist,1,27,2023-05-31
2925,479,dashboard_export,7,48,2023-05-02
2926,100,dashboard_export,2,44,2023-05-14
2927,369,dashboard_export,3,2,2023-02-24
2928,185,code_assist,7,33,2023-06-01
2929,220,chat_completion,9,6,2023-06-04
2930,360,data_insights,4,29,2023-02-18
2931,311,data_insights,10,28,2023-04-14
2932,311,chat_completion,12,28,2023-04-14
2933,119,code_assist,11,4,2023-05-27
2934,132,chat_completion,3,32,2023-04-21
2935,246,data_insights,7,22,2023-03-12
2936,8,chat_completion,6,9,2023-05-11
2937,321,dashboard_export,5,40,2023-03-08
2938,119,code_assist,3,48,2023-04-09
2939,92,data_insights,2,10,2023-06-08
2940,467,code_assist,5,13,2023-02-27
2941,258,dashboard_export,2,24,2023-06-10
2942,197,dashboard_export,4,30,2023-06-22
2943,444,data_insights,9,14,2023-03-16
2944,154,dashboard_export,3,41,2023-04-16
2945,170,chat_completion,8,12,2023-06-16
2946,435,dashboard_export,4,23,2023-06-12
2947,212,dashboard_export,7,14,2023-02-13
2948,307,code_assist,5,32,2023-05-17
2949,266,dashboard_export,5,50,2023-01-01
2950,28,chat_completion,6,4,2023-02-28
2951,399,dashboard_export,6,16,2023-06-20
2952,192,dashboard_export,3,29,2023-06-10
2953,446,chat_completion,4,42,2023-06-11
2954,186,data_insights,4,43,2023-05-10
2955,264,chat_completion,4,32,2023-03-19
2956,196,code_assist,6,17,2023-03-10
2957,163,data_insights,7,18,2023-06-22
2958,108,code_assist,4,47,2023-05-12
2959,432,dashboard_export,4,12,2023-01-04
2960,154,data_insights,5,36,2023-03-24
2961,399,dashboard_export,4,21,2023-05-01
2962,76,code_assist,5,45,2023-01-01
2963,242,code_assist,7,45,2023-01-03
2964,359,dashboard_export,3,13,2023-01-31
2965,398,dashboard_export,5,12,2023-06-27
2966,215,dashboard_export,7,48,2023-04-11
2967,299,dashboard_export,1,38,2023-03-02
2968,247,code_assist,7,7,2023-04-28
2969,178,dashboard_export,8,30,2023-06-18
2970,242,data_insights,6,31,2023-05-08
2971,122,dashboard_export,6,29,2023-02-07
2972,185,dashboard_export,0,44,2023-04-05
2973,136,dashboard_export,9,24,2023-03-15
2974,465,code_assist,7,49,2023-06-05
2975,366,dashboard_export,1,27,2023-01-07
2976,21,dashboard_export,7,31,2023-01-15
2977,240,data_insights,4,38,2023-02-04
2978,317,chat_completion,6,16,2023-02-02
2979,451,data_insights,5,39,2023-02-17
2980,46,chat_completion,5,38,2023-06-29
2981,141,code_assist,6,3,2023-02-27
2982,89,code_assist,5,50,2023-05-08
2983,289,dashboard_export,7,22,2023-05-07
2984,241,data_insights,8,22,2023-05-08
2985,348,data_insights,5,18,2023-04-01
2986,125,chat_completion,5,48,2023-01-05
2987,137,chat_completion,6,33,2023-05-21
2988,151,dashboard_export,6,27,2023-03-02
2989,101,code_assist,8,34,2023-04-10
2990,319,dashboard_export,7,12,2023-01-12
2991,270,dashboard_export,5,17,2023-01-14
2992,238,code_assist,8,32,2023-03-27
2993,229,code_assist,4,43,2023-01-26
2994,56,chat_completion,6,27,2023-04-03
2995,224,chat_completion,3,44,2023-04-16
2996,335,dashboard_export,4,33,2023-03-09
2997,36,dashboard_export,4,44,2023-03-02
2998,296,dashboard_export,6,35,2023-03-21
2999,326,chat_completion,8,27,2023-05-02
3000,269,data_insights,6,49,2023-04-15
3001,152,data_insights,8,41,2023-02-22
3002,293,data_insights,6,27,2023-04-10
3003,227,code_assist,4,30,2023-04-13
3004,27,code_assist,5,36,2023-03-01
3005,389,dashboard_export,5,39,2023-05-11
3006,409,dashboard_export,6,14,2023-06-10
3007,424,dashboard_export,4,6,2023-05-03
3008,303,data_insights,7,16,2023-03-25
3009,287,chat_completion,7,9,2023-02-24
3010,490,code_assist,4,5,2023-03-28
3011,56,chat_completion,1,8,2023-04-13
3012,188,code_assist,9,33,2023-06-23
3013,278,dashboard_export,5,36,2023-05-24
3014,300,dashboard_export,2,11,2023-04-05
3015,341,code_assist,4,13,2023-03-02
3016,187,chat_completion,6,1,2023-05-08
3017,346,data_insights,6,45,2023-04-05
3018,356,data_insights,4,7,2023-02-27
3019,54,dashboard_export,9,28,2023-05-18
3020,163,data_insights,8,18,2023-04-15
3021,207,dashboard_export,6,9,2023-02-26
3022,246,code_assist,6,38,2023-01-01
3023,495,chat_completion,3,14,2023-01-25
3024,36,dashboard_export,5,13,2023-02-23
3025,124,chat_completion,2,25,2023-01-13
3026,371,chat_completion,5,17,2023-03-21
3027,404,data_insights,3,42,2023-04-29
3028,153,chat_completion,6,15,2023-05-28
3029,124,chat_completion,5,10,2023-05-17
3030,142,dashboard_export,3,45,2023-04-14
3031,40,chat_completion,5,14,2023-01-29
3032,265,dashboard_export,6,13,2023-02-03
3033,466,chat_completion,4,19,2023-02-16
3034,196,code_assist,7,4,2023-04-21
3035,351,dashboard_export,10,7,2023-06-07
3036,216,code_assist,1,37,2023-04-20
3037,415,chat_completion,5,18,2023-03-23
3038,184,dashboard_export,7,14,2023-04-24
3039,207,dashboard_export,3,34,2023-06-25
3040,62,data_insights,2,27,2023-02-02
3041,71,dashboard_export,6,40,2023-04-28
3042,410,data_insights,8,46,2023-03-15
3043,495,code_assist,7,15,2023-01-01
3044,496,dashboard_export,4,16,2023-04-27
3045,322,dashboard_export,8,25,2023-04-06
3046,378,code_assist,5,6,2023-02-04
3047,185,chat_completion,7,25,2023-01-24
3048,52,dashboard_export,5,14,2023-01-31
3049,72,code_assist,8,50,2023-04-03
3050,157,chat_completion,9,29,2023-02-24
3051,213,code_assist,6,10,2023-06-16
3052,33,data_insights,5,43,2023-02-27
3053,484,dashboard_export,5,1,2023-06-17
3054,207,chat_completion,8,14,2023-06-22
3055,184,data_insights,4,30,2023-03-18
3056,491,data_insights,3,42,2023-05-11
3057,346,data_insights,6,11,2023-04-15
3058,27,code_assist,7,36,2023-03-23
3059,108,chat_completion,5,20,2023-01-21
3060,441,code_assist,9,37,2023-04-27
3061,277,dashboard_export,1,41,2023-02-03
3062,294,chat_completion,1,16,2023-02-02
3063,42,data_insights,7,14,2023-02-01
3064,156,dashboard_export,4,41,2023-03-21
3065,328,chat_completion,3,16,2023-03-04
3066,147,data_insights,8,45,2023-04-26
3067,300,data_insights,4,1,2023-06-14
3068,429,code_assist,3,10,2023-03-02
3069,135,chat_completion,3,14,2023-01-22
3070,154,dashboard_export,7,39,2023-01-22
3071,4,code_assist,3,16,2023-04-20
3072,61,dashboard_export,6,27,2023-01-25
3073,175,data_insights,5,27,2023-01-10
3074,378,dashboard_export,11,18,2023-03-15
3075,430,chat_completion,2,38,2023-01-16
3076,132,chat_completion,9,50,2023-03-03
3077,323,data_insights,1,29,2023-04-16
3078,117,code_assist,4,44,2023-04-19
3079,378,dashboard_export,5,14,2023-06-17
3080,63,data_insights,8,17,2023-05-08
3081,106,data_insights,6,2,2023-02-06
3082,444,code_assist,2,17,2023-04-05
3083,74,dashboard_export,2,38,2023-02-17
3084,152,dashboard_export,3,41,2023-05-28
3085,350,dashboard_export,9,39,2023-02-24
3086,334,code_assist,4,2,2023-03-31
3087,379,data_insights,5,23,2023-04-02
3088,213,code_assist,6,11,2023-05-27
3089,220,chat_completion,4,29,2023-06-08
3090,180,dashboard_export,1,19,2023-05-22
3091,148,dashboard_export,5,31,2023-06-02
3092,340,data_insights,4,39,2023-05-09
3093,332,code_assist,8,26,2023-06-08
3094,410,data_insights,2,37,2023-03-08
3095,295,code_assist,7,5,2023-06-13
3096,428,chat_completion,7,6,2023-05-08
3097,497,data_insights,4,16,2023-05-24
3098,494,chat_completion,4,37,2023-05-25
3099,397,data_insights,3,11,2023-03-03
3100,428,dashboard_export,6,33,2023-05-19
3101,353,dashboard_export,2,12,2023-04-16
3102,211,dashboard_export,7,23,2023-02-27
3103,371,dashboard_export,9,12,2023-02-09
3104,108,dashboard_export,6,27,2023-02-02
3105,51,code_assist,4,35,2023-06-03
3106,86,chat_completion,8,5,2023-05-19
3107,209,code_assist,5,46,2023-01-31
3108,155,code_assist,3,11,2023-06-04
3109,444,chat_completion,2,30,2023-03-05
3110,354,chat_completion,11,32,2023-01-17
3111,138,dashboard_export,7,23,2023-01-09
3112,270,dashboard_export,6,2,2023-05-12
3113,39,chat_completion,4,39,2023-04-11
3114,301,chat_completion,3,1,2023-05-31
3115,16,data_insights,2,45,2023-03-19
3116,103,chat_completion,6,20,2023-01-31
3117,272,chat_completion,7,42,2023-05-17
3118,136,code_assist,6,42,2023-01-12
3119,175,chat_completion,5,30,2023-01-24
3120,6,dashboard_export,5,36,2023-05-29
3121,36,chat_completion,3,28,2023-03-24
3122,250,code_assist,5,35,2023-01-09
3123,340,data_insights,4,50,2023-03-18
3124,403,chat_completion,7,43,2023-02-11
3125,305,dashboard_export,9,1,2023-04-07
3126,3,dashboard_export,3,49,2023-03-28
3127,91,chat_completion,4,8,2023-05-12
3128,238,dashboard_export,3,5,2023-01-06
3129,471,chat_completion,5,15,2023-04-24
3130,253,code_assist,7,36,2023-06-27
3131,479,dashboard_export,6,15,2023-03-05
3132,183,chat_completion,2,31,2023-01-16
3133,97,code_assist,3,14,2023-06-19
3134,82,code_assist,5,39,2023-06-09
3135,404,data_insights,6,11,2023-04-24
3136,66,dashboard_export,3,49,2023-02-18
3137,308,data_insights,4,32,2023-04-17
3138,129,data_insights,7,18,2023-03-23
3139,365,dashboard_export,4,25,2023-04-19
3140,251,dashboard_export,2,22,2023-04-10
3141,291,code_assist,4,38,2023-05-02
3142,266,dashboard_export,8,24,2023-03-22
3143,474,data_insights,4,43,2023-06-11
3144,24,chat_completion,7,35,2023-06-11
3145,37,chat_completion,5,42,2023-02-13
3146,270,data_insights,3,3,2023-05-08
3147,375,chat_completion,6,41,2023-02-21
3148,29,code_assist,5,9,2023-05-21
3149,429,chat_completion,3,38,2023-03-26
3150,148,code_assist,8,17,2023-02-10
3151,43,dashboard_export,3,26,2023-04-21
3152,329,data_insights,4,31,2023-04-14
3153,203,data_insights,3,2,2023-04-26
3154,108,code_assist,4,17,2023-02-07
3155,44,dashboard_export,1,24,2023-06-06
3156,463,chat_completion,0,3,2023-03-05
3157,22,dashboard_export,5,1,2023-01-14
3158,471,chat_completion,2,17,2023-01-24
3159,274,dashboard_export,5,33,2023-06-08
3160,21,data_insights,1,2,2023-05-27
3161,6,chat_completion,4,43,2023-05-07
3162,265,chat_completion,4,37,2023-04-18
3163,180,chat_completion,5,16,2023-01-01
3164,370,data_insights,4,10,2023-04-13
3165,87,code_assist,10,34,2023-02-25
3166,218,data_insights,8,29,2023-04-30
3167,282,data_insights,5,50,2023-05-07
3168,450,dashboard_export,2,7,2023-06-13
3169,486,data_insights,8,12,2023-04-14
3170,318,dashboard_export,5,44,2023-06-04
3171,292,dashboard_export,4,15,2023-03-25
3172,411,chat_completion,6,11,2023-05-29
3173,290,dashboard_export,2,42,2023-06-20
3174,328,data_insights,4,21,2023-06-10
3175,186,data_insights,3,27,2023-02-04
3176,346,dashboard_export,0,15,2023-01-02
3177,204,chat_completion,7,28,2023-05-17
3178,499,data_insights,2,25,2023-06-17
3179,110,code_assist,5,45,2023-06-12
3180,284,code_assist,8,41,2023-05-09
3181,371,code_assist,7,50,2023-04-19
3182,169,data_insights,2,8,2023-04-25
3183,304,code_assist,3,7,2023-03-24
3184,433,dashboard_export,5,47,2023-03-09
3185,146,data_insights,6,45,2023-04-19
3186,252,chat_completion,3,49,2023-05-24
3187,261,code_assist,9,42,2023-01-20
3188,275,data_insights,5,10,2023-05-17
3189,262,chat_completion,4,31,2023-05-15
3190,388,data_insights,9,24,2023-03-17
3191,467,chat_completion,3,17,2023-06-29
3192,279,data_insights,3,23,2023-02-03
3193,23,chat_completion,4,41,2023-04-07
3194,141,code_assist,11,17,2023-01-08
3195,405,code_assist,3,19,2023-01-16
3196,39,code_assist,5,40,2023-05-27
3197,458,chat_completion,2,39,2023-02-05
3198,375,code_assist,5,37,2023-05-21
3199,434,dashboard_export,3,14,2023-02-17
3200,418,code_assist,6,47,2023-04-01
3201,52,data_insights,6,36,2023-01-17
3202,277,chat_completion,0,25,2023-05-24
3203,188,dashboard_export,8,28,2023-06-01
3204,267,data_insights,7,34,2023-01-22
3205,354,code_assist,2,13,2023-01-24
3206,195,dashboard_export,6,22,2023-03-24
3207,52,code_assist,6,26,2023-03-15
3208,32,data_insights,8,41,2023-05-12
3209,419,data_insights,9,37,2023-06-12
3210,269,code_assist,6,16,2023-06-07
3211,158,dashboard_export,2,29,2023-03-05
3212,74,code_assist,7,3,2023-04-09
3213,236,chat_completion,4,37,2023-05-21
3214,300,dashboard_export,5,43,2023-01-20
3215,163,chat_completion,6,13,2023-06-02
3216,85,chat_completion,6,6,2023-06-20
3217,189,data_insights,1,3,2023-06-22
3218,45,code_assist,3,16,2023-06-22
3219,79,dashboard_export,9,11,2023-04-17
3220,476,data_insights,4,3,2023-03-24
3221,101,dashboard_export,7,49,2023-05-05
3222,469,chat_completion,7,2,2023-01-11
3223,329,code_assist,4,35,2023-04-28
3224,361,dashboard_export,9,35,2023-02-12
3225,164,code_assist,4,33,2023-04-14
3226,343,chat_completion,3,40,2023-05-19
3227,8,code_assist,7,13,2023-06-21
3228,485,code_assist,4,22,2023-03-17
3229,340,code_assist,7,50,2023-06-11
3230,364,code_assist,2,32,2023-02-27
3231,2,dashboard_export,6,46,2023-02-06
3232,375,dashboard_export,11,2,2023-06-13
3233,35,code_assist,3,46,2023-04-25
3234,104,chat_completion,9,42,2023-03-22
3235,480,data_insights,2,41,2023-03-07
3236,223,data_insights,8,35,2023-06-04
3237,334,dashboard_export,7,24,2023-03-10
3238,284,dashboard_export,3,13,2023-04-11
3239,354,chat_completion,4,39,2023-03-03
3240,165,chat_completion,2,34,2023-01-21
3241,181,chat_completion,6,3,2023-03-30
3242,31,code_assist,4,30,2023-05-17
3243,359,code_assist,6,48,2023-05-02
3244,167,chat_completion,6,46,2023-01-13
3245,476,data_insights,5,22,2023-05-24
3246,264,chat_completion,4,7,2023-01-12
3247,349,chat_completion,6,14,2023-03-27
3248,201,data_insights,5,3,2023-05-13
3249,257,data_insights,5,30,2023-02-16
3250,22,data_insights,1,49,2023-02-22
3251,328,data_insights,8,17,2023-05-16
3252,266,dashboard_export,7,49,2023-02-26
3253,201,code_assist,4,8,2023-06-19
3254,302,data_insights,5,21,2023-06-02
3255,353,code_assist,5,21,2023-01-22
3256,197,code_assist,3,2,2023-03-13
3257,153,data_insights,6,31,2023-06-17
3258,235,dashboard_export,3,13,2023-05-07
3259,428,chat_completion,7,38,2023-02-24
3260,299,data_insights,4,45,2023-05-01
3261,283,chat_completion,3,18,2023-05-02
3262,111,chat_completion,6,23,2023-04-13
3263,32,code_assist,4,23,2023-01-11
3264,158,chat_completion,1,20,2023-01-07
3265,392,code_assist,9,45,2023-03-15
3266,121,dashboard_export,7,17,2023-02-24
3267,246,data_insights,5,7,2023-01-15
3268,226,code_assist,5,32,2023-03-12
3269,83,chat_completion,5,39,2023-02-26
3270,133,chat_completion,7,28,2023-06-29
3271,107,chat_completion,5,13,2023-02-18
3272,85,chat_completion,7,47,2023-05-09
3273,105,data_insights,6,46,2023-01-05
3274,335,dashboard_export,5,3,2023-03-19
3275,91,dashboard_export,6,24,2023-02-20
3276,402,chat_completion,2,4,2023-02-23
3277,130,chat_completion,2,45,2023-03-06
3278,296,chat_completion,3,36,2023-06-20
3279,19,data_insights,6,24,2023-06-21
3280,346,data_insights,4,25,2023-01-17
3281,337,dashboard_export,10,36,2023-01-18
3282,41,chat_completion,5,12,2023-03-18
3283,338,dashboard_export,3,22,2023-06-15
3284,209,data_insights,4,37,2023-05-14
3285,270,code_assist,5,15,2023-02-25
3286,416,chat_completion,5,1,2023-03-25
3287,403,data_insights,4,22,2023-05-01
3288,416,data_insights,3,16,2023-06-25
3289,208,dashboard_export,5,16,2023-04-17
3290,55,chat_completion,9,28,2023-02-10
3291,38,data_insights,5,6,2023-06-20
3292,18,code_assist,6,39,2023-04-19
3293,87,data_insights,8,35,2023-06-24
3294,144,data_insights,2,21,2023-03-20
3295,210,chat_completion,6,32,2023-01-18
3296,231,code_assist,8,2,2023-03-18
3297,476,dashboard_export,6,1,2023-04-29
3298,1,data_insights,2,10,2023-01-03
3299,247,data_insights,9,45,2023-03-31
3300,178,code_assist,3,47,2023-05-17
3301,291,data_insights,4,44,2023-01-14
3302,171,data_insights,6,18,2023-03-11
3303,218,chat_completion,4,50,2023-04-30
3304,357,dashboard_export,1,6,2023-01-02
3305,210,code_assist,0,12,2023-05-05
3306,321,dashboard_export,7,37,2023-06-05
3307,269,code_assist,6,41,2023-04-25
3308,399,code_assist,6,1,2023-06-22
3309,358,data_insights,3,13,2023-01-29
3310,115,code_assist,3,23,2023-05-22
3311,186,code_assist,4,3,2023-05-09
3312,136,chat_completion,12,18,2023-01-20
3313,201,chat_completion,5,30,2023-05-17
3314,448,code_assist,2,31,2023-02-11
3315,145,data_insights,5,28,2023-02-04
3316,87,dashboard_export,2,5,2023-06-08
3317,366,dashboard_export,2,32,2023-01-26
3318,364,dashboard_export,4,40,2023-01-01
3319,380,chat_completion,6,19,2023-06-08
3320,444,data_insights,6,26,2023-06-01
3321,203,chat_completion,7,12,2023-01-17
3322,482,dashboard_export,8,27,2023-02-28
3323,70,chat_completion,4,44,2023-04-15
3324,91,code_assist,5,11,2023-06-11
3325,190,chat_completion,8,39,2023-03-15
3326,305,code_assist,9,29,2023-06-06
3327,124,data_insights,7,50,2023-01-30
3328,52,dashboard_export,5,9,2023-02-11
3329,88,chat_completion,3,8,2023-01-27
3330,70,data_insights,4,6,2023-04-14
3331,386,data_insights,8,48,2023-05-20
3332,271,chat_completion,6,2,2023-03-21
3333,213,dashboard_export,5,13,2023-03-18
3334,370,dashboard_export,7,17,2023-04-14
3335,234,code_assist,3,31,2023-02-01
3336,145,data_insights,6,19,2023-04-16
3337,354,data_insights,1,20,2023-01-14
3338,436,data_insights,6,20,2023-01-20
3339,172,code_assist,7,14,2023-04-16
3340,498,code_assist,6,43,2023-02-03
3341,41,data_insights,4,30,2023-06-27
3342,410,code_assist,6,49,2023-02-05
3343,493,data_insights,13,29,2023-04-01
3344,250,data_insights,2,31,2023-01-07
3345,222,data_insights,2,40,2023-04-09
3346,225,chat_completion,7,21,2023-01-05
3347,327,data_insights,3,47,2023-02-02
3348,443,code_assist,5,50,2023-03-14
3349,23,dashboard_export,6,29,2023-02-19
3350,136,dashboard_export,6,18,2023-06-22
3351,8,code_assist,6,26,2023-06-02
3352,140,code_assist,8,20,2023-01-19
3353,222,data_insights,5,20,2023-02-21
3354,424,data_insights,3,23,2023-01-14
3355,5,data_insights,3,4,2023-01-19
3356,457,code_assist,3,5,2023-06-01
3357,212,chat_completion,7,18,2023-02-08
3358,249,code_assist,6,20,2023-01-03
3359,57,data_insights,1,14,2023-02-23
3360,262,dashboard_export,5,30,2023-06-22
3361,69,data_insights,1,3,2023-02-22
3362,371,chat_completion,5,43,2023-01-17
3363,402,chat_completion,7,44,2023-02-21
3364,274,code_assist,3,17,2023-05-21
3365,175,data_insights,5,48,2023-05-16
3366,171,chat_completion,4,11,2023-04-17
3367,378,dashboard_export,5,2,2023-04-12
3368,358,code_assist,3,13,2023-05-09
3369,237,data_insights,1,38,2023-05-03
3370,147,code_assist,4,29,2023-03-30
3371,81,data_insights,4,41,2023-02-05
3372,274,chat_completion,5,4,2023-06-24
3373,74,chat_completion,3,15,2023-03-15
3374,313,code_assist,0,29,2023-03-11
3375,462,dashboard_export,8,42,2023-05-20
3376,258,dashboard_export,7,48,2023-04-25
3377,230,data_insights,4,32,2023-01-23
3378,395,code_assist,3,31,2023-03-27
3379,126,chat_completion,6,17,2023-04-16
3380,110,dashboard_export,6,22,2023-06-20
3381,127,dashboard_export,5,8,2023-05-15
3382,242,dashboard_export,6,19,2023-06-04
3383,108,dashboard_export,1,49,2023-02-05
3384,120,data_insights,2,47,2023-05-29
3385,496,dashboard_export,3,27,2023-04-26
3386,388,code_assist,4,37,2023-04-16
3387,354,data_insights,4,47,2023-06-28
3388,478,chat_completion,3,49,2023-02-02
3389,152,data_insights,6,34,2023-06-15
3390,233,data_insights,5,31,2023-02-07
3391,192,code_assist,4,16,2023-06-21
3392,108,code_assist,0,50,2023-02-07
3393,82,data_insights,6,33,2023-05-27
3394,155,data_insights,5,34,2023-06-09
3395,368,data_insights,6,21,2023-04-29
3396,482,chat_completion,2,49,2023-02-10
3397,187,code_assist,4,13,2023-01-07
3398,477,chat_completion,4,17,2023-06-21
3399,310,data_insights,1,27,2023-04-17
3400,438,code_assist,8,12,2023-05-16
3401,287,dashboard_export,7,43,2023-04-29
3402,99,code_assist,7,43,2023-04-05
3403,287,data_insights,3,24,2023-06-29
3404,245,code_assist,6,46,2023-05-02
3405,422,dashboard_export,8,23,2023-04-28
3406,233,dashboard_export,6,32,2023-03-31
3407,143,dashboard_export,4,29,2023-01-27
3408,425,dashboard_export,4,36,2023-01-27
3409,321,code_assist,1,2,2023-04-11
3410,382,dashboard_export,4,8,2023-04-21
3411,19,dashboard_export,5,2,2023-04-01
3412,267,dashboard_export,1,13,2023-04-25
3413,273,code_assist,5,30,2023-04-06
3414,406,data_insights,2,23,2023-03-03
3415,296,chat_completion,5,44,2023-05-17
3416,342,code_assist,3,48,2023-05-07
3417,364,chat_completion,5,36,2023-04-20
3418,379,data_insights,3,30,2023-03-28
3419,373,data_insights,5,28,2023-05-11
3420,262,data_insights,3,33,2023-05-28
3421,294,data_insights,2,8,2023-06-12
3422,336,chat_completion,4,30,2023-05-06
3423,412,data_insights,4,15,2023-06-28
3424,491,data_insights,2,49,2023-02-27
3425,277,data_insights,5,3,2023-01-20
3426,163,chat_completion,4,8,2023-01-31
3427,333,code_assist,5,25,2023-03-03
3428,209,data_insights,2,29,2023-01-22
3429,373,dashboard_export,9,25,2023-06-28
3430,8,code_assist,9,19,2023-05-08
3431,237,data_insights,7,40,2023-03-17
3432,258,data_insights,4,1,2023-02-28
3433,331,code_assist,7,5,2023-04-21
3434,466,dashboard_export,11,45,2023-01-11
3435,56,chat_completion,7,27,2023-04-12
3436,436,chat_completion,6,4,2023-01-31
3437,117,chat_completion,4,24,2023-02-06
3438,243,data_insights,9,42,2023-05-10
3439,114,code_assist,3,42,2023-03-24
3440,180,code_assist,8,4,2023-03-12
3441,21,chat_completion,4,25,2023-05-30
3442,195,dashboard_export,8,2,2023-02-15
3443,206,chat_completion,5,3,2023-06-20
3444,324,data_insights,6,22,2023-01-12
3445,295,chat_completion,3,47,2023-03-04
3446,96,data_insights,7,43,2023-02-28
3447,250,data_insights,5,17,2023-02-14
3448,313,code_assist,7,25,2023-01-21
3449,483,dashboard_export,7,11,2023-02-24
3450,134,data_insights,3,14,2023-01-12
3451,48,dashboard_export,5,13,2023-05-15
3452,58,code_assist,5,10,2023-02-10
3453,234,chat_completion,5,39,2023-05-26
3454,253,chat_completion,5,49,2023-02-07
3455,369,code_assist,3,23,2023-01-14
3456,122,chat_completion,3,37,2023-03-08
3457,372,data_insights,3,26,2023-03-24
3458,198,chat_completion,6,44,2023-05-07
3459,465,code_assist,4,23,2023-06-14
3460,428,chat_completion,7,38,2023-06-05
3461,185,code_assist,4,47,2023-01-09
3462,352,data_insights,3,50,2023-02-16
3463,425,data_insights,6,43,2023-03-06
3464,296,data_insights,7,32,2023-03-31
3465,9,code_assist,3,48,2023-03-27
3466,402,dashboard_export,4,37,2023-02-04
3467,357,code_assist,6,37,2023-03-03
3468,313,data_insights,7,11,2023-02-15
3469,494,data_insights,3,27,2023-04-26
3470,369,data_insights,7,35,2023-01-04
3471,27,code_assist,4,4,2023-05-23
3472,318,dashboard_export,2,34,2023-01-19
3473,320,data_insights,5,17,2023-04-08
3474,354,code_assist,3,47,2023-01-29
3475,148,chat_completion,2,23,2023-02-15
3476,285,data_insights,7,2,2023-06-29
3477,61,data_insights,4,18,2023-06-01
3478,434,chat_completion,0,42,2023-01-24
3479,243,code_assist,7,49,2023-04-07
3480,282,chat_completion,5,47,2023-03-19
3481,77,dashboard_export,1,25,2023-02-07
3482,210,chat_completion,5,5,2023-04-03
3483,373,data_insights,3,10,2023-04-15
3484,240,code_assist,4,22,2023-01-15
3485,2,dashboard_export,5,36,2023-01-10
3486,251,code_assist,7,29,2023-01-16
3487,407,dashboard_export,1,41,2023-04-18
3488,235,chat_completion,2,45,2023-02-15
3489,376,dashboard_export,11,36,2023-04-22
3490,489,chat_completion,4,44,2023-04-15
3491,225,chat_completion,4,9,2023-02-07
3492,438,code_assist,8,15,2023-06-02
3493,443,dashboard_export,6,34,2023-06-14
3494,310,data_insights,10,37,2023-03-24
3495,320,code_assist,8,39,2023-02-25
3496,298,code_assist,5,18,2023-06-15
3497,254,code_assist,4,22,2023-05-20
3498,168,dashboard_export,1,30,2023-03-04
3499,179,data_insights,11,35,2023-06-02
3500,480,data_insights,5,34,2023-02-03
3501,42,chat_completion,5,32,2023-02-28
3502,192,data_insights,5,34,2023-06-14
3503,52,data_insights,3,6,2023-03-12
3504,207,data_insights,6,21,2023-01-07
3505,460,data_insights,6,17,2023-01-17
3506,412,code_assist,2,5,2023-06-15
3507,200,code_assist,6,19,2023-01-24
3508,9,code_assist,5,49,2023-05-18
3509,466,dashboard_export,9,47,2023-04-03
3510,365,data_insights,10,29,2023-05-08
3511,329,dashboard_export,6,30,2023-01-31
3512,475,dashboard_export,3,41,2023-04-26
3513,260,code_assist,3,43,2023-06-07
3514,254,code_assist,1,41,2023-03-10
3515,328,chat_completion,2,13,2023-02-19
3516,158,chat_completion,4,45,2023-04-30
3517,252,data_insights,4,27,2023-06-26
3518,346,chat_completion,3,5,2023-05-17
3519,38,code_assist,4,9,2023-01-06
3520,307,chat_completion,7,19,2023-06-08
3521,268,chat_completion,6,46,2023-04-12
3522,40,code_assist,4,9,2023-04-03
3523,69,data_insights,6,1,2023-04-29
3524,341,data_insights,2,35,2023-04-27
3525,232,data_insights,6,9,2023-02-17
3526,285,data_insights,5,4,2023-02-25
3527,272,code_assist,3,13,2023-06-26
3528,375,chat_completion,4,14,2023-05-27
3529,454,data_insights,4,46,2023-02-10
3530,111,dashboard_export,4,45,2023-04-27
3531,441,data_insights,7,35,2023-04-22
3532,169,dashboard_export,4,44,2023-02-09
3533,347,data_insights,2,29,2023-03-11
3534,116,dashboard_export,8,7,2023-05-16
3535,201,chat_completion,3,25,2023-05-28
3536,34,code_assist,6,24,2023-02-16
3537,472,data_insights,7,42,2023-03-26
3538,342,code_assist,5,28,2023-06-13
3539,295,chat_completion,8,45,2023-05-05
3540,376,dashboard_export,9,34,2023-05-25
3541,87,dashboard_export,5,39,2023-05-20
3542,89,dashboard_export,6,40,2023-02-15
3543,409,chat_completion,5,26,2023-06-24
3544,402,chat_completion,3,42,2023-02-24
3545,258,chat_completion,6,34,2023-02-01
3546,387,data_insights,3,23,2023-01-21
3547,321,dashboard_export,4,1,2023-03-26
3548,113,data_insights,3,38,2023-03-22
3549,221,data_insights,5,4,2023-06-25
3550,410,data_insights,9,29,2023-01-15
3551,7,dashboard_export,4,26,2023-06-25
3552,136,dashboard_export,0,38,2023-04-28
3553,93,chat_completion,2,22,2023-02-20
3554,140,code_assist,5,50,2023-03-05
3555,52,code_assist,5,1,2023-02-12
3556,396,data_insights,2,23,2023-03-25
3557,129,data_insights,3,24,2023-03-24
3558,443,dashboard_export,5,34,2023-02-18
3559,303,code_assist,7,24,2023-03-03
3560,378,code_assist,7,10,2023-06-02
3561,103,code_assist,3,3,2023-06-24
3562,51,code_assist,4,36,2023-02-11
3563,237,chat_completion,4,26,2023-03-02
3564,365,chat_completion,4,5,2023-02-06
3565,73,dashboard_export,5,25,2023-06-23
3566,384,chat_completion,1,39,2023-03-23
3567,56,dashboard_export,5,26,2023-03-24
3568,220,chat_completion,8,46,2023-06-05
3569,455,data_insights,5,25,2023-02-12
3570,293,dashboard_export,5,36,2023-06-27
3571,159,code_assist,9,41,2023-04-12
3572,18,chat_completion,5,20,2023-04-17
3573,118,code_assist,8,26,2023-02-13
3574,344,dashboard_export,5,20,2023-05-17
3575,77,dashboard_export,3,29,2023-06-26
3576,322,dashboard_export,5,5,2023-03-09
3577,119,data_insights,4,34,2023-06-11
3578,486,code_assist,4,46,2023-04-07
3579,433,code_assist,3,20,2023-02-04
3580,431,dashboard_export,5,44,2023-06-03
3581,37,chat_completion,5,4,2023-03-29
3582,61,data_insights,6,47,2023-04-10
3583,137,dashboard_export,5,3,2023-04-27
3584,41,dashboard_export,3,32,2023-05-06
3585,369,data_insights,4,18,2023-02-25
3586,41,code_assist,4,41,2023-06-18
3587,296,chat_completion,3,3,2023-01-28
3588,456,chat_completion,7,29,2023-06-03
3589,316,data_insights,7,17,2023-05-05
3590,313,chat_completion,6,22,2023-04-16
3591,403,code_assist,3,9,2023-01-14
3592,325,dashboard_export,5,50,2023-05-23
3593,67,data_insights,1,18,2023-01-22
3594,57,code_assist,3,44,2023-02-26
3595,39,data_insights,11,9,2023-06-11
3596,37,chat_completion,4,8,2023-04-04
3597,399,chat_completion,5,22,2023-04-10
3598,477,code_assist,6,15,2023-04-17
3599,415,data_insights,4,19,2023-03-17
3600,253,chat_completion,7,47,2023-01-01
3601,428,chat_completion,0,15,2023-06-29
3602,465,code_assist,2,42,2023-06-26
3603,176,data_insights,6,31,2023-05-14
3604,202,code_assist,7,3,2023-04-11
3605,346,dashboard_export,7,11,2023-05-22
3606,479,data_insights,5,42,2023-04-15
3607,308,chat_completion,3,37,2023-01-24
3608,447,chat_completion,3,50,2023-01-28
3609,295,chat_completion,5,21,2023-01-11
3610,367,code_assist,3,24,2023-06-26
3611,419,chat_completion,6,4,2023-03-30
3612,47,data_insights,3,14,2023-04-11
3613,416,code_assist,4,8,2023-04-13
3614,55,code_assist,7,28,2023-05-19
3615,1,code_assist,1,5,2023-06-07
3616,12,chat_completion,4,10,2023-04-19
3617,237,code_assist,7,49,2023-03-18
3618,285,chat_completion,4,19,2023-05-05
3619,421,code_assist,5,39,2023-02-19
3620,418,chat_completion,2,4,2023-05-08
3621,273,chat_completion,1,6,2023-01-31
3622,7,dashboard_export,5,9,2023-04-22
3623,109,code_assist,7,36,2023-01-02
3624,189,code_assist,6,20,2023-05-04
3625,60,data_insights,4,17,2023-06-03
3626,403,code_assist,8,15,2023-03-02
3627,436,code_assist,1,10,2023-02-10
3628,151,code_assist,7,33,2023-05-19
3629,451,dashboard_export,3,50,2023-03-21
3630,193,data_insights,0,27,2023-05-31
3631,391,chat_completion,5,4,2023-02-19
3632,24,dashboard_export,3,14,2023-05-05
3633,231,data_insights,5,16,2023-03-29
3634,358,chat_completion,6,24,2023-05-29
3635,56,data_insights,2,3,2023-02-08
3636,442,chat_completion,6,32,2023-01-24
3637,15,data_insights,7,7,2023-01-13
3638,192,code_assist,4,33,2023-03-31
3639,24,dashboard_export,4,4,2023-04-08
3640,48,dashboard_export,8,37,2023-01-07
3641,124,chat_completion,8,13,2023-06-11
3642,88,dashboard_export,7,35,2023-05-19
3643,73,chat_completion,7,7,2023-03-24
3644,397,dashboard_export,7,37,2023-05-02
3645,221,code_assist,4,42,2023-05-03
3646,32,chat_completion,6,36,2023-06-06
3647,153,data_insights,0,19,2023-05-24
3648,447,dashboard_export,4,11,2023-01-12
3649,136,data_insights,7,25,2023-05-29
3650,60,data_insights,7,32,2023-02-23
3651,484,code_assist,7,49,2023-03-16
3652,13,code_assist,2,28,2023-03-08
3653,169,data_insights,5,20,2023-06-04
3654,347,dashboard_export,6,11,2023-06-09
3655,168,dashboard_export,7,40,2023-03-13
3656,479,data_insights,8,25,2023-02-13
3657,241,chat_completion,4,33,2023-01-31
3658,94,code_assist,4,45,2023-05-15
3659,282,code_assist,4,30,2023-04-03
3660,183,code_assist,7,34,2023-03-22
3661,204,chat_completion,2,47,2023-05-02
3662,190,data_insights,7,18,2023-01-11
3663,497,code_assist,9,24,2023-03-09
3664,262,code_assist,6,36,2023-02-28
3665,236,data_insights,6,49,2023-02-21
3666,210,chat_completion,4,36,2023-05-31
3667,190,data_insights,4,47,2023-02-04
3668,202,chat_completion,1,43,2023-05-17
3669,151,code_assist,0,47,2023-02-06
3670,68,data_insights,3,13,2023-05-29
3671,105,code_assist,4,21,2023-06-03
3672,4,data_insights,7,27,2023-05-04
3673,442,code_assist,9,34,2023-01-30
3674,334,chat_completion,1,10,2023-06-06
3675,153,dashboard_export,4,35,2023-05-08
3676,87,chat_completion,5,42,2023-04-11
3677,42,code_assist,7,3,2023-06-02
3678,261,code_assist,5,22,2023-06-09
3679,200,code_assist,5,38,2023-01-30
3680,22,code_assist,5,26,2023-05-08
3681,255,data_insights,7,1,2023-03-02
3682,381,data_insights,8,32,2023-04-07
3683,280,code_assist,6,31,2023-06-01
3684,378,dashboard_export,7,11,2023-02-09
3685,451,dashboard_export,7,15,2023-06-20
3686,147,data_insights,7,26,2023-04-26
3687,484,chat_completion,5,9,2023-04-22
3688,322,code_assist,6,9,2023-04-08
3689,56,code_assist,7,35,2023-06-10
3690,231,data_insights,7,13,2023-05-02
3691,283,dashboard_export,7,43,2023-04-07
3692,232,code_assist,8,50,2023-03-12
3693,443,code_assist,4,36,2023-05-27
3694,321,chat_completion,3,41,2023-06-13
3695,275,dashboard_export,10,10,2023-05-02
3696,312,data_insights,5,23,2023-02-26
3697,221,dashboard_export,5,45,2023-06-09
3698,499,data_insights,4,49,2023-01-18
3699,277,chat_completion,2,37,2023-04-14
3700,307,data_insights,4,28,2023-01-13
3701,235,data_insights,4,22,2023-04-18
3702,494,dashboard_export,5,31,2023-04-01
3703,372,data_insights,4,48,2023-03-26
3704,67,data_insights,5,14,2023-06-28
3705,429,chat_completion,6,48,2023-01-09
3706,348,chat_completion,6,14,2023-03-13
3707,286,dashboard_export,6,49,2023-03-14
3708,184,dashboard_export,5,4,2023-04-20
3709,362,chat_completion,4,1,2023-01-14
3710,486,code_assist,4,43,2023-06-10
3711,66,chat_completion,4,22,2023-04-29
3712,23,code_assist,3,38,2023-01-13
3713,226,code_assist,6,10,2023-03-04
3714,434,data_insights,4,13,2023-03-06
3715,87,dashboard_export,3,23,2023-05-14
3716,275,data_insights,5,23,2023-02-15
3717,83,data_insights,7,16,2023-01-12
3718,95,dashboard_export,8,27,2023-01-24
3719,425,data_insights,5,26,2023-01-25
3720,263,dashboard_export,4,47,2023-06-03
3721,369,chat_completion,4,6,2023-02-04
3722,145,chat_completion,3,17,2023-06-06
3723,53,code_assist,7,45,2023-03-16
3724,261,data_insights,6,14,2023-04-17
3725,166,data_insights,4,5,2023-02-17
3726,338,dashboard_export,5,13,2023-02-01
3727,161,chat_completion,6,39,2023-04-20
3728,232,chat_completion,7,20,2023-02-08
3729,323,data_insights,5,42,2023-01-08
3730,482,chat_completion,1,21,2023-03-04
3731,52,dashboard_export,5,38,2023-04-09
3732,166,dashboard_export,3,14,2023-06-28
3733,110,dashboard_export,11,35,2023-04-22
3734,469,code_assist,4,26,2023-05-06
3735,242,chat_completion,5,37,2023-06-16
3736,153,chat_completion,5,3,2023-06-16
3737,345,data_insights,4,31,2023-06-21
3738,180,dashboard_export,2,45,2023-05-03
3739,400,code_assist,7,21,2023-01-27
3740,73,data_insights,6,25,2023-01-26
3741,84,code_assist,9,38,2023-06-08
3742,63,dashboard_export,1,15,2023-04-26
3743,72,dashboard_export,4,5,2023-06-13
3744,386,dashboard_export,3,7,2023-05-28
3745,474,dashboard_export,1,4,2023-01-26
3746,21,dashboard_export,4,40,2023-01-30
3747,233,chat_completion,7,20,2023-02-07
3748,229,data_insights,4,41,2023-03-11
3749,173,code_assist,4,25,2023-05-06
3750,267,dashboard_export,7,26,2023-01-15
3751,246,code_assist,7,47,2023-04-25
3752,143,chat_completion,4,35,2023-03-06
3753,473,data_insights,2,1,2023-04-22
3754,465,code_assist,5,32,2023-05-16
3755,209,dashboard_export,2,12,2023-03-06
3756,23,code_assist,5,10,2023-02-27
3757,375,code_assist,1,14,2023-03-04
3758,140,chat_completion,4,20,2023-03-16
3759,68,code_assist,2,26,2023-01-26
3760,43,code_assist,3,18,2023-02-18
3761,500,code_assist,6,15,2023-02-27
3762,192,dashboard_export,4,17,2023-05-22
3763,440,code_assist,5,39,2023-01-21
3764,435,data_insights,7,26,2023-06-06
3765,121,dashboard_export,3,26,2023-04-27
3766,279,chat_completion,3,22,2023-06-21
3767,33,data_insights,4,38,2023-03-17
3768,378,chat_completion,7,7,2023-04-26
3769,90,chat_completion,8,39,2023-01-03
3770,462,dashboard_export,4,1,2023-03-08
3771,284,dashboard_export,7,41,2023-03-02
3772,87,data_insights,7,43,2023-02-26
3773,479,chat_completion,7,25,2023-06-09
3774,400,dashboard_export,2,16,2023-02-03
3775,433,chat_completion,9,37,2023-04-28
3776,413,code_assist,3,10,2023-04-14
3777,117,dashboard_export,3,48,2023-02-11
3778,430,code_assist,6,9,2023-01-18
3779,410,dashboard_export,6,23,2023-06-14
3780,77,dashboard_export,3,39,2023-01-03
3781,304,chat_completion,4,17,2023-04-14
3782,467,data_insights,4,15,2023-06-16
3783,163,chat_completion,6,41,2023-02-27
3784,374,chat_completion,4,28,2023-01-07
3785,13,dashboard_export,7,16,2023-01-12
3786,421,dashboard_export,5,32,2023-04-29
3787,395,code_assist,3,21,2023-05-26
3788,230,data_insights,7,11,2023-02-16
3789,313,dashboard_export,6,43,2023-01-04
3790,38,chat_completion,5,45,2023-03-24
3791,208,dashboard_export,4,34,2023-05-10
3792,460,chat_completion,4,15,2023-06-04
3793,346,code_assist,2,48,2023-05-24
3794,454,data_insights,3,20,2023-02-14
3795,297,code_assist,7,30,2023-05-01
3796,496,code_assist,6,21,2023-02-16
3797,440,chat_completion,2,44,2023-04-21
3798,199,code_assist,4,6,2023-02-23
3799,91,dashboard_export,6,37,2023-05-18
3800,140,code_assist,4,20,2023-05-16
3801,120,code_assist,7,3,2023-05-31
3802,38,chat_completion,10,27,2023-06-12
3803,35,data_insights,3,21,2023-05-10
3804,12,dashboard_export,5,21,2023-03-05
3805,444,data_insights,2,16,2023-01-25
3806,333,chat_completion,7,45,2023-02-09
3807,336,data_insights,3,49,2023-06-29
3808,109,dashboard_export,1,11,2023-03-26
3809,181,data_insights,8,5,2023-03-10
3810,304,dashboard_export,2,12,2023-01-13
3811,233,code_assist,5,15,2023-01-06
3812,239,code_assist,9,30,2023-05-07
3813,481,chat_completion,5,9,2023-05-06
3814,283,data_insights,3,27,2023-06-13
3815,195,data_insights,3,25,2023-04-20
3816,146,chat_completion,3,17,2023-04-18
3817,484,dashboard_export,3,41,2023-03-06
3818,281,code_assist,3,7,2023-05-14
3819,268,chat_completion,3,17,2023-01-18
3820,25,chat_completion,5,18,2023-06-17
3821,110,data_insights,2,25,2023-04-06
3822,154,code_assist,5,18,2023-05-30
3823,36,code_assist,4,3,2023-02-10
3824,185,chat_completion,7,47,2023-01-01
3825,439,data_insights,7,4,2023-04-29
3826,431,dashboard_export,6,28,2023-06-07
3827,167,chat_completion,8,45,2023-06-19
3828,211,code_assist,8,6,2023-04-05
3829,442,code_assist,4,32,2023-06-21
3830,435,dashboard_export,9,11,2023-01-23
3831,245,data_insights,3,9,2023-01-17
3832,46,chat_completion,9,20,2023-02-03
3833,291,chat_completion,2,47,2023-06-26
3834,202,code_assist,6,45,2023-02-10
3835,44,data_insights,6,5,2023-05-19
3836,134,dashboard_export,9,34,2023-03-15
3837,207,chat_completion,4,36,2023-02-02
3838,48,code_assist,3,9,2023-06-05
3839,3,data_insights,5,26,2023-02-08
3840,49,data_insights,7,12,2023-05-22
3841,308,code_assist,7,44,2023-02-14
3842,417,code_assist,4,41,2023-01-29
3843,475,dashboard_export,5,4,2023-06-01
3844,277,chat_completion,7,15,2023-05-08
3845,153,data_insights,4,50,2023-03-13
3846,108,chat_completion,4,42,2023-01-06
3847,11,data_insights,7,16,2023-03-04
3848,252,data_insights,4,24,2023-01-28
3849,177,code_assist,5,8,2023-03-16
3850,224,data_insights,4,46,2023-03-03
3851,443,chat_completion,3,6,2023-02-17
3852,322,dashboard_export,8,10,2023-04-02
3853,56,data_insights,9,1,2023-01-05
3854,470,chat_completion,5,6,2023-02-28
3855,278,data_insights,6,11,2023-03-31
3856,198,chat_completion,8,12,2023-05-15
3857,184,chat_completion,3,17,2023-06-28
3858,189,chat_completion,6,15,2023-02-06
3859,381,data_insights,6,39,2023-06-28
3860,67,chat_completion,3,42,2023-01-06
3861,52,data_insights,3,35,2023-05-20
3862,321,chat_completion,3,31,2023-05-05
3863,50,data_insights,4,43,2023-04-27
3864,245,chat_completion,3,30,2023-02-19
3865,158,dashboard_export,5,48,2023-05-02
3866,428,chat_completion,3,49,2023-03-01
3867,220,data_insights,2,46,2023-06-11
3868,463,dashboard_export,10,42,2023-03-27
3869,248,code_assist,4,47,2023-05-20
3870,347,code_assist,6,49,2023-04-11
3871,486,data_insights,8,27,2023-02-02
3872,369,code_assist,7,23,2023-04-17
3873,297,data_insights,3,45,2023-06-06
3874,411,dashboard_export,4,22,2023-01-14
3875,258,dashboard_export,3,19,2023-06-15
3876,482,data_insights,3,48,2023-06-18
3877,168,dashboard_export,3,21,2023-03-09
3878,66,chat_completion,4,21,2023-06-18
3879,151,dashboard_export,7,27,2023-02-01
3880,180,code_assist,5,40,2023-04-17
3881,495,dashboard_export,4,24,2023-04-27
3882,452,dashboard_export,7,8,2023-05-19
3883,138,code_assist,2,33,2023-03-25
3884,449,dashboard_export,5,4,2023-02-04
3885,43,chat_completion,5,15,2023-01-17
3886,177,data_insights,2,44,2023-06-29
3887,378,data_insights,2,19,2023-05-19
3888,116,chat_completion,6,3,2023-03-09
3889,44,chat_completion,1,1,2023-02-22
3890,446,data_insights,6,22,2023-05-14
3891,129,data_insights,5,24,2023-06-18
3892,319,data_insights,7,15,2023-01-22
3893,114,chat_completion,4,37,2023-03-25
3894,460,dashboard_export,2,4,2023-05-09
3895,131,chat_completion,11,6,2023-01-15
3896,266,chat_completion,5,48,2023-01-15
3897,103,code_assist,8,1,2023-02-05
3898,91,dashboard_export,6,15,2023-02-28
3899,386,code_assist,0,14,2023-06-29
3900,157,code_assist,11,21,2023-05-18
3901,75,chat_completion,4,8,2023-02-22
3902,61,dashboard_export,8,14,2023-06-02
3903,207,chat_completion,7,7,2023-02-03
3904,121,code_assist,7,6,2023-06-27
3905,239,chat_completion,6,2,2023-05-15
3906,18,code_assist,8,48,2023-06-16
3907,339,data_insights,4,16,2023-06-05
3908,82,data_insights,4,10,2023-02-27
3909,95,code_assist,10,34,2023-01-20
3910,483,chat_completion,7,12,2023-04-13
3911,292,dashboard_export,7,39,2023-04-11
3912,10,code_assist,5,35,2023-04-09
3913,183,chat_completion,5,48,2023-03-31
3914,311,code_assist,8,16,2023-03-26
3915,117,chat_completion,5,3,2023-02-15
3916,229,data_insights,4,12,2023-03-29
3917,23,chat_completion,3,29,2023-03-26
3918,183,dashboard_export,3,3,2023-01-23
3919,484,data_insights,1,9,2023-02-19
3920,337,data_insights,1,10,2023-05-22
3921,133,chat_completion,6,27,2023-06-19
3922,189,dashboard_export,4,12,2023-03-07
3923,195,chat_completion,6,39,2023-05-21
3924,207,chat_completion,4,34,2023-03-19
3925,16,data_insights,7,34,2023-04-22
3926,60,code_assist,10,16,2023-01-08
3927,365,dashboard_export,3,43,2023-03-03
3928,95,dashboard_export,4,47,2023-02-25
3929,212,dashboard_export,1,13,2023-01-22
3930,494,code_assist,1,42,2023-01-11
3931,406,chat_completion,6,29,2023-04-25
3932,26,code_assist,7,24,2023-05-22
3933,246,data_insights,6,33,2023-01-11
3934,237,dashboard_export,4,17,2023-02-28
3935,31,data_insights,6,5,2023-02-19
3936,389,chat_completion,3,47,2023-05-02
3937,449,chat_completion,6,14,2023-05-09
3938,356,dashboard_export,4,10,2023-06-03
3939,291,chat_completion,3,14,2023-06-07
3940,411,chat_completion,2,8,2023-03-10
3941,106,dashboard_export,4,43,2023-06-18
3942,159,code_assist,4,38,2023-03-11
3943,315,chat_completion,4,6,2023-04-11
3944,255,chat_completion,7,32,2023-02-14
3945,85,data_insights,6,35,2023-06-05
3946,480,data_insights,4,42,2023-03-26
3947,415,chat_completion,5,21,2023-05-11
3948,410,dashboard_export,5,17,2023-01-17
3949,365,code_assist,12,38,2023-04-11
3950,448,data_insights,9,15,2023-06-14
3951,203,data_insights,8,21,2023-02-16
3952,414,chat_completion,6,47,2023-01-08
3953,358,code_assist,10,23,2023-02-20
3954,326,data_insights,9,14,2023-01-25
3955,326,data_insights,3,12,2023-03-29
3956,210,chat_completion,3,36,2023-03-22
3957,126,data_insights,5,33,2023-01-18
3958,148,data_insights,8,1,2023-04-12
3959,157,code_assist,6,29,2023-01-20
3960,380,chat_completion,7,30,2023-04-11
3961,327,dashboard_export,6,29,2023-04-15
3962,95,data_insights,6,18,2023-02-09
3963,393,chat_completion,3,46,2023-06-17
3964,9,dashboard_export,3,43,2023-04-10
3965,360,data_insights,5,7,2023-06-03
3966,296,data_insights,4,36,2023-05-02
3967,237,dashboard_export,9,33,2023-06-16
3968,450,code_assist,6,17,2023-01-31
3969,461,chat_completion,5,4,2023-04-16
3970,7,chat_completion,9,43,2023-01-20
3971,390,chat_completion,7,9,2023-01-25
3972,238,code_assist,4,8,2023-04-30
3973,3,dashboard_export,4,8,2023-06-04
3974,294,data_insights,3,41,2023-02-25
3975,304,dashboard_export,4,16,2023-01-22
3976,33,code_assist,4,16,2023-02-11
3977,460,dashboard_export,6,20,2023-05-16
3978,360,chat_completion,4,47,2023-05-31
3979,206,data_insights,6,44,2023-06-16
3980,9,data_insights,2,21,2023-03-01
3981,195,data_insights,8,21,2023-01-17
3982,284,chat_completion,6,42,2023-03-08
3983,32,chat_completion,9,21,2023-01-23
3984,299,chat_completion,7,30,2023-04-09
3985,31,dashboard_export,0,25,2023-04-18
3986,223,code_assist,8,14,2023-04-05
3987,118,data_insights,10,40,2023-03-13
3988,373,chat_completion,4,12,2023-05-17
3989,460,code_assist,5,1,2023-01-31
3990,91,chat_completion,5,35,2023-04-30
3991,241,dashboard_export,5,47,2023-01-22
3992,161,dashboard_export,6,28,2023-01-01
3993,262,code_assist,7,12,2023-06-21
3994,132,dashboard_export,6,50,2023-03-30
3995,427,chat_completion,11,10,2023-06-03
3996,143,data_insights,5,41,2023-05-29
3997,56,data_insights,3,18,2023-02-25
3998,63,code_assist,9,32,2023-01-03
3999,339,chat_completion,2,44,2023-03-27
4000,464,chat_completion,5,23,2023-06-25
4001,336,dashboard_export,4,38,2023-03-16
4002,496,dashboard_export,3,28,2023-05-20
4003,274,code_assist,2,16,2023-06-20
4004,13,code_assist,6,43,2023-05-23
4005,281,data_insights,4,12,2023-02-17
4006,40,code_assist,4,47,2023-03-10
4007,192,code_assist,3,39,2023-03-27
4008,46,code_assist,3,36,2023-02-10
4009,273,code_assist,1,28,2023-06-20
4010,341,code_assist,4,18,2023-05-21
4011,417,chat_completion,3,49,2023-04-19
4012,126,code_assist,2,43,2023-03-31
4013,231,dashboard_export,3,34,2023-01-02
4014,339,dashboard_export,4,43,2023-01-31
4015,319,dashboard_export,4,48,2023-05-31
4016,220,code_assist,6,41,2023-04-11
4017,405,data_insights,2,7,2023-05-17
4018,275,code_assist,1,35,2023-06-15
4019,401,code_assist,0,25,2023-06-05
4020,218,code_assist,3,38,2023-06-16
4021,85,data_insights,5,6,2023-01-25
4022,310,data_insights,6,18,2023-02-21
4023,2,code_assist,4,31,2023-06-23
4024,288,chat_completion,3,46,2023-04-23
4025,53,dashboard_export,3,44,2023-05-06
4026,490,data_insights,5,48,2023-02-11
4027,141,data_insights,4,6,2023-03-15
4028,11,code_assist,6,46,2023-04-20
4029,6,data_insights,3,19,2023-06-14
4030,395,chat_completion,6,23,2023-04-09
4031,283,dashboard_export,6,15,2023-02-14
4032,240,code_assist,4,11,2023-03-07
4033,23,chat_completion,3,28,2023-04-16
4034,157,code_assist,2,49,2023-02-17
4035,334,data_insights,5,34,2023-05-06
4036,290,chat_completion,2,22,2023-05-07
4037,453,dashboard_export,5,5,2023-03-17
4038,484,chat_completion,6,41,2023-05-01
4039,486,dashboard_export,5,20,2023-03-02
4040,102,code_assist,5,6,2023-01-05
4041,215,dashboard_export,4,5,2023-06-25
4042,254,dashboard_export,3,25,2023-01-31
4043,415,code_assist,6,15,2023-01-23
4044,125,data_insights,5,8,2023-03-18
4045,316,code_assist,6,9,2023-05-17
4046,156,data_insights,6,29,2023-03-07
4047,428,dashboard_export,5,50,2023-01-04
4048,158,chat_completion,1,4,2023-03-21
4049,94,dashboard_export,10,32,2023-03-14
4050,45,chat_completion,5,17,2023-05-17
4051,340,data_insights,8,10,2023-04-21
4052,293,dashboard_export,2,37,2023-02-08
4053,21,data_insights,2,42,2023-03-07
4054,220,dashboard_export,5,34,2023-05-21
4055,458,code_assist,7,2,2023-03-19
4056,169,dashboard_export,5,6,2023-06-26
4057,8,data_insights,3,26,2023-06-05
4058,99,dashboard_export,3,15,2023-01-17
4059,430,chat_completion,8,1,2023-05-01
4060,275,dashboard_export,4,2,2023-02-20
4061,145,chat_completion,5,19,2023-01-18
4062,212,code_assist,7,1,2023-04-17
4063,247,code_assist,2,49,2023-02-02
4064,237,dashboard_export,3,49,2023-02-23
4065,311,data_insights,6,48,2023-03-18
4066,80,data_insights,3,22,2023-04-20
4067,200,chat_completion,6,23,2023-02-02
4068,73,data_insights,5,10,2023-05-06
4069,332,dashboard_export,7,35,2023-06-27
4070,130,code_assist,6,6,2023-03-29
4071,213,code_assist,7,44,2023-02-19
4072,393,dashboard_export,7,23,2023-02-26
4073,467,dashboard_export,3,16,2023-03-29
4074,52,code_assist,4,29,2023-06-27
4075,431,dashboard_export,3,35,2023-05-23
4076,58,data_insights,2,35,2023-01-02
4077,284,chat_completion,4,21,2023-05-07
4078,329,code_assist,5,28,2023-02-25
4079,63,dashboard_export,8,9,2023-04-16
4080,197,data_insights,5,5,2023-02-20
4081,337,dashboard_export,3,48,2023-03-28
4082,436,chat_completion,4,36,2023-03-14
4083,386,code_assist,7,32,2023-02-03
4084,13,data_insights,5,23,2023-04-02
4085,294,code_assist,2,20,2023-02-05
4086,369,code_assist,4,19,2023-01-05
4087,307,code_assist,6,7,2023-04-26
4088,6,data_insights,3,14,2023-04-29
4089,5,code_assist,5,42,2023-05-10
4090,100,dashboard_export,3,35,2023-03-12
4091,39,dashboard_export,7,50,2023-03-02
4092,233,chat_completion,6,45,2023-01-06
4093,260,code_assist,8,1,2023-02-03
4094,346,chat_completion,7,40,2023-04-04
4095,125,data_insights,2,27,2023-01-06
4096,467,code_assist,3,36,2023-02-21
4097,38,dashboard_export,3,44,2023-06-02
4098,19,code_assist,5,16,2023-06-09
4099,159,dashboard_export,6,14,2023-02-04
4100,253,code_assist,4,31,2023-04-10
4101,144,chat_completion,6,26,2023-01-07
4102,476,code_assist,5,44,2023-06-20
4103,194,data_insights,7,15,2023-04-05
4104,380,code_assist,9,16,2023-04-12
4105,409,code_assist,3,44,2023-01-18
4106,468,dashboard_export,9,17,2023-04-02
4107,27,dashboard_export,5,18,2023-03-28
4108,465,dashboard_export,3,14,2023-06-08
4109,38,data_insights,9,3,2023-04-21
4110,407,code_assist,4,21,2023-03-19
4111,80,chat_completion,7,33,2023-02-17
4112,280,dashboard_export,5,45,2023-01-17
4113,67,chat_completion,7,15,2023-05-06
4114,126,dashboard_export,5,14,2023-05-12
4115,410,chat_completion,6,27,2023-05-01
4116,357,data_insights,2,24,2023-06-17
4117,91,code_assist,7,32,2023-02-21
4118,229,data_insights,4,48,2023-04-02
4119,174,chat_completion,4,49,2023-04-30
4120,205,data_insights,1,21,2023-01-06
4121,241,chat_completion,4,31,2023-01-23
4122,494,code_assist,12,35,2023-02-21
4123,403,chat_completion,9,40,2023-03-06
4124,154,dashboard_export,4,38,2023-01-05
4125,297,code_assist,6,2,2023-04-13
4126,65,chat_completion,6,10,2023-03-15
4127,210,dashboard_export,7,39,2023-05-15
4128,398,data_insights,5,39,2023-03-23
4129,213,dashboard_export,5,48,2023-02-21
4130,461,code_assist,5,35,2023-01-10
4131,56,chat_completion,3,3,2023-03-19
4132,418,code_assist,10,29,2023-01-13
4133,222,dashboard_export,7,33,2023-06-03
4134,137,data_insights,5,6,2023-01-19
4135,375,dashboard_export,7,20,2023-02-06
4136,476,dashboard_export,5,1,2023-03-11
4137,322,data_insights,3,38,2023-04-21
4138,354,dashboard_export,4,29,2023-05-16
4139,120,data_insights,5,49,2023-01-21
4140,260,chat_completion,2,43,2023-05-03
4141,68,chat_completion,5,43,2023-03-26
4142,256,code_assist,9,41,2023-03-15
4143,492,chat_completion,3,32,2023-03-05
4144,407,code_assist,8,30,2023-05-23
4145,367,code_assist,3,39,2023-06-29
4146,380,chat_completion,6,2,2023-02-15
4147,141,chat_completion,8,44,2023-04-07
4148,105,chat_completion,4,17,2023-05-18
4149,294,data_insights,7,34,2023-05-22
4150,424,code_assist,4,23,2023-03-29
4151,364,code_assist,4,25,2023-01-22
4152,340,data_insights,2,26,2023-06-12
4153,286,code_assist,2,37,2023-04-09
4154,420,chat_completion,5,7,2023-04-20
4155,26,data_insights,3,16,2023-01-18
4156,79,code_assist,5,25,2023-01-20
4157,381,code_assist,5,45,2023-05-29
4158,96,data_insights,3,20,2023-05-12
4159,32,data_insights,4,16,2023-01-23
4160,87,data_insights,3,21,2023-06-23
4161,3,dashboard_export,8,20,2023-03-27
4162,428,data_insights,4,11,2023-06-01
4163,154,code_assist,6,40,2023-05-18
4164,16,data_insights,8,10,2023-02-09
4165,40,dashboard_export,2,34,2023-03-25
4166,345,dashboard_export,4,37,2023-04-29
4167,88,chat_completion,4,42,2023-02-26
4168,6,data_insights,4,9,2023-02-01
4169,66,code_assist,5,34,2023-05-13
4170,468,dashboard_export,5,44,2023-06-26
4171,33,dashboard_export,8,29,2023-03-26
4172,443,data_insights,4,35,2023-05-12
4173,151,chat_completion,6,29,2023-04-04
4174,290,dashboard_export,6,50,2023-04-07
4175,46,data_insights,5,14,2023-05-29
4176,144,data_insights,8,11,2023-04-13
4177,239,code_assist,1,37,2023-01-24
4178,1,chat_completion,5,17,2023-02-10
4179,403,data_insights,6,19,2023-01-21
4180,92,code_assist,0,41,2023-01-01
4181,312,dashboard_export,9,23,2023-06-29
4182,211,dashboard_export,7,12,2023-02-22
4183,254,chat_completion,3,5,2023-06-27
4184,406,data_insights,7,18,2023-03-26
4185,493,dashboard_export,7,5,2023-06-05
4186,20,chat_completion,2,49,2023-03-06
4187,242,dashboard_export,4,17,2023-04-18
4188,124,code_assist,3,17,2023-02-09
4189,476,dashboard_export,6,38,2023-01-14
4190,460,chat_completion,5,38,2023-01-27
4191,227,chat_completion,8,11,2023-02-01
4192,450,code_assist,4,13,2023-04-19
4193,188,code_assist,6,21,2023-03-25
4194,144,chat_completion,4,45,2023-01-08
4195,86,data_insights,7,14,2023-04-19
4196,82,code_assist,4,2,2023-03-10
4197,157,code_assist,3,11,2023-03-06
4198,175,dashboard_export,0,45,2023-06-05
4199,77,chat_completion,3,43,2023-06-17
4200,155,dashboard_export,6,1,2023-02-19
4201,393,code_assist,2,39,2023-05-21
4202,374,dashboard_export,10,46,2023-01-26
4203,232,chat_completion,8,48,2023-02-03
4204,453,data_insights,4,38,2023-06-21
4205,88,chat_completion,6,24,2023-04-27
4206,14,dashboard_export,0,8,2023-02-19
4207,313,dashboard_export,6,14,2023-02-08
4208,439,code_assist,8,34,2023-05-04
4209,474,chat_completion,5,16,2023-03-01
4210,453,chat_completion,4,4,2023-04-02
4211,316,data_insights,3,21,2023-01-30
4212,205,data_insights,4,24,2023-04-05
4213,176,code_assist,4,34,2023-02-15
4214,187,chat_completion,6,27,2023-04-24
4215,260,code_assist,2,2,2023-03-16
4216,373,chat_completion,7,5,2023-06-07
4217,340,chat_completion,5,42,2023-04-28
4218,16,data_insights,3,35,2023-06-15
4219,21,data_insights,5,8,2023-06-06
4220,397,chat_completion,8,43,2023-01-09
4221,204,data_insights,9,48,2023-01-30
4222,410,code_assist,5,43,2023-02-18
4223,133,chat_completion,5,19,2023-04-11
4224,210,data_insights,3,49,2023-03-11
4225,145,data_insights,3,1,2023-06-01
4226,52,data_insights,8,12,2023-03-22
4227,323,chat_completion,6,35,2023-06-05
4228,134,code_assist,5,17,2023-04-03
4229,200,dashboard_export,8,2,2023-04-29
4230,120,chat_completion,5,25,2023-03-29
4231,288,code_assist,4,4,2023-06-14
4232,262,chat_completion,4,30,2023-01-10
4233,129,dashboard_export,6,5,2023-02-17
4234,27,chat_completion,10,21,2023-03-22
4235,25,code_assist,7,42,2023-05-21
4236,112,dashboard_export,2,3,2023-05-04
4237,463,data_insights,6,46,2023-03-17
4238,389,chat_completion,6,1,2023-03-05
4239,263,data_insights,3,44,2023-06-21
4240,196,dashboard_export,5,25,2023-03-05
4241,386,code_assist,7,6,2023-03-17
4242,403,code_assist,10,39,2023-03-22
4243,200,data_insights,4,6,2023-06-17
4244,478,dashboard_export,3,37,2023-06-18
4245,487,dashboard_export,2,17,2023-02-18
4246,387,chat_completion,4,50,2023-03-23
4247,451,chat_completion,2,37,2023-05-20
4248,39,chat_completion,6,6,2023-01-21
4249,363,dashboard_export,6,23,2023-05-29
4250,351,code_assist,1,33,2023-06-16
4251,344,code_assist,3,21,2023-05-19
4252,122,dashboard_export,6,48,2023-06-13
4253,42,chat_completion,3,48,2023-05-16
4254,409,dashboard_export,4,27,2023-03-24
4255,448,data_insights,4,45,2023-01-27
4256,289,chat_completion,2,33,2023-03-26
4257,251,dashboard_export,7,13,2023-05-24
4258,271,code_assist,5,25,2023-02-22
4259,408,data_insights,6,34,2023-01-16
4260,476,dashboard_export,2,26,2023-01-05
4261,3,dashboard_export,5,22,2023-03-02
4262,359,chat_completion,3,2,2023-03-21
4263,453,data_insights,6,41,2023-02-08
4264,263,code_assist,3,17,2023-02-15
4265,98,code_assist,3,11,2023-04-27
4266,248,dashboard_export,6,37,2023-03-09
4267,203,chat_completion,6,33,2023-04-29
4268,477,dashboard_export,3,34,2023-06-20
4269,100,code_assist,3,10,2023-06-26
4270,46,code_assist,3,25,2023-05-20
4271,37,code_assist,5,12,2023-04-12
4272,250,data_insights,7,43,2023-06-23
4273,431,dashboard_export,4,20,2023-03-07
4274,299,dashboard_export,3,11,2023-04-21
4275,48,chat_completion,7,42,2023-02-17
4276,491,data_insights,2,26,2023-04-21
4277,374,chat_completion,4,7,2023-05-06
4278,83,dashboard_export,3,17,2023-02-13
4279,138,dashboard_export,6,17,2023-04-17
4280,332,data_insights,8,32,2023-01-21
4281,303,dashboard_export,1,6,2023-04-15
4282,358,code_assist,9,50,2023-04-09
4283,424,dashboard_export,6,20,2023-01-13
4284,195,code_assist,5,24,2023-04-18
4285,303,data_insights,6,33,2023-06-12
4286,364,chat_completion,8,20,2023-01-25
4287,403,dashboard_export,4,46,2023-01-07
4288,192,code_assist,6,20,2023-02-08
4289,318,dashboard_export,7,29,2023-03-01
4290,139,chat_completion,4,27,2023-02-15
4291,495,code_assist,3,44,2023-04-14
4292,51,code_assist,3,43,2023-03-05
4293,367,dashboard_export,7,49,2023-04-19
4294,463,code_assist,3,15,2023-01-10
4295,219,code_assist,3,16,2023-04-26
4296,293,code_assist,4,10,2023-05-03
4297,409,dashboard_export,8,13,2023-01-04
4298,321,chat_completion,6,36,2023-01-01
4299,336,dashboard_export,1,39,2023-01-15
4300,382,code_assist,4,8,2023-06-28
4301,336,dashboard_export,3,27,2023-02-01
4302,55,chat_completion,5,47,2023-02-07
4303,391,data_insights,3,8,2023-05-03
4304,180,dashboard_export,3,27,2023-04-16
4305,276,dashboard_export,9,15,2023-03-02
4306,27,data_insights,2,27,2023-06-10
4307,135,data_insights,4,10,2023-05-07
4308,470,dashboard_export,6,13,2023-01-02
4309,437,chat_completion,4,14,2023-05-31
4310,48,chat_completion,7,4,2023-01-22
4311,265,chat_completion,2,44,2023-06-05
4312,85,data_insights,6,45,2023-06-24
4313,259,chat_completion,4,32,2023-04-05
4314,276,data_insights,5,12,2023-03-03
4315,14,dashboard_export,4,49,2023-01-08
4316,405,code_assist,3,22,2023-05-13
4317,435,data_insights,4,36,2023-06-24
4318,411,code_assist,2,4,2023-05-17
4319,425,dashboard_export,4,43,2023-03-02
4320,146,data_insights,0,50,2023-01-19
4321,194,chat_completion,5,2,2023-03-06
4322,62,code_assist,5,25,2023-06-22
4323,490,chat_completion,4,43,2023-06-11
4324,432,data_insights,10,4,2023-01-23
4325,421,code_assist,3,27,2023-01-09
4326,114,data_insights,4,21,2023-03-04
4327,325,dashboard_export,7,30,2023-03-22
4328,481,data_insights,3,28,2023-01-13
4329,27,chat_completion,8,25,2023-01-09
4330,141,data_insights,7,5,2023-06-13
4331,159,data_insights,4,33,2023-01-10
4332,198,dashboard_export,4,28,2023-05-10
4333,178,data_insights,8,30,2023-03-31
4334,106,dashboard_export,5,2,2023-06-11
4335,185,chat_completion,5,36,2023-03-14
4336,266,data_insights,6,21,2023-05-28
4337,231,dashboard_export,3,25,2023-02-19
4338,412,chat_completion,2,36,2023-03-19
4339,390,dashboard_export,7,6,2023-04-14
4340,245,dashboard_export,10,5,2023-06-20
4341,382,dashboard_export,8,32,2023-05-16
4342,280,chat_completion,6,11,2023-02-28
4343,484,chat_completion,2,28,2023-02-03
4344,299,dashboard_export,3,22,2023-04-17
4345,436,data_insights,6,40,2023-06-12
4346,135,code_assist,9,16,2023-02-24
4347,107,dashboard_export,3,50,2023-06-09
4348,377,dashboard_export,6,26,2023-01-30
4349,432,chat_completion,2,37,2023-06-04
4350,392,chat_completion,7,36,2023-04-10
4351,298,chat_completion,10,8,2023-04-03
4352,108,chat_completion,6,35,2023-01-19
4353,215,chat_completion,3,25,2023-05-09
4354,244,code_assist,6,35,2023-01-06
4355,437,code_assist,7,22,2023-04-17
4356,363,code_assist,5,20,2023-01-28
4357,68,data_insights,4,21,2023-04-29
4358,19,data_insights,4,40,2023-04-11
4359,277,chat_completion,4,43,2023-03-19
4360,188,data_insights,8,44,2023-01-11
4361,290,code_assist,3,30,2023-02-13
4362,474,data_insights,0,2,2023-04-20
4363,471,data_insights,5,34,2023-02-21
4364,441,dashboard_export,7,44,2023-01-29
4365,3,data_insights,4,28,2023-03-29
4366,370,chat_completion,3,12,2023-06-22
4367,193,dashboard_export,4,37,2023-03-15
4368,265,chat_completion,3,28,2023-05-15
4369,368,data_insights,2,8,2023-02-10
4370,361,dashboard_export,2,4,2023-02-09
4371,399,code_assist,6,40,2023-04-01
4372,492,dashboard_export,7,12,2023-06-01
4373,340,data_insights,6,41,2023-05-06
4374,105,code_assist,1,25,2023-05-14
4375,284,chat_completion,6,9,2023-03-21
4376,265,dashboard_export,5,6,2023-04-02
4377,324,code_assist,3,29,2023-06-11
4378,332,code_assist,3,9,2023-02-28
4379,158,dashboard_export,7,29,2023-02-16
4380,342,dashboard_export,4,40,2023-05-11
4381,389,code_assist,8,47,2023-06-27
4382,48,data_insights,4,43,2023-04-24
4383,174,chat_completion,2,13,2023-03-12
4384,1,code_assist,1,38,2023-03-07
4385,183,data_insights,5,43,2023-05-05
4386,303,dashboard_export,5,9,2023-05-08
4387,143,dashboard_export,7,28,2023-04-14
4388,71,dashboard_export,2,9,2023-06-26
4389,149,code_assist,5,11,2023-05-17
4390,229,chat_completion,7,30,2023-05-20
4391,307,dashboard_export,6,34,2023-03-12
4392,229,chat_completion,6,36,2023-03-07
4393,302,data_insights,9,21,2023-05-31
4394,399,data_insights,8,50,2023-03-30
4395,274,code_assist,13,22,2023-02-02
4396,439,chat_completion,2,15,2023-03-07
4397,260,data_insights,5,33,2023-02-24
4398,7,code_assist,2,9,2023-01-20
4399,316,code_assist,2,42,2023-01-01
4400,59,chat_completion,5,40,2023-01-18
4401,196,code_assist,5,39,2023-05-28
4402,318,chat_completion,4,43,2023-02-06
4403,289,data_insights,5,38,2023-05-26
4404,144,dashboard_export,4,50,2023-04-11
4405,417,data_insights,7,11,2023-05-25
4406,486,code_assist,7,21,2023-03-01
4407,114,chat_completion,4,4,2023-04-30
4408,161,chat_completion,2,13,2023-05-09
4409,394,dashboard_export,5,18,2023-05-19
4410,51,code_assist,4,16,2023-06-27
4411,387,chat_completion,3,7,2023-05-07
4412,103,chat_completion,6,26,2023-05-12
4413,291,dashboard_export,8,1,2023-01-20
4414,121,code_assist,4,45,2023-05-14
4415,279,code_assist,6,40,2023-03-03
4416,88,chat_completion,4,9,2023-05-31
4417,121,chat_completion,9,11,2023-06-09
4418,207,data_insights,6,8,2023-05-10
4419,330,chat_completion,7,7,2023-06-15
4420,138,code_assist,0,41,2023-04-22
4421,468,dashboard_export,4,11,2023-02-04
4422,266,dashboard_export,4,37,2023-06-08
4423,479,data_insights,1,2,2023-06-03
4424,319,chat_completion,9,4,2023-02-21
4425,470,code_assist,4,50,2023-01-27
4426,8,code_assist,6,28,2023-05-26
4427,213,dashboard_export,4,48,2023-05-16
4428,286,chat_completion,10,3,2023-01-22
4429,222,code_assist,4,29,2023-03-14
4430,12,data_insights,4,14,2023-03-16
4431,48,chat_completion,4,38,2023-04-28
4432,339,dashboard_export,6,31,2023-06-23
4433,321,chat_completion,9,1,2023-01-26
4434,5,chat_completion,2,44,2023-04-16
4435,368,code_assist,8,3,2023-03-24
4436,281,dashboard_export,3,21,2023-03-16
4437,116,data_insights,3,25,2023-03-02
4438,128,dashboard_export,4,29,2023-03-11
4439,180,dashboard_export,5,26,2023-02-24
4440,52,code_assist,5,6,2023-05-16
4441,449,dashboard_export,3,17,2023-02-04
4442,284,code_assist,6,3,2023-04-06
4443,197,dashboard_export,3,42,2023-03-20
4444,251,code_assist,7,19,2023-03-30
4445,191,chat_completion,3,31,2023-02-27
4446,433,dashboard_export,0,16,2023-04-13
4447,214,dashboard_export,5,3,2023-01-18
4448,127,dashboard_export,5,26,2023-03-01
4449,313,dashboard_export,2,14,2023-04-05
4450,331,chat_completion,5,8,2023-04-03
4451,485,code_assist,4,2,2023-02-10
4452,319,dashboard_export,4,35,2023-06-21
4453,428,dashboard_export,6,45,2023-06-17
4454,444,chat_completion,2,23,2023-05-02
4455,154,code_assist,8,35,2023-03-27
4456,203,code_assist,3,7,2023-03-08
4457,74,dashboard_export,7,22,2023-04-27
4458,237,data_insights,6,25,2023-06-03
4459,354,chat_completion,4,22,2023-05-26
4460,445,code_assist,9,20,2023-03-28
4461,54,data_insights,5,43,2023-04-01
4462,209,code_assist,2,38,2023-02-19
4463,281,dashboard_export,6,18,2023-06-13
4464,394,chat_completion,7,2,2023-02-20
4465,423,data_insights,4,2,2023-01-20
4466,448,data_insights,4,5,2023-05-21
4467,475,code_assist,8,22,2023-04-07
4468,362,chat_completion,5,31,2023-02-18
4469,299,dashboard_export,3,27,2023-04-10
4470,461,code_assist,4,28,2023-06-15
4471,149,data_insights,6,25,2023-06-25
4472,187,data_insights,2,23,2023-03-04
4473,249,chat_completion,3,26,2023-01-16
4474,19,dashboard_export,8,41,2023-01-25
4475,344,chat_completion,4,22,2023-01-13
4476,211,chat_completion,11,3,2023-05-27
4477,179,data_insights,11,38,2023-06-11
4478,382,data_insights,4,3,2023-03-03
4479,429,code_assist,4,30,2023-04-13
4480,96,data_insights,4,42,2023-04-04
4481,89,dashboard_export,5,18,2023-03-16
4482,189,chat_completion,6,35,2023-03-03
4483,359,data_insights,5,43,2023-02-27
4484,83,dashboard_export,3,32,2023-02-08
4485,345,code_assist,5,29,2023-01-11
4486,470,data_insights,5,37,2023-02-04
4487,436,chat_completion,6,7,2023-05-07
4488,232,chat_completion,4,24,2023-05-11
4489,445,chat_completion,9,19,2023-05-29
4490,414,code_assist,15,26,2023-06-13
4491,159,chat_completion,2,2,2023-05-14
4492,5,data_insights,11,3,2023-02-17
4493,138,dashboard_export,9,22,2023-04-04
4494,207,data_insights,10,35,2023-01-29
4495,40,code_assist,6,29,2023-03-03
4496,255,data_insights,5,40,2023-03-25
4497,150,chat_completion,7,24,2023-04-04
4498,112,chat_completion,6,9,2023-01-07
4499,231,data_insights,6,38,2023-05-27
4500,426,code_assist,3,21,2023-03-17
4501,156,dashboard_export,5,24,2023-02-16
4502,62,chat_completion,7,1,2023-05-03
4503,14,code_assist,7,8,2023-06-20
4504,232,data_insights,3,40,2023-04-01
4505,174,chat_completion,4,3,2023-01-09
4506,186,code_assist,2,47,2023-02-15
4507,450,dashboard_export,5,5,2023-02-03
4508,350,chat_completion,9,33,2023-06-07
4509,204,chat_completion,6,45,2023-02-22
4510,253,code_assist,2,32,2023-06-14
4511,356,chat_completion,7,41,2023-02-16
4512,409,dashboard_export,6,13,2023-02-09
4513,189,code_assist,7,32,2023-02-10
4514,19,dashboard_export,5,3,2023-03-30
4515,100,chat_completion,3,39,2023-05-04
4516,80,chat_completion,4,36,2023-04-14
4517,404,dashboard_export,9,9,2023-05-19
4518,218,chat_completion,3,17,2023-04-25
4519,241,code_assist,5,4,2023-01-07
4520,38,dashboard_export,5,2,2023-03-27
4521,2,dashboard_export,2,28,2023-06-28
4522,431,code_assist,3,48,2023-03-25
4523,224,code_assist,6,30,2023-06-20
4524,329,dashboard_export,6,47,2023-01-06
4525,121,chat_completion,5,16,2023-06-24
4526,318,code_assist,4,8,2023-05-15
4527,424,chat_completion,6,11,2023-02-12
4528,89,dashboard_export,4,22,2023-02-25
4529,204,data_insights,2,46,2023-01-03
4530,60,code_assist,5,17,2023-06-25
4531,306,dashboard_export,5,20,2023-02-09
4532,33,data_insights,3,19,2023-03-07
4533,178,chat_completion,4,8,2023-04-04
4534,437,code_assist,5,21,2023-05-07
4535,173,chat_completion,7,4,2023-04-22
4536,402,code_assist,6,41,2023-03-22
4537,433,chat_completion,8,47,2023-03-21
4538,336,code_assist,3,25,2023-05-15
4539,393,code_assist,9,9,2023-03-16
4540,425,data_insights,6,46,2023-04-13
4541,454,data_insights,6,41,2023-02-26
4542,227,data_insights,7,25,2023-04-02
4543,148,dashboard_export,5,30,2023-04-01
4544,425,code_assist,5,6,2023-03-01
4545,464,chat_completion,1,5,2023-03-28
4546,423,data_insights,4,22,2023-04-11
4547,194,chat_completion,6,22,2023-04-08
4548,43,dashboard_export,8,18,2023-02-08
4549,181,code_assist,7,40,2023-06-02
4550,112,dashboard_export,4,32,2023-04-16
4551,461,chat_completion,7,8,2023-01-25
4552,120,chat_completion,2,2,2023-04-05
4553,326,dashboard_export,7,24,2023-05-26
4554,432,code_assist,7,9,2023-04-03
4555,60,code_assist,4,25,2023-05-30
4556,260,chat_completion,10,32,2023-01-14
4557,189,code_assist,5,11,2023-05-19
4558,426,data_insights,5,7,2023-06-29
4559,177,data_insights,6,31,2023-02-15
4560,85,code_assist,4,41,2023-02-07
4561,140,dashboard_export,5,18,2023-01-24
4562,30,data_insights,3,12,2023-01-01
4563,363,data_insights,7,49,2023-01-09
4564,63,data_insights,9,37,2023-02-07
4565,9,data_insights,6,19,2023-05-12
4566,418,dashboard_export,4,5,2023-06-17
4567,174,chat_completion,4,7,2023-03-01
4568,391,chat_completion,5,34,2023-05-06
4569,205,code_assist,3,12,2023-01-31
4570,407,chat_completion,2,4,2023-06-21
4571,192,code_assist,10,35,2023-04-10
4572,208,code_assist,4,45,2023-06-03
4573,193,data_insights,4,48,2023-05-07
4574,342,chat_completion,8,20,2023-01-05
4575,339,chat_completion,4,31,2023-04-21
4576,178,data_insights,3,5,2023-02-06
4577,163,data_insights,3,44,2023-05-11
4578,315,dashboard_export,5,31,2023-05-27
4579,320,data_insights,1,45,2023-01-01
4580,311,data_insights,2,16,2023-02-18
4581,389,data_insights,5,37,2023-04-03
4582,370,chat_completion,3,8,2023-05-24
4583,149,data_insights,3,46,2023-05-24
4584,468,code_assist,6,18,2023-01-31
4585,268,data_insights,6,29,2023-04-22
4586,375,chat_completion,2,27,2023-01-30
4587,8,dashboard_export,3,38,2023-05-07
4588,431,code_assist,3,23,2023-02-08
4589,142,code_assist,4,35,2023-05-31
4590,69,data_insights,8,1,2023-02-26
4591,204,data_insights,4,47,2023-04-06
4592,338,code_assist,5,13,2023-04-23
4593,312,code_assist,7,21,2023-05-20
4594,4,chat_completion,2,47,2023-05-14
4595,403,code_assist,2,23,2023-03-08
4596,174,data_insights,8,20,2023-04-24
4597,72,dashboard_export,3,36,2023-01-30
4598,328,chat_completion,5,14,2023-01-29
4599,128,code_assist,5,43,2023-01-25
4600,381,data_insights,10,37,2023-05-04
4601,201,dashboard_export,5,50,2023-02-05
4602,230,dashboard_export,10,4,2023-05-11
4603,454,chat_completion,4,41,2023-02-20
4604,185,data_insights,6,40,2023-06-24
4605,189,data_insights,3,19,2023-05-19
4606,13,data_insights,6,44,2023-06-27
4607,323,chat_completion,4,31,2023-03-02
4608,341,chat_completion,1,26,2023-06-03
4609,209,chat_completion,5,40,2023-04-22
4610,161,chat_completion,4,26,2023-03-20
4611,464,data_insights,7,20,2023-04-10
4612,141,code_assist,7,21,2023-03-19
4613,144,data_insights,4,11,2023-06-27
4614,423,dashboard_export,1,46,2023-04-25
4615,89,chat_completion,5,32,2023-04-10
4616,441,dashboard_export,5,48,2023-04-05
4617,368,chat_completion,7,49,2023-03-19
4618,211,dashboard_export,7,43,2023-06-13
4619,232,dashboard_export,5,6,2023-05-25
4620,361,data_insights,1,14,2023-02-12
4621,202,dashboard_export,2,6,2023-04-14
4622,284,code_assist,7,49,2023-06-24
4623,265,code_assist,4,18,2023-05-28
4624,280,code_assist,6,19,2023-03-12
4625,157,data_insights,5,26,2023-05-29
4626,18,code_assist,4,49,2023-06-16
4627,299,data_insights,12,14,2023-06-09
4628,449,dashboard_export,2,23,2023-02-10
4629,322,code_assist,8,22,2023-01-14
4630,23,code_assist,6,31,2023-06-24
4631,33,dashboard_export,5,26,2023-02-22
4632,94,dashboard_export,1,48,2023-06-27
4633,500,chat_completion,7,49,2023-04-03
4634,309,code_assist,2,16,2023-06-27
4635,208,chat_completion,5,46,2023-01-31
4636,291,data_insights,6,3,2023-04-02
4637,54,data_insights,6,9,2023-02-16
4638,50,dashboard_export,4,50,2023-05-04
4639,100,dashboard_export,3,16,2023-01-30
4640,112,chat_completion,12,32,2023-01-04
4641,476,dashboard_export,9,32,2023-05-16
4642,167,chat_completion,6,22,2023-05-22
4643,334,code_assist,4,31,2023-03-23
4644,278,chat_completion,8,4,2023-06-28
4645,353,data_insights,5,4,2023-06-09
4646,82,code_assist,4,50,2023-02-08
4647,459,code_assist,10,10,2023-01-06
4648,90,data_insights,10,42,2023-06-23
4649,400,code_assist,6,29,2023-03-25
4650,174,code_assist,9,32,2023-01-02
4651,362,dashboard_export,4,4,2023-01-13
4652,494,chat_completion,4,45,2023-04-04
4653,323,dashboard_export,6,23,2023-04-04
4654,331,code_assist,3,9,2023-02-18
4655,460,chat_completion,6,15,2023-02-21
4656,250,data_insights,4,7,2023-02-01
4657,151,code_assist,9,9,2023-06-17
4658,302,code_assist,3,39,2023-05-20
4659,458,dashboard_export,2,34,2023-03-28
4660,377,data_insights,3,48,2023-01-28
4661,302,chat_completion,3,33,2023-06-07
4662,77,dashboard_export,3,19,2023-01-25
4663,352,chat_completion,8,28,2023-02-12
4664,358,dashboard_export,4,17,2023-02-09
4665,485,chat_completion,2,26,2023-03-12
4666,237,dashboard_export,2,13,2023-05-16
4667,51,data_insights,2,9,2023-02-22
4668,232,code_assist,2,21,2023-03-31
4669,156,dashboard_export,7,7,2023-04-13
4670,373,chat_completion,3,24,2023-03-20
4671,360,data_insights,6,41,2023-01-20
4672,311,dashboard_export,5,37,2023-02-09
4673,70,data_insights,10,15,2023-02-03
4674,66,code_assist,1,23,2023-03-10
4675,95,dashboard_export,7,39,2023-05-20
4676,90,data_insights,7,15,2023-02-11
4677,252,chat_completion,9,35,2023-03-28
4678,53,data_insights,8,35,2023-05-18
4679,94,chat_completion,5,8,2023-06-17
4680,199,chat_completion,6,3,2023-04-09
4681,220,code_assist,6,10,2023-01-27
4682,275,chat_completion,3,19,2023-01-05
4683,5,chat_completion,8,50,2023-02-15
4684,98,code_assist,2,40,2023-04-30
4685,14,chat_completion,5,3,2023-05-29
4686,377,code_assist,3,38,2023-01-26
4687,140,chat_completion,7,11,2023-06-27
4688,384,chat_completion,5,20,2023-03-09
4689,406,chat_completion,7,47,2023-06-02
4690,248,code_assist,6,47,2023-06-19
4691,315,dashboard_export,6,47,2023-05-21
4692,316,data_insights,6,44,2023-06-27
4693,16,dashboard_export,7,8,2023-03-18
4694,63,dashboard_export,9,29,2023-04-20
4695,58,dashboard_export,3,24,2023-01-14
4696,129,chat_completion,6,23,2023-06-15
4697,8,chat_completion,3,35,2023-04-16
4698,286,code_assist,4,39,2023-03-23
4699,72,chat_completion,3,36,2023-01-23
4700,377,dashboard_export,2,14,2023-02-06
4701,175,code_assist,5,15,2023-03-30
4702,111,dashboard_export,4,23,2023-05-28
4703,197,code_assist,6,6,2023-01-10
4704,423,code_assist,6,15,2023-04-15
4705,95,data_insights,6,25,2023-03-20
4706,307,dashboard_export,3,22,2023-05-23
4707,445,code_assist,4,13,2023-01-07
4708,258,dashboard_export,2,33,2023-06-08
4709,227,chat_completion,11,37,2023-04-03
4710,499,chat_completion,4,29,2023-06-21
4711,232,code_assist,7,27,2023-02-03
4712,266,chat_completion,4,20,2023-04-17
4713,39,chat_completion,4,48,2023-03-17
4714,144,code_assist,5,11,2023-04-06
4715,410,dashboard_export,5,45,2023-02-13
4716,389,chat_completion,3,19,2023-05-15
4717,462,code_assist,2,35,2023-05-11
4718,465,data_insights,3,31,2023-03-24
4719,86,dashboard_export,7,4,2023-04-20
4720,404,data_insights,3,11,2023-04-27
4721,184,chat_completion,5,25,2023-01-06
4722,402,data_insights,7,37,2023-05-08
4723,180,data_insights,8,47,2023-03-15
4724,303,chat_completion,6,38,2023-06-12
4725,25,code_assist,12,22,2023-02-03
4726,23,code_assist,8,1,2023-05-19
4727,113,code_assist,10,42,2023-04-20
4728,439,code_assist,2,49,2023-02-28
4729,88,data_insights,4,17,2023-01-29
4730,254,data_insights,3,2,2023-06-19
4731,38,dashboard_export,0,38,2023-03-21
4732,269,chat_completion,2,8,2023-01-29
4733,275,data_insights,3,39,2023-04-05
4734,495,chat_completion,4,8,2023-01-06
4735,334,data_insights,4,49,2023-03-11
4736,52,dashboard_export,4,24,2023-02-04
4737,402,data_insights,5,4,2023-05-27
4738,125,dashboard_export,4,34,2023-02-21
4739,293,chat_completion,5,12,2023-01-09
4740,219,dashboard_export,5,30,2023-04-01
4741,22,data_insights,3,6,2023-06-28
4742,320,data_insights,9,21,2023-05-16
4743,399,dashboard_export,9,17,2023-03-02
4744,69,code_assist,3,11,2023-06-19
4745,208,data_insights,8,8,2023-05-10
4746,253,data_insights,9,10,2023-02-17
4747,350,data_insights,8,40,2023-01-01
4748,317,code_assist,1,20,2023-04-24
4749,53,code_assist,3,13,2023-06-09
4750,57,dashboard_export,3,8,2023-02-03
4751,222,dashboard_export,0,12,2023-04-26
4752,277,code_assist,7,14,2023-03-14
4753,413,dashboard_export,6,10,2023-01-23
4754,409,code_assist,3,9,2023-02-19
4755,316,chat_completion,3,1,2023-06-02
4756,365,dashboard_export,2,31,2023-04-02
4757,263,data_insights,7,39,2023-02-22
4758,52,dashboard_export,4,12,2023-04-24
4759,233,code_assist,3,11,2023-06-19
4760,470,data_insights,4,39,2023-06-23
4761,295,code_assist,8,45,2023-01-14
4762,153,code_assist,4,37,2023-04-28
4763,397,dashboard_export,6,47,2023-05-10
4764,420,code_assist,3,32,2023-03-24
4765,460,code_assist,4,30,2023-05-17
4766,209,dashboard_export,4,15,2023-03-06
4767,108,dashboard_export,5,45,2023-05-05
4768,1,code_assist,3,6,2023-02-12
4769,10,code_assist,3,29,2023-02-05
4770,244,chat_completion,11,8,2023-06-19
4771,105,data_insights,6,29,2023-05-15
4772,408,data_insights,9,7,2023-04-30
4773,312,data_insights,3,19,2023-04-29
4774,477,data_insights,7,30,2023-05-10
4775,245,dashboard_export,5,33,2023-04-29
4776,141,chat_completion,6,17,2023-01-08
4777,299,dashboard_export,5,18,2023-06-27
4778,420,data_insights,3,17,2023-04-13
4779,135,chat_completion,6,21,2023-05-05
4780,273,code_assist,7,22,2023-02-28
4781,393,code_assist,6,47,2023-02-11
4782,465,data_insights,6,4,2023-01-07
4783,387,data_insights,4,8,2023-04-13
4784,336,chat_completion,3,40,2023-06-17
4785,150,data_insights,6,20,2023-05-11
4786,337,chat_completion,1,46,2023-05-17
4787,98,chat_completion,1,49,2023-01-11
4788,337,code_assist,6,46,2023-06-04
4789,357,dashboard_export,7,37,2023-04-25
4790,292,code_assist,5,28,2023-03-07
4791,486,chat_completion,6,23,2023-02-02
4792,244,data_insights,7,6,2023-01-30
4793,160,data_insights,4,44,2023-03-14
4794,62,chat_completion,3,45,2023-05-03
4795,442,code_assist,9,27,2023-06-18
4796,340,data_insights,3,11,2023-01-07
4797,263,code_assist,5,44,2023-05-13
4798,153,code_assist,4,16,2023-04-01
4799,424,chat_completion,5,30,2023-05-30
4800,284,code_assist,13,10,2023-03-16
4801,18,dashboard_export,4,47,2023-01-25
4802,51,code_assist,2,7,2023-02-25
4803,1,chat_completion,8,9,2023-01-18
4804,297,code_assist,2,25,2023-03-01
4805,40,data_insights,3,43,2023-01-18
4806,64,dashboard_export,3,10,2023-06-14
4807,76,data_insights,9,15,2023-05-28
4808,224,data_insights,5,4,2023-03-29
4809,210,dashboard_export,8,14,2023-03-10
4810,191,code_assist,5,15,2023-03-29
4811,457,chat_completion,3,28,2023-01-15
4812,473,dashboard_export,4,41,2023-03-26
4813,30,chat_completion,8,15,2023-06-23
4814,163,chat_completion,7,25,2023-01-01
4815,500,code_assist,7,11,2023-06-22
4816,55,chat_completion,3,27,2023-04-30
4817,382,data_insights,5,29,2023-01-22
4818,265,data_insights,1,14,2023-03-10
4819,469,code_assist,3,12,2023-04-23
4820,298,code_assist,5,42,2023-02-24
4821,247,dashboard_export,4,21,2023-05-03
4822,62,chat_completion,3,9,2023-04-28
4823,25,dashboard_export,9,23,2023-02-10
4824,161,chat_completion,2,3,2023-02-25
4825,172,chat_completion,5,22,2023-01-15
4826,330,dashboard_export,1,35,2023-04-28
4827,435,code_assist,3,27,2023-01-07
4828,143,data_insights,3,44,2023-05-22
4829,46,dashboard_export,9,13,2023-03-24
4830,346,code_assist,5,44,2023-02-23
4831,299,dashboard_export,7,11,2023-03-16
4832,423,dashboard_export,2,25,2023-03-10
4833,491,dashboard_export,3,45,2023-01-18
4834,170,dashboard_export,3,8,2023-06-11
4835,216,chat_completion,2,13,2023-01-05
4836,461,code_assist,6,38,2023-03-31
4837,9,chat_completion,6,48,2023-05-14
4838,445,code_assist,9,36,2023-06-13
4839,437,data_insights,5,20,2023-03-31
4840,370,dashboard_export,7,17,2023-01-10
4841,304,data_insights,4,48,2023-03-27
4842,20,chat_completion,5,21,2023-04-26
4843,27,dashboard_export,7,18,2023-04-01
4844,433,dashboard_export,4,18,2023-02-14
4845,73,code_assist,4,32,2023-01-11
4846,112,data_insights,2,31,2023-06-25
4847,196,chat_completion,10,12,2023-05-16
4848,175,chat_completion,8,45,2023-06-09
4849,415,dashboard_export,9,26,2023-06-22
4850,374,code_assist,5,4,2023-01-02
4851,54,data_insights,4,21,2023-05-21
4852,251,dashboard_export,6,7,2023-01-03
4853,485,dashboard_export,2,25,2023-04-03
4854,467,dashboard_export,4,38,2023-05-27
4855,312,chat_completion,9,21,2023-03-09
4856,94,data_insights,1,47,2023-01-04
4857,50,data_insights,6,18,2023-05-13
4858,90,code_assist,5,37,2023-06-20
4859,315,dashboard_export,4,42,2023-03-09
4860,346,data_insights,3,47,2023-01-26
4861,440,code_assist,6,7,2023-03-30
4862,353,dashboard_export,6,37,2023-03-25
4863,331,data_insights,5,20,2023-02-26
4864,470,chat_completion,7,33,2023-06-28
4865,381,code_assist,7,8,2023-05-02
4866,203,data_insights,7,33,2023-01-06
4867,368,data_insights,4,19,2023-03-05
4868,322,chat_completion,7,38,2023-02-01
4869,196,dashboard_export,9,30,2023-05-07
4870,455,data_insights,2,31,2023-06-10
4871,170,dashboard_export,5,46,2023-03-21
4872,362,code_assist,5,39,2023-01-01
4873,313,dashboard_export,2,29,2023-05-18
4874,64,dashboard_export,6,27,2023-02-23
4875,50,dashboard_export,1,37,2023-05-16
4876,283,data_insights,6,23,2023-01-12
4877,68,chat_completion,6,16,2023-06-27
4878,472,code_assist,6,4,2023-06-11
4879,466,dashboard_export,6,33,2023-02-18
4880,190,data_insights,5,48,2023-01-26
4881,410,data_insights,1,11,2023-01-10
4882,298,dashboard_export,9,17,2023-01-15
4883,39,chat_completion,6,24,2023-02-10
4884,176,chat_completion,11,40,2023-03-04
4885,98,chat_completion,5,42,2023-06-23
4886,186,data_insights,7,22,2023-04-11
4887,46,code_assist,5,26,2023-05-17
4888,156,data_insights,3,14,2023-04-08
4889,92,data_insights,4,50,2023-02-09
4890,310,data_insights,5,20,2023-03-30
4891,127,dashboard_export,7,20,2023-06-13
4892,103,chat_completion,5,32,2023-02-02
4893,101,data_insights,7,18,2023-03-23
4894,290,chat_completion,3,43,2023-06-26
4895,453,code_assist,6,10,2023-04-25
4896,54,data_insights,6,11,2023-05-03
4897,28,data_insights,5,30,2023-05-08
4898,203,code_assist,4,10,2023-03-24
4899,137,code_assist,2,30,2023-04-20
4900,483,data_insights,2,44,2023-01-07
4901,315,chat_completion,9,14,2023-04-11
4902,430,chat_completion,10,48,2023-01-19
4903,157,chat_completion,3,18,2023-06-28
4904,296,data_insights,5,19,2023-02-16
4905,104,chat_completion,3,18,2023-03-18
4906,432,data_insights,5,18,2023-02-23
4907,160,data_insights,5,6,2023-03-21
4908,9,dashboard_export,4,43,2023-01-20
4909,301,chat_completion,4,28,2023-02-11
4910,411,chat_completion,7,43,2023-02-17
4911,332,code_assist,6,32,2023-03-13
4912,105,code_assist,5,1,2023-01-27
4913,328,data_insights,9,19,2023-03-04
4914,75,data_insights,6,34,2023-03-14
4915,383,chat_completion,3,37,2023-04-21
4916,162,chat_completion,4,19,2023-05-05
4917,149,data_insights,6,6,2023-02-17
4918,92,chat_completion,5,17,2023-05-18
4919,268,code_assist,3,6,2023-04-19
4920,125,dashboard_export,4,32,2023-03-10
4921,343,code_assist,5,14,2023-06-16
4922,487,dashboard_export,4,14,2023-01-22
4923,466,dashboard_export,5,44,2023-06-24
4924,44,code_assist,7,5,2023-05-24
4925,35,dashboard_export,4,42,2023-02-26
4926,207,data_insights,7,2,2023-02-20
4927,236,chat_completion,10,19,2023-03-23
4928,152,code_assist,2,28,2023-02-06
4929,287,dashboard_export,4,30,2023-02-02
4930,327,code_assist,7,25,2023-05-23
4931,245,code_assist,9,48,2023-02-18
4932,282,data_insights,6,16,2023-06-26
4933,105,dashboard_export,3,13,2023-04-08
4934,422,chat_completion,0,44,2023-06-25
4935,437,dashboard_export,1,1,2023-03-30
4936,93,code_assist,8,38,2023-01-02
4937,496,code_assist,2,47,2023-04-14
4938,201,chat_completion,4,2,2023-02-13
4939,21,dashboard_export,7,40,2023-05-13
4940,282,dashboard_export,4,7,2023-03-10
4941,152,code_assist,8,44,2023-02-04
4942,51,dashboard_export,3,44,2023-06-21
4943,345,code_assist,5,16,2023-03-12
4944,79,chat_completion,3,11,2023-02-16
4945,83,code_assist,5,50,2023-05-08
4946,223,data_insights,7,3,2023-02-02
4947,101,chat_completion,3,28,2023-01-27
4948,363,dashboard_export,5,47,2023-03-14
4949,146,data_insights,4,29,2023-05-13
4950,476,code_assist,2,28,2023-03-25
4951,70,chat_completion,2,45,2023-01-26
4952,352,dashboard_export,0,49,2023-02-25
4953,136,data_insights,6,32,2023-03-25
4954,264,chat_completion,12,37,2023-06-29
4955,58,data_insights,1,28,2023-06-16
4956,64,data_insights,4,30,2023-05-17
4957,431,code_assist,3,41,2023-03-05
4958,429,code_assist,3,45,2023-01-28
4959,296,data_insights,5,19,2023-02-18
4960,306,chat_completion,4,27,2023-06-13
4961,301,dashboard_export,1,45,2023-01-29
4962,191,code_assist,6,22,2023-04-06
4963,267,dashboard_export,5,45,2023-01-10
4964,90,dashboard_export,2,11,2023-06-14
4965,260,data_insights,0,6,2023-02-13
4966,362,data_insights,4,46,2023-06-10
4967,424,chat_completion,5,22,2023-01-21
4968,156,chat_completion,8,26,2023-01-21
4969,364,code_assist,6,39,2023-04-17
4970,470,data_insights,6,42,2023-06-26
4971,96,dashboard_export,4,11,2023-06-24
4972,177,data_insights,10,24,2023-01-01
4973,450,data_insights,4,34,2023-03-08
4974,64,data_insights,4,36,2023-03-03
4975,226,dashboard_export,2,11,2023-04-21
4976,343,chat_completion,8,30,2023-06-16
4977,491,dashboard_export,3,3,2023-02-24
4978,245,chat_completion,4,19,2023-01-10
4979,441,data_insights,6,38,2023-06-06
4980,262,code_assist,6,25,2023-03-11
4981,73,data_insights,8,1,2023-02-05
4982,128,dashboard_export,5,46,2023-02-10
4983,373,data_insights,5,34,2023-04-03
4984,372,data_insights,1,39,2023-02-15
4985,105,data_insights,1,43,2023-03-05
4986,45,data_insights,4,12,2023-06-13
4987,55,dashboard_export,5,25,2023-02-08
4988,92,dashboard_export,7,5,2023-01-05
4989,223,data_insights,5,1,2023-01-19
4990,225,chat_completion,4,28,2023-05-09
4991,304,code_assist,2,6,2023-05-18
4992,42,data_insights,8,47,2023-03-25
4993,273,data_insights,4,42,2023-01-28
4994,213,chat_completion,3,4,2023-03-17
4995,371,dashboard_export,0,39,2023-01-24
4996,361,chat_completion,3,32,2023-01-09
4997,71,chat_completion,6,50,2023-01-03
4998,136,dashboard_export,6,49,2023-04-25
4999,164,chat_completion,7,35,2023-03-09
5000,398,code_assist,6,4,2023-04-01
